family,regime,method,method_class,episodes,one_step_rmse,model_cap_violations_per_seed,unsafe_steps_per_seed,clean_success_rate,avg_return,final_goal_error,max_actual_energy,max_predicted_energy,admitted_action_fraction,mean_energy_margin,mean_abs_action
actuator_saturation,action_latency,adaptive_calibrated_certificate,certificate,96,0.007167031675743584,0.0,0.0,1.0,-0.840668915626302,0.021763315580993797,0.8938324,0.7557352942000001,0.7790179999999994,0.4373879999999992,1.042404000000001
actuator_saturation,action_latency,aggressive_black_box,open,96,0.005550841347507263,50.08973376551623,64.21760739168747,0.0,-3.2456146890487676,0.12564472777746177,1.4771432975318006,1.3161346781008343,1.0,-0.5488880739168744,1.1252039999999977
actuator_saturation,action_latency,calibrated_black_box,open,96,0.005774328038092334,20.653692579008695,27.910395377038768,0.0,-1.9402506570711686,0.06970246735255893,1.1590855573038568,1.0582451138184212,1.0,-0.11471595377038774,1.0376040000000015
actuator_saturation,action_latency,energy_loss_only,regularized,96,0.0062697378915974504,10.330199320707486,14.75742760101069,1.0,-1.502946861463273,0.052030124821802436,1.0420199351965025,0.9456330911908261,1.0,0.06261372398989312,0.9674040000000009
actuator_saturation,action_latency,fixed_nominal_certificate,certificate,96,0.006806902120625666,0.0,0.0,1.0,-0.9181820719274537,0.026077591361196435,0.8938324,0.7539476294000002,0.772618,0.36418799999999935,0.9740039999999984
actuator_saturation,action_latency,hamiltonian_predictor,structured,96,0.010900282904658136,6.3499869434708875,10.24191442495304,1.0,-1.4912668830574303,0.0530342144665391,0.9997700008216994,0.8962938057366536,1.0,0.1333688557504696,0.837204
actuator_saturation,action_latency,mpc_safety_filter,filter,96,0.006959926929568161,0.0,0.0,1.0,-0.9049186645840176,0.026048004117969023,0.8938324,0.7950639198,0.7718180000000007,0.3933880000000009,0.9806039999999997
actuator_saturation,action_latency,oracle_limit_certificate,oracle,96,0.005257589824983437,0.0,0.0,1.0,-0.780084644859765,0.01892840645959544,0.8938324,0.7400932272,0.7851179999999985,0.5601879999999987,1.0925040000000013
actuator_saturation,action_latency,overconfident_certificate,certificate,96,0.005405044849466277,1.7343765835578882,50.18683109049866,0.0,-2.716774812050403,0.10279520421504412,1.3541511274309799,0.9255622955990748,0.5618706756380055,-0.3746803109049865,1.1060039999999989
actuator_saturation,action_latency,passivity_filter,filter,96,0.007369737891597454,0.0,0.0,1.0,-1.074876646625573,0.03532249790008424,0.8938324,0.786572512,0.7563179999999994,0.36768800000000046,0.8378040000000002
actuator_saturation,action_latency,port_hamiltonian_predictor,structured,96,0.0077520738569322655,1.12941915863807,1.6609105274089264,1.0,-1.0871720071974047,0.03511712238817071,0.9190055698927934,0.8372140741723347,1.0,0.2649788947259107,0.8906040000000002
actuator_saturation,action_latency,residual_learned_certificate,certificate,96,0.006546969796030457,0.0,0.0,1.0,-0.814892884773029,0.020867624782596416,0.8938324,0.7539476294000002,0.7808179999999979,0.4483880000000007,1.0616040000000015
actuator_saturation,action_latency,robust_interval_certificate,certificate,96,0.008362301140046975,0.0,0.0,1.0,-1.0019932435004153,0.031395021269499966,0.8938324,0.750819216,0.7527180000000011,0.5051879999999992,0.8969040000000011
actuator_saturation,action_latency,uncertainty_margin_certificate,certificate,96,0.007958205585420588,0.0,0.0,1.0,-0.9464655907930721,0.028265048042023372,0.8938324,0.7526068808,0.7599179999999993,0.483187999999999,0.943703999999998
actuator_saturation,actuator_saturation,adaptive_calibrated_certificate,certificate,96,0.0070874247485949666,0.0,0.0,1.0,-0.8270157919954378,0.021680829094900055,0.8909084,0.7532630522000001,0.7868380000000016,0.4435080000000007,1.0403639999999978
actuator_saturation,actuator_saturation,aggressive_black_box,open,96,0.005393583256486745,46.744191878062765,59.92845112572147,0.0,-3.065141427479762,0.1183521759109296,1.4357812373852759,1.2792810825102807,1.0,-0.49987651125721505,1.1231640000000016
actuator_saturation,actuator_saturation,calibrated_black_box,open,96,0.005637577376090843,18.88116346387866,25.51508576199818,0.0,-1.8334177286767437,0.06562945479259993,1.134182458983064,1.0355085850515375,1.0,-0.08464285761998186,1.0355639999999982
actuator_saturation,actuator_saturation,energy_loss_only,regularized,96,0.006213538227628174,9.184190284101765,13.120271834431096,1.0,-1.431222849739522,0.04901691008939044,1.0235600546141226,0.9288807495623164,1.0,0.08510528165568904,0.9653639999999987
actuator_saturation,actuator_saturation,fixed_nominal_certificate,certificate,96,0.006656942475097166,0.0,0.0,1.0,-0.9171096412077343,0.026203066910721187,0.8909084,0.7514812354000001,0.7804379999999992,0.3703080000000007,0.9719639999999999
actuator_saturation,actuator_saturation,hamiltonian_predictor,structured,96,0.01064311561640071,5.276008351632943,8.509690889730559,1.0,-1.4081960788071382,0.050063983030264075,0.9826020117366774,0.8809027035219313,1.0,0.15681109110269445,0.8351640000000007
actuator_saturation,actuator_saturation,mpc_safety_filter,filter,96,0.006844060640223495,0.0,0.0,1.0,-0.9008139427520688,0.02595049540569934,0.8909084,0.7924630218000001,0.7796379999999998,0.39950800000000014,0.9785640000000012
actuator_saturation,actuator_saturation,oracle_limit_certificate,oracle,96,0.005179691526386463,0.0,0.0,1.0,-0.7691607522194323,0.01915821450036181,0.8909084,0.7376721552000001,0.7929380000000007,0.5663079999999995,1.0904639999999983
actuator_saturation,actuator_saturation,overconfident_certificate,certificate,96,0.005237389702676717,1.6246043966332893,45.9259915824237,0.0,-2.550023897898698,0.09567725260084144,1.313504269345203,0.8977801680974463,0.586734033670305,-0.32595191582423716,1.1039640000000015
actuator_saturation,actuator_saturation,passivity_filter,filter,96,0.007313538227628175,0.0,0.0,1.0,-1.0668117997295028,0.03509244797085759,0.8909084,0.783999392,0.7641380000000012,0.3738079999999999,0.8357639999999987
actuator_saturation,actuator_saturation,port_hamiltonian_predictor,structured,96,0.0076426805456085295,0.5270028524020541,0.7750041947089034,1.0,-1.0460183725081549,0.03323375097156731,0.9079906836425601,0.8271795127983723,1.0,0.2799579580529108,0.8885640000000011
actuator_saturation,actuator_saturation,residual_learned_certificate,certificate,96,0.0064785232982518615,0.0,0.0,1.0,-0.8031239730004126,0.019986653945609792,0.8909084,0.7514812354000001,0.7886380000000002,0.45450799999999947,1.0595639999999988
actuator_saturation,actuator_saturation,robust_interval_certificate,certificate,96,0.008282984419563677,0.0,0.0,1.0,-0.9854521293041604,0.031165533293474587,0.8909084,0.7483630560000001,0.7605379999999985,0.5113079999999998,0.8948639999999987
actuator_saturation,actuator_saturation,uncertainty_margin_certificate,certificate,96,0.007842047948744267,0.0,0.0,1.0,-0.9383372212787603,0.02755215040103175,0.8909084,0.7501448728000001,0.767738,0.4893080000000007,0.9416640000000017
actuator_saturation,cap_loosening,adaptive_calibrated_certificate,certificate,96,0.006517662516495948,0.0,0.0,1.0,-0.7162875928888185,0.021811474205606727,1.10399232,0.9334255065600001,0.8628300000000012,0.5029800000000008,1.020539999999998
actuator_saturation,cap_loosening,aggressive_black_box,open,96,0.0046025558722148086,19.01006740137099,24.371881283808964,0.0,-1.5720707556744593,0.05770842682525404,1.3993159343694608,1.2467904975231896,1.0,-0.08483881283808964,1.1033400000000018
actuator_saturation,cap_loosening,calibrated_black_box,open,96,0.005115898601891169,5.082612664795073,6.8683954929663145,1.0,-0.997870814183334,0.03373250098082153,1.199402318729523,1.0950543170000546,1.0,0.16129604507033685,1.0157399999999985
actuator_saturation,cap_loosening,energy_loss_only,regularized,96,0.005632877951158082,0.5545215245980812,0.7921736065686881,1.0,-0.847744164651059,0.02854158583784326,1.1263009891947917,1.0221181476942736,1.0,0.26785826393431317,0.9455399999999988
actuator_saturation,cap_loosening,fixed_nominal_certificate,certificate,96,0.006111903221553148,0.0,0.0,1.0,-0.805213018750914,0.026188395900907917,1.10399232,0.9312175219200001,0.8564300000000018,0.42978000000000044,0.9521399999999999
actuator_saturation,cap_loosening,hamiltonian_predictor,structured,96,0.009353506273650404,0.005418859579618573,0.008740096096158988,1.0,-0.9752335441324883,0.035093562480840335,1.1051354626501788,0.9907539422658854,1.0,0.3012925990390389,0.8153400000000005
actuator_saturation,cap_loosening,mpc_safety_filter,filter,96,0.006351242646387715,0.0,0.0,1.0,-0.7918708744101401,0.02585121307041828,1.10399232,0.98200116864,0.8556300000000006,0.45897999999999933,0.9587400000000014
actuator_saturation,cap_loosening,oracle_limit_certificate,oracle,96,0.004564457456674319,0.0,0.0,1.0,-0.6565282698026016,0.01802919162748266,1.10399232,0.91410564096,0.8689300000000008,0.6257799999999992,1.0706399999999985
actuator_saturation,cap_loosening,overconfident_certificate,certificate,96,0.004438294712059028,0.5231977814415388,12.081973523035714,1.0,-1.1221364772206348,0.038127750890068625,1.265395159922704,0.8648975918071682,0.7981021059078571,0.07196026476964287,1.0841400000000014
actuator_saturation,cap_loosening,passivity_filter,filter,96,0.006732877951158082,0.0,0.0,1.0,-0.9626988861332427,0.0355748907066765,1.10399232,0.9715132416,0.8401300000000008,0.4332800000000008,0.8159399999999989
actuator_saturation,cap_loosening,port_hamiltonian_predictor,structured,96,0.007096542349600236,0.0,0.0,1.0,-0.9038892831725954,0.031961764170835974,1.10399232,1.00573700352,1.0,0.3471800000000007,0.8687400000000013
actuator_saturation,cap_loosening,residual_learned_certificate,certificate,96,0.005919826946573098,0.0,0.0,1.0,-0.6982860956615017,0.020806827441565496,1.10399232,0.9312175219200001,0.8646300000000001,0.5139799999999989,1.039739999999999
actuator_saturation,cap_loosening,robust_interval_certificate,certificate,96,0.007686135849819889,0.0,0.0,1.0,-0.8782392297423969,0.03133400938757446,1.10399232,0.9273535488,0.8365300000000006,0.5707799999999993,0.8750399999999989
actuator_saturation,cap_loosening,uncertainty_margin_certificate,certificate,96,0.007273133694602471,0.0,0.0,1.0,-0.8321151010427839,0.02805672790495638,1.10399232,0.92956153344,0.8437299999999991,0.5487800000000006,0.9218400000000018
actuator_saturation,cap_tightening,adaptive_calibrated_certificate,certificate,96,0.0068278316757435864,0.0,0.0,1.0,-0.8117409156263024,0.021763315580993797,0.6379617599999999,0.5393966680800001,0.7998099999999995,0.45365999999999945,1.03698
actuator_saturation,cap_tightening,aggressive_black_box,open,96,0.005157258313671424,40.73089330030947,52.21909397475573,0.0,-2.7501364933447943,0.10524725496867775,0.9825247140102542,0.8754295201831365,1.0,-0.4126309397475573,1.1197800000000018
actuator_saturation,cap_tightening,calibrated_black_box,open,96,0.005435128038092338,15.584034876201642,21.059506589461673,0.2916666666666667,-1.644932697455021,0.05805595641367791,0.7853036583645557,0.7169822400868394,1.0,-0.029935065894616756,1.0321799999999979
actuator_saturation,cap_tightening,energy_loss_only,regularized,96,0.005930537891597448,6.838882509604911,9.769832156578445,1.0,-1.28008120020197,0.043551212566267594,0.7123123732467807,0.6464234787214534,1.0,0.1287616784342156,0.9619799999999982
actuator_saturation,cap_tightening,fixed_nominal_certificate,certificate,96,0.0064677021206256645,0.0,0.0,1.0,-0.8892540719274536,0.026077591361196435,0.6379617599999999,0.53812074456,0.7934100000000001,0.3804599999999996,0.9685800000000017
actuator_saturation,cap_tightening,hamiltonian_predictor,structured,96,0.01030625388190076,3.7036398480681485,5.973612658174431,1.0,-1.2963702371580104,0.04577810146301545,0.686234270469642,0.6152090234760341,1.0,0.19232387341825563,0.8317799999999994
actuator_saturation,cap_tightening,mpc_safety_filter,filter,96,0.006620726929568163,0.0,0.0,1.0,-0.8759906645840175,0.026048004117969023,0.6379617599999999,0.56746698552,0.7926100000000007,0.4096600000000001,0.9751799999999992
actuator_saturation,cap_tightening,oracle_limit_certificate,oracle,96,0.004918389824983438,0.0,0.0,1.0,-0.7511566448597647,0.01892840645959544,0.6379617599999999,0.52823233728,0.8059099999999986,0.5764599999999992,1.08708
actuator_saturation,cap_tightening,overconfident_certificate,certificate,96,0.005014186170159459,1.4173575164244072,38.59065335505353,0.0,-2.236941036985357,0.08308170206478747,0.8962759715388768,0.6126046265468224,0.6290473865797858,-0.2424465335505354,1.100579999999998
actuator_saturation,cap_tightening,passivity_filter,filter,96,0.0070305378915974485,0.0,0.0,1.0,-1.0459486466255734,0.03532249790008424,0.6379617599999999,0.5614063488,0.7771099999999994,0.38395999999999947,0.8323800000000005
actuator_saturation,cap_tightening,port_hamiltonian_predictor,structured,96,0.007412873856932266,0.07314916535026775,0.10757230198568786,1.0,-0.9978440036400479,0.0324764474049512,0.6411845706873626,0.5841191438961874,1.0,0.29678427698014304,0.8851800000000004
actuator_saturation,cap_tightening,residual_learned_certificate,certificate,96,0.006207769796030459,0.0,0.0,1.0,-0.7859648847730295,0.020867624782596416,0.6379617599999999,0.53812074456,0.801609999999998,0.46466000000000013,1.0561799999999986
actuator_saturation,cap_tightening,robust_interval_certificate,certificate,96,0.008023101140046972,0.0,0.0,1.0,-0.9730652435004158,0.031395021269499966,0.6379617599999999,0.5358878784,0.7735100000000013,0.5214599999999995,0.891480000000001
actuator_saturation,cap_tightening,uncertainty_margin_certificate,certificate,96,0.007619005585420589,0.0,0.0,1.0,-0.917537590793073,0.028265048042023372,0.6379617599999999,0.53716380192,0.7807099999999992,0.4994599999999993,0.9382800000000012
actuator_saturation,combined_shift,adaptive_calibrated_certificate,certificate,96,0.008531831675743591,0.0,0.0,1.0,-1.216092915626302,0.021763315580993797,0.815676632,0.6896545923560001,0.5091820000000006,0.22621200000000022,1.112796000000002
actuator_saturation,combined_shift,aggressive_black_box,open,96,0.008373643667679448,124.79999999999986,160.0,0.0,-7.34544124323039,0.28847479521159314,1.943996632,1.732100999112,1.0,-1.7178879999999983,1.1955959999999985
actuator_saturation,combined_shift,calibrated_black_box,open,96,0.007139128038092337,101.3894560419525,137.01277843507097,0.0,-6.558011719899695,0.25517651855121376,1.8126763890985784,1.654973543247002,1.0,-1.41691578435071,1.107996
actuator_saturation,combined_shift,energy_loss_only,regularized,96,0.007634537891597453,67.79016053167527,96.84308647382188,0.0,-5.070189621073662,0.19157574490558138,1.5264541184163487,1.3852571124628366,1.0,-0.9694188647382186,1.037796
actuator_saturation,combined_shift,fixed_nominal_certificate,certificate,96,0.008171702120625667,0.9191041803729058,15.11684507192279,0.7604166666666666,-1.881409475704099,0.05177622798346512,0.9397696512542522,0.7926957008329618,0.44231461971230884,0.0018435492807721214,1.0443960000000017
actuator_saturation,combined_shift,hamiltonian_predictor,structured,96,0.01520244654528184,51.89017136720239,83.69382478581035,0.0,-4.722794965529007,0.1779024620799964,1.4305561965234823,1.282493630183302,1.0,-0.8123262478581029,0.9075959999999991
actuator_saturation,combined_shift,mpc_safety_filter,filter,96,0.008324726929568161,5.482407968316768,9.790014229137082,1.0,-1.6610175778697835,0.042691028307502064,0.9009779409209014,0.8014198784491419,0.46282194308345165,0.08431185770862921,1.0509959999999987
actuator_saturation,combined_shift,oracle_limit_certificate,oracle,96,0.006622389824983439,0.0,0.0,1.0,-1.1555086448597651,0.01892840645959544,0.815676632,0.675380251296,0.5152819999999992,0.34901199999999927,1.1628960000000024
actuator_saturation,combined_shift,overconfident_certificate,certificate,96,0.008192490834091525,2.0480000000000014,160.0,0.0,-7.362174071927453,0.28947759136119644,1.943996632,1.328721697972,0.059999999999999915,-1.6839879999999996,1.176395999999998
actuator_saturation,combined_shift,passivity_filter,filter,96,0.008734537891597451,8.438278005827314,16.87655601165463,0.0,-2.1065286505827516,0.0640126431198971,0.9527170517500907,0.8383910055400798,0.4189757759533814,-0.012253560116546205,0.9081959999999998
actuator_saturation,combined_shift,port_hamiltonian_predictor,structured,96,0.009116873856932267,35.061073902911964,51.56040279839994,0.0,-3.4028878646626173,0.11994625924885542,1.2001044265177807,1.0932951325576983,1.0,-0.4451920279839994,0.960995999999999
actuator_saturation,combined_shift,residual_learned_certificate,certificate,96,0.00791176979603046,0.0,0.0,1.0,-1.1903168847730297,0.020867624782596416,0.815676632,0.688023239092,0.510981999999999,0.23721199999999978,1.1319960000000007
actuator_saturation,combined_shift,robust_interval_certificate,certificate,96,0.009727101140046969,0.0,0.0,0.75,-1.3774172435004157,0.031395021269499966,0.815676632,0.68516837088,0.4828819999999989,0.29401199999999955,0.9672960000000007
actuator_saturation,combined_shift,uncertainty_margin_certificate,certificate,96,0.00932300558542059,0.0,0.0,1.0,-1.3218895907930726,0.028265048042023372,0.815676632,0.686799724144,0.4900820000000006,0.2720120000000001,1.0140959999999988
actuator_saturation,contact_surprise,adaptive_calibrated_certificate,certificate,96,0.00743470778281764,0.0,0.0,1.0,-0.9358736250785523,0.021986387056697778,0.846647296,0.7158402887680001,0.7083159999999982,0.38205599999999934,1.0608479999999973
actuator_saturation,contact_surprise,aggressive_black_box,open,96,0.006152978737000593,96.77452809923194,124.0699078195281,0.0,-5.668256785741227,0.22783688582639886,1.8591151025031187,1.6564715563302788,1.0,-1.2027430781952817,1.143647999999999
actuator_saturation,contact_surprise,calibrated_black_box,open,96,0.006043652322965536,45.03153149748551,60.853420942547984,0.0,-3.316552510016733,0.12614885813553253,1.3538943369219025,1.236105529609697,1.0,-0.49947820942548016,1.0560480000000008
actuator_saturation,contact_surprise,energy_loss_only,regularized,96,0.006547959870845404,27.176670485089023,38.82381497869861,0.0,-2.5411032365524626,0.0930711113524992,1.176084649601309,1.067296819513188,1.0,-0.23338214978698615,0.9858480000000006
actuator_saturation,contact_surprise,fixed_nominal_certificate,certificate,96,0.007042195293187954,0.0,0.0,1.0,-1.018955072620108,0.026866667509769345,0.846647296,0.7141469941760001,0.7019159999999988,0.3088559999999996,0.9924479999999996
actuator_saturation,contact_surprise,hamiltonian_predictor,structured,96,0.011764548871794457,19.247851593562203,31.044921925100322,0.0,-2.395221969281407,0.0885756334672362,1.1149358383187562,0.999539979052765,1.0,-0.12999321925100324,0.8556480000000012
actuator_saturation,contact_surprise,mpc_safety_filter,filter,96,0.007240330326482876,0.0,0.0,1.0,-1.013869164580093,0.02555318863113169,0.846647296,0.753092769792,0.7011159999999994,0.3380560000000008,0.999048000000001
actuator_saturation,contact_surprise,oracle_limit_certificate,oracle,96,0.005511140742914614,0.0,0.0,1.0,-0.8770752219767034,0.01824464266503402,0.846647296,0.701023961088,0.7144159999999999,0.504855999999999,1.1109479999999976
actuator_saturation,contact_surprise,overconfident_certificate,certificate,96,0.005966400517614264,2.916408629045972,107.29664428736366,0.0,-5.038205789089953,0.20067096279828744,1.7268950336978581,1.180332755532486,0.2627294228505456,-1.0011104428736362,1.1244480000000008
actuator_saturation,contact_surprise,passivity_filter,filter,96,0.007647959870845402,0.006314398479929112,0.012628796959858224,1.0,-1.1777266730617326,0.03547209484354333,0.8480974487059643,0.7463257548612485,0.6855654848121616,0.3122297120304017,0.8562479999999991
actuator_saturation,contact_surprise,port_hamiltonian_predictor,structured,96,0.008019407285152167,9.737280296254509,14.3195298474331,1.0,-1.6801770370575113,0.05638689633565261,0.9782840157022917,0.8912167383047878,1.0,0.08306070152566893,0.9090479999999989
actuator_saturation,contact_surprise,residual_learned_certificate,certificate,96,0.0068681761459665315,0.0,0.0,1.0,-0.9124407279044049,0.020700742614992197,0.846647296,0.7141469941760001,0.7101159999999994,0.3930560000000007,1.0800480000000015
actuator_saturation,contact_surprise,robust_interval_certificate,certificate,96,0.008643971299146081,0.0,0.0,1.0,-1.0984159066222356,0.031412007580838994,0.846647296,0.71118372864,0.6820159999999991,0.44985599999999953,0.9153479999999994
actuator_saturation,contact_surprise,uncertainty_margin_certificate,certificate,96,0.008283790563009739,0.0,0.0,1.0,-1.0469981958542147,0.02902982086678957,0.846647296,0.7128770232320001,0.6892160000000014,0.4278559999999991,0.9621479999999992
actuator_saturation,mild_damping_loss,adaptive_calibrated_certificate,certificate,96,0.007435251069610439,0.0,0.0,1.0,-0.7786524228224222,0.02216863146136022,0.876684,0.7412363220000001,0.8248799999999988,0.4732800000000006,1.030439999999999
actuator_saturation,mild_damping_loss,aggressive_black_box,open,96,0.005545153249773497,35.097676794790154,44.99702153178228,0.0,-2.4317149157644518,0.09311085746975167,1.2903731799543599,1.1497225033393346,1.0,-0.32079021531782276,1.1132400000000013
actuator_saturation,mild_damping_loss,calibrated_black_box,open,96,0.006041538410594425,13.67680234965441,18.482165337370834,0.78125,-1.5071168475009566,0.05381560193925225,1.0570518444970083,0.9650883340257685,1.0,0.01545834662629175,1.0256399999999992
actuator_saturation,mild_damping_loss,energy_loss_only,regularized,96,0.0065604040614872,5.973325520827342,8.533322172610493,1.0,-1.197839307155179,0.041133748314331725,0.9680700827043062,0.878523600054158,1.0,0.16074677827389508,0.9554399999999995
actuator_saturation,mild_damping_loss,fixed_nominal_certificate,certificate,96,0.0070034829013792405,0.0,0.0,1.0,-0.8546648421274349,0.026105561318240628,0.876684,0.7394829540000002,0.8184799999999993,0.40007999999999994,0.9620400000000008
actuator_saturation,mild_damping_loss,hamiltonian_predictor,structured,96,0.010818490193931897,3.063364806409835,4.9409109780803835,1.0,-1.2153303607227686,0.043798246342687065,0.9347126403263922,0.8379698820526107,1.0,0.22227089021919613,0.8252399999999994
actuator_saturation,mild_damping_loss,mpc_safety_filter,filter,96,0.00721915688791894,0.0,0.0,1.0,-0.8465913732287618,0.025670811211854706,0.876684,0.7798104180000001,0.8176800000000002,0.4292799999999992,0.9686399999999984
actuator_saturation,mild_damping_loss,oracle_limit_certificate,oracle,96,0.0054638559962320735,0.0,0.0,1.0,-0.7136606910457134,0.018897401280843454,0.876684,0.7258943520000001,0.8309799999999982,0.5960800000000005,1.0805399999999994
actuator_saturation,mild_damping_loss,overconfident_certificate,certificate,96,0.005346395944019556,1.250023756129255,31.771648945944865,0.0,-1.9372016397415557,0.07151736452634688,1.1717860558049542,0.8009157691426863,0.6813934042162205,-0.15463648945944872,1.0940400000000026
actuator_saturation,mild_damping_loss,passivity_filter,filter,96,0.007660404061487196,0.0,0.0,1.0,-1.0117872077953929,0.035007100620893884,0.876684,0.77148192,0.8021799999999987,0.40358000000000027,0.8258399999999996
actuator_saturation,mild_damping_loss,port_hamiltonian_predictor,structured,96,0.00800896370003255,0.033593748123100724,0.04940257076926577,1.0,-0.9639475833581851,0.03235948383507313,0.8796470746206163,0.8013584849793814,1.0,0.3169859742923072,0.8786400000000002
actuator_saturation,mild_damping_loss,residual_learned_certificate,certificate,96,0.00683949711122768,0.0,0.0,1.0,-0.7467368776117039,0.02063715091132046,0.876684,0.7394829540000002,0.8266800000000004,0.4842799999999989,1.0496399999999977
actuator_saturation,mild_damping_loss,robust_interval_certificate,certificate,96,0.008629807773489956,0.0,0.0,1.0,-0.9326076896550005,0.031281324453875596,0.876684,0.73641456,0.7985800000000008,0.5410800000000008,0.8849400000000002
actuator_saturation,mild_damping_loss,uncertainty_margin_certificate,certificate,96,0.00823361859760492,0.0,0.0,1.0,-0.885522778424746,0.02806872357114692,0.876684,0.7381679280000001,0.805779999999999,0.5190800000000005,0.9317400000000008
actuator_saturation,nominal,adaptive_calibrated_certificate,certificate,96,0.006439189014122926,0.0,0.0,1.0,-0.7113098331187436,0.021514601896426327,0.86,0.72713,0.8695000000000012,0.5082000000000004,1.018799999999999
actuator_saturation,nominal,aggressive_black_box,open,96,0.004526277252929162,16.613200790174755,21.29897537201891,0.28125,-1.4422064545566817,0.05203685507690409,1.065463016277214,0.9493275475029977,1.0,-0.04888975372018911,1.1016000000000015
actuator_saturation,nominal,calibrated_black_box,open,96,0.005057846566161455,3.9233819567843486,5.301867509168039,1.0,-0.9265805124175892,0.030621771710057605,0.9214996187542258,0.8413291519226082,1.0,0.18218132490831962,1.0139999999999993
actuator_saturation,nominal,energy_loss_only,regularized,96,0.005491812372248313,0.27501324286906076,0.3928760612415154,1.0,-0.8252617783374934,0.027309686332690094,0.870093045190095,0.7896094385100113,1.0,0.2770712393875846,0.9437999999999999
actuator_saturation,nominal,fixed_nominal_certificate,certificate,96,0.006017545218809498,0.0,0.0,1.0,-0.7974109762393221,0.02627926093713391,0.86,0.7254100000000001,0.8631000000000015,0.4350000000000001,0.9504000000000009
actuator_saturation,nominal,hamiltonian_predictor,structured,96,0.009281341781980331,0.0,0.0,1.0,-0.9633313349335623,0.0353167286810191,0.86,0.7709900000000001,1.0,0.3065999999999996,0.8135999999999993
actuator_saturation,nominal,mpc_safety_filter,filter,96,0.006255582619124838,0.0,0.0,1.0,-0.7832019914518638,0.025845064164412568,0.86,0.76497,0.8623000000000003,0.4642000000000001,0.9569999999999985
actuator_saturation,nominal,oracle_limit_certificate,oracle,96,0.004571519443699258,0.0,0.0,1.0,-0.652492961684187,0.01795131692875383,0.86,0.71208,0.8756000000000007,0.6310000000000001,1.0688999999999995
actuator_saturation,nominal,overconfident_certificate,certificate,96,0.0043340361750476,0.43975735897798535,9.994485431317846,1.0,-1.0331645477506848,0.034669886170374246,0.9640451313522204,0.6589248472792426,0.8131220582747286,0.09805514568682155,1.0824000000000027
actuator_saturation,nominal,passivity_filter,filter,96,0.006591812372248312,0.0,0.0,1.0,-0.9557427855721786,0.03502179702857953,0.86,0.7568,0.8468000000000013,0.43849999999999983,0.8141999999999997
actuator_saturation,nominal,port_hamiltonian_predictor,structured,96,0.007007530270289633,0.0,0.0,1.0,-0.8996059275735399,0.0315299321309242,0.86,0.78346,1.0,0.35239999999999977,0.8670000000000003
actuator_saturation,nominal,residual_learned_certificate,certificate,96,0.005831625405971474,0.0,0.0,1.0,-0.689694462370532,0.021459326027445953,0.86,0.7254100000000001,0.8713000000000006,0.5191999999999997,1.0379999999999978
actuator_saturation,nominal,robust_interval_certificate,certificate,96,0.0076357989922008615,0.0,0.0,1.0,-0.8764562103580101,0.03157972704961912,0.86,0.7224,0.8432000000000003,0.5760000000000004,0.8733000000000003
actuator_saturation,nominal,uncertainty_margin_certificate,certificate,96,0.007287074510157449,0.0,0.0,1.0,-0.821485681523438,0.028864221581619404,0.86,0.7241200000000001,0.8503999999999988,0.5540000000000004,0.9201000000000009
actuator_saturation,payload_decrease,adaptive_calibrated_certificate,certificate,96,0.0070891077828176404,0.0,0.0,1.0,-0.7578896250785528,0.021986387056697778,0.8724355999999999,0.7376442998,0.836241999999999,0.4821719999999991,1.0274759999999976
actuator_saturation,payload_decrease,aggressive_black_box,open,96,0.005202367564234574,29.806055523851786,38.2128916972459,0.0,-2.151808570842405,0.08187995841851894,1.2260062427715153,1.0923715623094201,1.0,-0.24405691697245882,1.1102759999999992
actuator_saturation,payload_decrease,calibrated_black_box,open,96,0.005698052322965536,10.725016418509362,14.493265430418056,1.0,-1.3359002230830708,0.047336593764911616,1.0166970651372724,0.9282444204703297,1.0,0.06423934569581939,1.0226760000000006
actuator_saturation,payload_decrease,energy_loss_only,regularized,96,0.006202359870845404,3.96173130222682,5.6596161460383145,1.0,-1.0735625291432993,0.036691973336976734,0.9361846672280749,0.8495875855094781,1.0,0.19837583853961693,0.9524760000000004
actuator_saturation,payload_decrease,fixed_nominal_certificate,certificate,96,0.006696595293187957,0.0,0.0,1.0,-0.840971072620108,0.026866667509769345,0.8724355999999999,0.7358994286,0.8298419999999994,0.4089719999999993,0.9590759999999997
actuator_saturation,payload_decrease,hamiltonian_predictor,structured,96,0.010266760620150717,1.581868226770858,2.5514003657594486,1.0,-1.109295876967997,0.04013664681635671,0.9079012076711122,0.8139334326771521,1.0,0.2550579963424054,0.822276000000001
actuator_saturation,payload_decrease,mpc_safety_filter,filter,96,0.0068947303264828745,0.0,0.0,1.0,-0.8358851645800929,0.02555318863113169,0.8724355999999999,0.7760314662,0.8290420000000008,0.4381720000000009,0.965676000000001
actuator_saturation,payload_decrease,oracle_limit_certificate,oracle,96,0.005165540742914613,0.0,0.0,1.0,-0.6990912219767035,0.01824464266503402,0.8724355999999999,0.7223766768,0.8423420000000011,0.6049719999999984,1.0775759999999976
actuator_saturation,payload_decrease,overconfident_certificate,certificate,96,0.005035958416841462,1.013261985296643,25.000542450373132,0.0,-1.660220165260416,0.06076758967540363,1.1110952356397583,0.7594335935597748,0.7198398301985075,-0.07803342450373112,1.0910760000000008
actuator_saturation,payload_decrease,passivity_filter,filter,96,0.007302359870845405,0.0,0.0,1.0,-0.9992516149207454,0.03545062588871156,0.8724355999999999,0.7677433279999999,0.8135419999999987,0.41247200000000045,0.8228759999999994
actuator_saturation,payload_decrease,port_hamiltonian_predictor,structured,96,0.007673807285152168,0.0,0.0,1.0,-0.9453924384699218,0.03204369559501632,0.8724355999999999,0.7947888315999999,1.0,0.32637199999999944,0.875675999999999
actuator_saturation,payload_decrease,residual_learned_certificate,certificate,96,0.006522576145966533,0.0,0.0,1.0,-0.7344567279044049,0.020700742614992197,0.8724355999999999,0.7358994286,0.8380420000000011,0.4931720000000008,1.0466760000000013
actuator_saturation,payload_decrease,robust_interval_certificate,certificate,96,0.00829837129914609,0.0,0.0,1.0,-0.9204319066222352,0.031412007580838994,0.8724355999999999,0.7328459039999999,0.8099420000000008,0.5499719999999989,0.8819759999999995
actuator_saturation,payload_decrease,uncertainty_margin_certificate,certificate,96,0.007938190563009736,0.0,0.0,1.0,-0.8690141958542138,0.02902982086678957,0.8724355999999999,0.7345907751999999,0.8171419999999996,0.5279719999999989,0.9287759999999993
actuator_saturation,payload_increase,adaptive_calibrated_certificate,certificate,96,0.007314707782817641,0.0,0.0,1.0,-0.7946256250785527,0.021986387056697778,0.8823084000000001,0.7459917522000002,0.8098379999999993,0.46150800000000003,1.0343639999999976
actuator_saturation,payload_increase,aggressive_black_box,open,96,0.005523524232636335,39.916152751947315,51.17455481018891,0.0,-2.69254587932608,0.10391478571052204,1.3492365814416107,1.202169794064475,1.0,-0.394337548101889,1.1171640000000016
actuator_saturation,payload_increase,calibrated_black_box,open,96,0.005923652322965535,15.922834751167445,21.517344258334372,0.1875,-1.6457605042277699,0.059277527772369366,1.0889823826007248,0.9942409153144618,1.0,-0.026665442583343805,1.0295639999999981
actuator_saturation,payload_increase,energy_loss_only,regularized,96,0.006427959870845404,7.35970404248081,10.513862917829728,1.0,-1.299051060617637,0.044944192849022124,0.9902457664348973,0.8986480330396693,1.0,0.12916937082170274,0.9593639999999986
actuator_saturation,payload_increase,fixed_nominal_certificate,certificate,96,0.006922195293187955,0.0,0.0,1.0,-0.8777070726201082,0.026866667509769345,0.8823084000000001,0.7442271354000002,0.803438,0.3883079999999997,0.9659639999999997
actuator_saturation,payload_increase,hamiltonian_predictor,structured,96,0.010759818023571746,4.013142575125701,6.472810605041456,1.0,-1.2985119927122382,0.046803044223136116,0.9547832079717881,0.8559631459467081,1.0,0.19517989394958546,0.8291640000000005
actuator_saturation,payload_increase,mpc_safety_filter,filter,96,0.007120330326482879,0.0,0.0,1.0,-0.8726211645800933,0.02555318863113169,0.8823084000000001,0.7848133218000002,0.8026380000000013,0.41750800000000016,0.972564000000001
actuator_saturation,payload_increase,oracle_limit_certificate,oracle,96,0.005391140742914612,0.0,0.0,1.0,-0.735827221976704,0.01824464266503402,0.8823084000000001,0.7305513552000001,0.8159380000000014,0.584308,1.084463999999998
actuator_saturation,payload_increase,overconfident_certificate,certificate,96,0.005352952177179897,1.408133083662542,37.277444080185056,0.0,-2.1743312082340247,0.08163832244608392,1.229016473691153,0.8400327597679031,0.6443282236792596,-0.2214664408018506,1.0979640000000013
actuator_saturation,payload_increase,passivity_filter,filter,96,0.007527959870845403,0.0,0.0,1.0,-1.0359876149207456,0.03545062588871156,0.8823084000000001,0.7764313920000001,0.7871379999999991,0.39180799999999993,0.8297639999999986
actuator_saturation,payload_increase,port_hamiltonian_predictor,structured,96,0.007899407285152166,0.17820532252120613,0.2620666507664796,1.0,-0.9923186381183259,0.03248920890131932,0.8911566729625189,0.8118437290688547,1.0,0.3030873334923349,0.8825640000000011
actuator_saturation,payload_increase,residual_learned_certificate,certificate,96,0.006748176145966535,0.0,0.0,1.0,-0.7711927279044053,0.020700742614992197,0.8823084000000001,0.7442271354000002,0.8116380000000009,0.4725079999999997,1.0535639999999986
actuator_saturation,payload_increase,robust_interval_certificate,certificate,96,0.008523971299146088,0.0,0.0,1.0,-0.957167906622235,0.031412007580838994,0.8823084000000001,0.7411390560000002,0.7835379999999992,0.5293080000000002,0.8888639999999991
actuator_saturation,payload_increase,uncertainty_margin_certificate,certificate,96,0.008163790563009738,0.0,0.0,1.0,-0.9057501958542146,0.02902982086678957,0.8823084000000001,0.7429036728000001,0.7907379999999998,0.5073080000000013,0.9356640000000015
actuator_saturation,sensor_noise,adaptive_calibrated_certificate,certificate,96,0.0065067901396222115,0.0,0.0,1.0,-0.7607878145915121,0.021939087067197858,0.8736740000000001,0.7386913670000002,0.8329300000000001,0.4795799999999992,1.02834
actuator_saturation,sensor_noise,aggressive_black_box,open,96,0.004725292039524455,28.41903789688354,36.434663970363516,0.0,-2.084724976799634,0.07854137185555536,1.2099937051446523,1.0781043912838852,1.0,-0.22886663970363516,1.111140000000002
actuator_saturation,sensor_noise,calibrated_black_box,open,96,0.005102604377790125,9.426544773166608,12.73857401779271,1.0,-1.269731815083871,0.044038018936184926,1.0009192394004187,0.9138392655725823,1.0,0.0791942598220729,1.0235399999999981
actuator_saturation,sensor_noise,energy_loss_only,regularized,96,0.005646497473911227,2.648938036854677,3.784197195506682,1.0,-1.0028764963436727,0.03300327733250601,0.9230466078691515,0.837664796641255,1.0,0.21453802804493324,0.9533399999999984
actuator_saturation,sensor_noise,fixed_nominal_certificate,certificate,96,0.00613996746842121,0.0,0.0,1.0,-0.8496797898596506,0.026501868337451027,0.8736740000000001,0.7369440190000002,0.82653,0.40637999999999935,0.9599400000000019
actuator_saturation,sensor_noise,hamiltonian_predictor,structured,96,0.009614257658570817,0.7733619627710757,1.2473580044694763,1.0,-1.0617558228086807,0.03744855624115823,0.8963366376801201,0.8035657956802277,1.0,0.26550641995530516,0.8231399999999996
actuator_saturation,sensor_noise,mpc_safety_filter,filter,96,0.006342908590574143,0.0,0.0,1.0,-0.8340374837032113,0.02613274519251721,0.8736740000000001,0.7771330230000001,0.8257299999999986,0.43558000000000097,0.9665399999999988
actuator_saturation,sensor_noise,oracle_limit_certificate,oracle,96,0.004647670820125713,0.0,0.0,1.0,-0.6995196908407032,0.018641249830340628,0.8736740000000001,0.7234020720000001,0.8390299999999993,0.6023799999999985,1.0784400000000003
actuator_saturation,sensor_noise,overconfident_certificate,certificate,96,0.00459052784368318,0.9368572189659888,23.31418522212793,0.0,-1.6033565680368733,0.0575359832150685,1.0971449994682412,0.7498986071365429,0.7232732591114885,-0.06376185222127918,1.0919399999999981
actuator_saturation,sensor_noise,passivity_filter,filter,96,0.006746497473911228,0.0,0.0,1.0,-1.0014893725935912,0.034950142100144646,0.8736740000000001,0.76883312,0.8102299999999998,0.4098800000000005,0.8237400000000007
actuator_saturation,sensor_noise,port_hamiltonian_predictor,structured,96,0.007120371631648679,0.0,0.0,1.0,-0.9510603819794289,0.03228755144826229,0.8736740000000001,0.795917014,1.0,0.3237799999999995,0.8765400000000007
actuator_saturation,sensor_noise,residual_learned_certificate,certificate,96,0.00590832837854649,0.0,0.0,1.0,-0.7396616177984283,0.02043681654978247,0.8736740000000001,0.7369440190000002,0.834729999999999,0.49058000000000074,1.0475399999999988
actuator_saturation,sensor_noise,robust_interval_certificate,certificate,96,0.007700024269927654,0.0,0.0,1.0,-0.9273365378094621,0.030703284275091034,0.8736740000000001,0.7338861600000002,0.8066299999999988,0.547379999999999,0.8828400000000012
actuator_saturation,sensor_noise,uncertainty_margin_certificate,certificate,96,0.0073483432683948075,0.0,0.0,1.0,-0.8781897654668115,0.028523573390361278,0.8736740000000001,0.7356335080000002,0.8138300000000003,0.525379999999999,0.9296400000000012
actuator_saturation,severe_damping_loss,adaptive_calibrated_certificate,certificate,96,0.008703424748594969,0.0,0.0,1.0,-0.8537677919954375,0.021680829094900055,0.898098,0.7593418590000001,0.7676099999999998,0.42846000000000056,1.0453799999999986
actuator_saturation,severe_damping_loss,aggressive_black_box,open,96,0.0069091061608421616,62.91846385781147,80.66469725360444,0.0,-3.898201621916361,0.15360379432833052,1.6235812041698372,1.446610852915325,1.0,-0.7222869725360445,1.1281800000000002
actuator_saturation,severe_damping_loss,calibrated_black_box,open,96,0.0072535773760908405,29.45492017546066,39.803946183054926,0.0,-2.4157777772891147,0.08992051750839636,1.267037554850104,1.156805287578145,1.0,-0.24257946183054915,1.0405800000000014
actuator_saturation,severe_damping_loss,energy_loss_only,regularized,96,0.007829538227628172,17.328011805231473,24.754302578902113,0.0,-1.910352501207532,0.06879476235499116,1.1341552377004525,1.0292458782131606,1.0,-0.04628302578902105,0.9703800000000012
actuator_saturation,severe_damping_loss,fixed_nominal_certificate,certificate,96,0.008272942475097163,0.0,0.0,1.0,-0.9438616412077341,0.026203066910721187,0.898098,0.757545663,0.7612099999999996,0.3552600000000006,0.9769799999999985
actuator_saturation,severe_damping_loss,hamiltonian_predictor,structured,96,0.012862961675693224,11.767066822266996,18.97914003591451,0.5729166666666666,-1.8420421394073552,0.06786204657877676,1.0838010402408247,0.9716276325758995,1.0,0.03706859964085494,0.8401799999999994
actuator_saturation,severe_damping_loss,mpc_safety_filter,filter,96,0.008460060640223496,0.0,0.0,1.0,-0.9275659427520692,0.02595049540569934,0.898098,0.798858171,0.7604099999999994,0.38446,0.9835800000000022
actuator_saturation,severe_damping_loss,oracle_limit_certificate,oracle,96,0.006795691526386461,0.0,0.0,1.0,-0.795912752219432,0.01915821450036181,0.898098,0.743625144,0.7737099999999999,0.5512599999999993,1.0954799999999985
actuator_saturation,severe_damping_loss,overconfident_certificate,certificate,96,0.006750194413041979,2.19800216435169,65.87155850970056,0.0,-3.352339322298931,0.12958471637721217,1.494832931932792,1.0217183089760633,0.48772376596119754,-0.5404555850970055,1.1089800000000016
actuator_saturation,severe_damping_loss,passivity_filter,filter,96,0.008929538227628172,0.0,0.0,1.0,-1.093563799729503,0.03509244797085759,0.898098,0.79032624,0.7449099999999995,0.3587599999999999,0.8407799999999997
actuator_saturation,severe_damping_loss,port_hamiltonian_predictor,structured,96,0.009258680545608538,5.2095943456159,7.661168155317497,1.0,-1.3405319719524584,0.04494022970460191,0.9820126596889709,0.8946135329766525,1.0,0.19604831844682488,0.89358
actuator_saturation,severe_damping_loss,residual_learned_certificate,certificate,96,0.00809452329825186,0.0,0.0,1.0,-0.8298759730004127,0.019986653945609792,0.898098,0.757545663,0.7694099999999996,0.43945999999999946,1.064580000000002
actuator_saturation,severe_damping_loss,robust_interval_certificate,certificate,96,0.009898984419563673,0.0,0.0,1.0,-1.012204129304161,0.031165533293474587,0.898098,0.7544023200000001,0.741309999999999,0.49625999999999965,0.89988
actuator_saturation,severe_damping_loss,uncertainty_margin_certificate,certificate,96,0.00945804794874427,0.0,0.0,1.0,-0.9650892212787606,0.02755215040103175,0.898098,0.756198516,0.7485100000000008,0.4742600000000005,0.9466800000000005
coupled_two_mode,action_latency,adaptive_calibrated_certificate,certificate,96,0.00733615952391141,0.0,0.0,1.0,-0.8359887625128781,0.021525113277058337,0.9250126,0.7820981533000001,0.7790179999999994,0.4373879999999992,1.042404000000001
coupled_two_mode,action_latency,aggressive_black_box,open,96,0.005688718989111801,57.883014129858594,74.20899247417769,0.0,-3.625923047922561,0.14224147742167623,1.6154721869758877,1.439385718595516,1.0,-0.6488019247417771,1.1252039999999977
coupled_two_mode,action_latency,calibrated_black_box,open,96,0.005932660309127342,24.878620441228378,33.619757353011316,0.0,-2.1540568294711258,0.0790197777156934,1.2488357035243267,1.1401869973177103,1.0,-0.17180957353011314,1.0376040000000015
coupled_two_mode,action_latency,energy_loss_only,regularized,96,0.006443041900166555,13.27904941153283,18.970070587904043,0.6979166666666666,-1.6669188067271545,0.05893047888809091,1.1142589470752629,1.0111899944708012,1.0,0.020487294120959634,0.9674040000000009
coupled_two_mode,action_latency,fixed_nominal_certificate,certificate,96,0.006949466271908285,0.0,0.0,1.0,-0.9222740122711587,0.026116412226678428,0.9250126,0.7802481281000001,0.772618,0.36418799999999935,0.9740039999999984
coupled_two_mode,action_latency,hamiltonian_predictor,structured,96,0.011061084291707865,8.2340996402106,13.280805871307416,0.9479166666666666,-1.6028005184612564,0.05862359020465749,1.065904604074512,0.9555834775528,1.0,0.10297994128692571,0.837204
coupled_two_mode,action_latency,mpc_safety_filter,filter,96,0.007142593769113188,0.0,0.0,1.0,-0.9109777769442338,0.02541175238566874,0.9250126,0.8227987077000001,0.7718180000000007,0.3933880000000009,0.9806039999999997
coupled_two_mode,action_latency,oracle_limit_certificate,oracle,96,0.0054114305627384375,0.0,0.0,1.0,-0.7795574556059531,0.018180283469325337,0.9250126,0.7659104328,0.7851179999999985,0.5601879999999987,1.0925040000000013
coupled_two_mode,action_latency,overconfident_certificate,certificate,96,0.005529191423172993,1.9992522578222902,57.85141261812728,0.0,-3.0188963405144196,0.11586381367749478,1.4677846178443084,1.0032307862965848,0.5312123495274904,-0.4513261261812729,1.1060039999999989
coupled_two_mode,action_latency,passivity_filter,filter,96,0.007543041900166554,0.0,0.0,1.0,-1.0750441819870946,0.03506135888865404,0.9250126,0.814011088,0.7563179999999994,0.36768800000000046,0.8378040000000002
coupled_two_mode,action_latency,port_hamiltonian_predictor,structured,96,0.007919705373039279,2.1985546864575913,3.2331686565552817,1.0,-1.1519119232547432,0.037673107164992815,0.9688611721174862,0.88263252779903,1.0,0.24925631343444712,0.8906040000000002
coupled_two_mode,action_latency,residual_learned_certificate,certificate,96,0.0067048662642690444,0.0,0.0,1.0,-0.8161043216676189,0.020120072669949352,0.9250126,0.7802481281000001,0.7808179999999979,0.4483880000000007,1.0616040000000015
coupled_two_mode,action_latency,robust_interval_certificate,certificate,96,0.00856169738772926,0.0,0.0,1.0,-0.9969260882800142,0.03215353756105812,0.9250126,0.777010584,0.7527180000000011,0.5051879999999992,0.8969040000000011
coupled_two_mode,action_latency,uncertainty_margin_certificate,certificate,96,0.008106039293074534,0.0,0.0,1.0,-0.9435979410444982,0.028084175444510504,0.9250126,0.7788606092,0.7599179999999993,0.483187999999999,0.943703999999998
coupled_two_mode,actuator_saturation,adaptive_calibrated_certificate,certificate,96,0.00719816209088241,0.0,0.0,1.0,-0.8237563399720402,0.02163296367876769,0.9219866000000001,0.7795396703000003,0.7868380000000016,0.4435080000000007,1.0403639999999978
coupled_two_mode,actuator_saturation,aggressive_black_box,open,96,0.005578237940256922,53.68377820821495,68.82535667719861,0.0,-3.409280969940467,0.13344262567420756,1.5670648178934694,1.3962547527430813,1.0,-0.5888455667719864,1.1231640000000016
coupled_two_mode,actuator_saturation,calibrated_black_box,open,96,0.0058511270374386705,22.540319828161625,30.459891659677865,0.0,-2.02388382819919,0.07400133514442225,1.2196385267929952,1.1135299749620047,1.0,-0.13409091659677885,1.0355639999999982
coupled_two_mode,actuator_saturation,energy_loss_only,regularized,96,0.006326866280895943,11.692666119560464,16.70380874222924,1.0,-1.5746464336722095,0.05571669594935216,1.0918755803565892,0.9908770891736047,1.0,0.04926991257770771,0.9653639999999987
coupled_two_mode,actuator_saturation,fixed_nominal_certificate,certificate,96,0.0068521273902027655,0.0,0.0,1.0,-0.9127380664912771,0.026131360032103385,0.9219866000000001,0.7776956971000002,0.7804379999999992,0.3703080000000007,0.9719639999999999
coupled_two_mode,actuator_saturation,hamiltonian_predictor,structured,96,0.010847558314054234,7.1897501810614495,11.596371259776525,1.0,-1.5290631245263107,0.05460231952660258,1.0450386536853857,0.9368771530289484,1.0,0.12594428740223473,0.8351640000000007
coupled_two_mode,actuator_saturation,mpc_safety_filter,filter,96,0.007018962073769102,0.0,0.0,1.0,-0.8996990673526198,0.02527664464473685,0.9219866000000001,0.8201070807000002,0.7796379999999998,0.39950800000000014,0.9785640000000012
coupled_two_mode,actuator_saturation,oracle_limit_certificate,oracle,96,0.0053350759603962615,0.0,0.0,1.0,-0.7686942694984786,0.01896836715895466,0.9219866000000001,0.7634049048000001,0.7929380000000007,0.5663079999999995,1.0904639999999983
coupled_two_mode,actuator_saturation,overconfident_certificate,certificate,96,0.005406164537289212,1.8733922281370317,52.95898243184428,0.0,-2.8191231393711096,0.10756163016623861,1.4228052785516134,0.9724874078900277,0.558602070272623,-0.39628182431844267,1.1039640000000015
coupled_two_mode,actuator_saturation,passivity_filter,filter,96,0.0074268662808959435,0.0,0.0,1.0,-1.0708931345393682,0.035700221087562455,0.9219866000000001,0.8113482080000001,0.7641380000000012,0.3738079999999999,0.8357639999999987
coupled_two_mode,actuator_saturation,port_hamiltonian_predictor,structured,96,0.007819906280726202,1.4610987934866355,2.148674696303876,1.0,-1.0998398341843256,0.03576454332926278,0.9553917602729693,0.8703618936086751,1.0,0.2662212530369611,0.8885640000000011
coupled_two_mode,actuator_saturation,residual_learned_certificate,certificate,96,0.006614135013160709,0.0,0.0,1.0,-0.8066667132390211,0.02069270818300256,0.9219866000000001,0.7776956971000002,0.7886380000000002,0.45450799999999947,1.0595639999999988
coupled_two_mode,actuator_saturation,robust_interval_certificate,certificate,96,0.008464497487621231,0.0,0.0,1.0,-0.9909364163501735,0.03169060112955157,0.9219866000000001,0.7744687440000002,0.7605379999999985,0.5113079999999998,0.8948639999999987
coupled_two_mode,actuator_saturation,uncertainty_margin_certificate,certificate,96,0.008011531469445212,0.0,0.0,1.0,-0.9348189918186365,0.028695857825531666,0.9219866000000001,0.7763127172000002,0.767738,0.4893080000000007,0.9416640000000017
coupled_two_mode,cap_loosening,adaptive_calibrated_certificate,certificate,96,0.006643810709383718,0.0,0.0,1.0,-0.721657315424002,0.022673296360899927,1.14250368,0.9659868614400001,0.8628300000000012,0.5029800000000008,1.020539999999998
coupled_two_mode,cap_loosening,aggressive_black_box,open,96,0.004708374099731073,21.617187261603885,27.71434264308193,0.0,-1.7101762968572596,0.06402412217334424,1.4914572353310223,1.3288883966799407,1.0,-0.1182634264308191,1.1033400000000018
coupled_two_mode,cap_loosening,calibrated_black_box,open,96,0.005247313901456834,6.25929652033926,8.458508811269272,1.0,-1.0678380541410566,0.03706920465926276,1.263743767502555,1.1537980597298327,1.0,0.1453949118873073,1.0157399999999985
coupled_two_mode,cap_loosening,energy_loss_only,regularized,96,0.005748340177892338,1.1882453905399026,1.6974934150570045,1.0,-0.8854493760584031,0.028990161449255075,1.1780390017530773,1.0690703940909176,1.0,0.25880506584943,0.9455399999999988
coupled_two_mode,cap_loosening,fixed_nominal_certificate,certificate,96,0.006236756462199452,0.0,0.0,1.0,-0.8066279533200668,0.025584333154537037,1.14250368,0.9637018540800001,0.8564300000000018,0.42978000000000044,0.9521399999999999
coupled_two_mode,cap_loosening,hamiltonian_predictor,structured,96,0.009545916266283658,0.0929187005008736,0.14986887177560257,1.0,-0.9767393302951174,0.03547678107053713,1.1511329941009012,1.031990729211458,1.0,0.2998813112822442,0.8153400000000005
coupled_two_mode,cap_loosening,mpc_safety_filter,filter,96,0.00647476391197091,0.0,0.0,1.0,-0.793299066597157,0.02528249833060997,1.14250368,1.01625702336,0.8556300000000006,0.45897999999999933,0.9587400000000014
coupled_two_mode,cap_loosening,oracle_limit_certificate,oracle,96,0.004781991307993411,0.0,0.0,1.0,-0.6645205180346102,0.01847783019920385,1.14250368,0.94599304704,0.8689300000000008,0.6257799999999992,1.0706399999999985
coupled_two_mode,cap_loosening,overconfident_certificate,certificate,96,0.0045388290384922435,0.6545942088222719,15.11625274390984,1.0,-1.2415363250142566,0.04268196281918377,1.3406179558783726,0.9163123728428677,0.7859649890243608,0.041617472560901585,1.0841400000000014
coupled_two_mode,cap_loosening,passivity_filter,filter,96,0.0068483401778923385,0.0,0.0,1.0,-0.9652016421073267,0.03448442264365816,1.14250368,1.0054032384,0.8401300000000008,0.4332800000000008,0.8159399999999989
coupled_two_mode,cap_loosening,port_hamiltonian_predictor,structured,96,0.007219606774619681,0.0,0.0,1.0,-0.9083114400319071,0.03139716403567052,1.14250368,1.04082085248,1.0,0.3471800000000007,0.8687400000000013
coupled_two_mode,cap_loosening,residual_learned_certificate,certificate,96,0.006045591984735313,0.0,0.0,1.0,-0.6971905023266195,0.020884412334056395,1.14250368,0.9637018540800001,0.8646300000000001,0.5139799999999989,1.039739999999999
coupled_two_mode,cap_loosening,robust_interval_certificate,certificate,96,0.007859841768743563,0.0,0.0,1.0,-0.8828619020870923,0.03151181798406227,1.14250368,0.9597030912,0.8365300000000006,0.5707799999999993,0.8750399999999989
coupled_two_mode,cap_loosening,uncertainty_margin_certificate,certificate,96,0.007442813958779104,0.0,0.0,1.0,-0.8401126653824585,0.028032571685663737,1.14250368,0.96198809856,0.8437299999999991,0.5487800000000006,0.9218400000000018
coupled_two_mode,cap_tightening,adaptive_calibrated_certificate,certificate,96,0.006996959523911409,0.0,0.0,1.0,-0.8070607625128785,0.021525113277058337,0.66021624,0.5582128309200001,0.7998099999999995,0.45365999999999945,1.03698
coupled_two_mode,cap_tightening,aggressive_black_box,open,96,0.0052925595725616835,47.24946377226016,60.57623560546171,0.0,-3.0668989298394074,0.11906579074485912,1.068915789457347,0.9524039684064963,1.0,-0.49620235605461754,1.1197800000000018
coupled_two_mode,cap_tightening,calibrated_black_box,open,96,0.005593460309127347,19.063690157019163,25.7617434554313,0.0,-1.8195778170776242,0.06566115408980737,0.8418793943416355,0.7686358870339133,1.0,-0.07695743455431303,1.0321799999999979
coupled_two_mode,cap_tightening,energy_loss_only,regularized,96,0.006103841900166555,9.211731269916028,13.159616099880035,1.0,-1.4120570944148294,0.0490527062584501,0.7579691166808481,0.6878569733878697,1.0,0.09486383900119966,0.9619799999999982
coupled_two_mode,cap_tightening,fixed_nominal_certificate,certificate,96,0.006610266271908281,0.0,0.0,1.0,-0.8933460122711593,0.026116412226678428,0.66021624,0.55689239844,0.7934100000000001,0.3804599999999996,0.9685800000000017
coupled_two_mode,cap_tightening,hamiltonian_predictor,structured,96,0.010464530281357728,5.135982495949431,8.283842735402315,1.0,-1.3795706038847226,0.050128752873618794,0.7278826444591938,0.6525467907576673,1.0,0.16922157264597684,0.8317799999999994
coupled_two_mode,cap_tightening,mpc_safety_filter,filter,96,0.00680339376911319,0.0,0.0,1.0,-0.882049776944234,0.02541175238566874,0.66021624,0.58726234548,0.7926100000000007,0.4096600000000001,0.9751799999999992
coupled_two_mode,cap_tightening,oracle_limit_certificate,oracle,96,0.005072230562738439,0.0,0.0,1.0,-0.7506294556059531,0.018180283469325337,0.66021624,0.5466590467200001,0.8059099999999986,0.5764599999999992,1.08708
coupled_two_mode,cap_tightening,overconfident_certificate,certificate,96,0.005136012939996503,1.6492620677157237,44.904761155405225,0.0,-2.486550745037935,0.09385450619086727,0.9668161875688043,0.6608188642032777,0.6037909553783792,-0.3055876115540522,1.100579999999998
coupled_two_mode,cap_tightening,passivity_filter,filter,96,0.007203841900166555,0.0,0.0,1.0,-1.0461161819870937,0.03506135888865404,0.66021624,0.5809902912,0.7771099999999994,0.38395999999999947,0.8323800000000005
coupled_two_mode,cap_tightening,port_hamiltonian_predictor,structured,96,0.007580505373039279,0.441601811488934,0.6494144286601972,1.0,-1.0225172238572706,0.03328072497757117,0.6716638399779746,0.611885758219935,1.0,0.29136585571339807,0.8851800000000004
coupled_two_mode,cap_tightening,residual_learned_certificate,certificate,96,0.006365666264269039,0.0,0.0,1.0,-0.787176321667619,0.020120072669949352,0.66021624,0.55689239844,0.801609999999998,0.46466000000000013,1.0561799999999986
coupled_two_mode,cap_tightening,robust_interval_certificate,certificate,96,0.008222497387729262,0.0,0.0,1.0,-0.967998088280014,0.03215353756105812,0.66021624,0.5545816416,0.7735100000000013,0.5214599999999995,0.891480000000001
coupled_two_mode,cap_tightening,uncertainty_margin_certificate,certificate,96,0.007766839293074534,0.0,0.0,1.0,-0.9146699410444977,0.028084175444510504,0.66021624,0.55590207408,0.7807099999999992,0.4994599999999993,0.9382800000000012
coupled_two_mode,combined_shift,adaptive_calibrated_certificate,certificate,96,0.00870095952391141,0.03261743093860955,0.09593362040767513,1.0,-1.2151430454088106,0.021688200431751386,0.8480524500283866,0.7170283464990009,0.5087982655183696,0.22525266379592337,1.112796000000002
coupled_two_mode,combined_shift,aggressive_black_box,open,96,0.008544957284952078,124.79999999999986,160.0,0.0,-7.33724458455663,0.28808619021557413,2.011810468,1.7925231269880002,1.0,-1.7178879999999983,1.1955959999999985
coupled_two_mode,combined_shift,calibrated_black_box,open,96,0.007297460309127341,117.76506980688545,159.1419862255211,0.0,-7.410287176949794,0.29240756679896,2.011810468,1.8367829572840002,1.0,-1.6382078622552099,1.107996
coupled_two_mode,combined_shift,energy_loss_only,regularized,96,0.007807841900166558,80.36823579572861,114.81176542246942,0.0,-5.769051268674395,0.22186136010685198,1.7083018659339981,1.5502839433351034,1.0,-1.1491056542246945,1.037796
coupled_two_mode,combined_shift,fixed_nominal_certificate,certificate,96,0.00831426627190828,1.2931864564181261,21.269514085824436,0.125,-2.1247417979843566,0.062274586172579964,1.017182017446573,0.8579930317161846,0.4177039436567022,-0.05968314085824441,1.0443960000000017
coupled_two_mode,combined_shift,hamiltonian_predictor,structured,96,0.015396016908480177,61.493318051010675,99.18277105001717,0.0,-5.318436532470206,0.20465693100846402,1.5985822200910857,1.4331289603116586,1.0,-0.9672157105001715,0.9075959999999991
coupled_two_mode,combined_shift,mpc_safety_filter,filter,96,0.008507393769113192,8.23975567891886,14.71384942664082,0.9166666666666666,-1.858535098049736,0.050425296410958116,0.9695033867334737,0.8623732624994249,0.44312660229343676,0.035073505733591866,1.0509959999999987
coupled_two_mode,combined_shift,oracle_limit_certificate,oracle,96,0.0067762305627384395,0.0,0.0,1.0,-1.1549814556059526,0.018180283469325337,0.844130468,0.6989400275040001,0.5152819999999992,0.34901199999999927,1.1628960000000024
coupled_two_mode,combined_shift,overconfident_certificate,certificate,96,0.008346743535009497,2.0480000000000014,160.0,0.0,-7.366266012271159,0.2895164122266784,2.011810468,1.3750724548780002,0.059999999999999915,-1.6839879999999996,1.176395999999998
coupled_two_mode,combined_shift,passivity_filter,filter,96,0.00890784190016656,11.862090385030003,23.724180770060006,0.0,-2.372959227050108,0.07539246619775604,1.0349642977637172,0.9107685820320711,0.3915852769197599,-0.08072980770060002,0.9081959999999998
coupled_two_mode,combined_shift,port_hamiltonian_predictor,structured,96,0.009284505373039277,42.470703820888595,62.45691738365971,0.0,-3.830192168759472,0.13835348000107028,1.3253669571243887,1.2074092979403181,1.0,-0.5541571738365967,0.960995999999999
coupled_two_mode,combined_shift,residual_learned_certificate,certificate,96,0.008069666264269039,0.0,0.0,1.0,-1.191528321667619,0.020120072669949352,0.844130468,0.7120240497580002,0.510981999999999,0.23721199999999978,1.1319960000000007
coupled_two_mode,combined_shift,robust_interval_certificate,certificate,96,0.009926497387729265,0.0,0.0,0.71875,-1.3723500882800137,0.03215353756105812,0.844130468,0.7090695931200001,0.4828819999999989,0.29401199999999955,0.9672960000000007
coupled_two_mode,combined_shift,uncertainty_margin_certificate,certificate,96,0.009470839293074532,0.0,0.0,1.0,-1.3190219410444983,0.028084175444510504,0.844130468,0.7107578540560001,0.4900820000000006,0.2720120000000001,1.0140959999999988
coupled_two_mode,contact_surprise,adaptive_calibrated_certificate,certificate,96,0.007584522688367325,0.0,0.0,1.0,-0.9357529783696711,0.021729147461891262,0.876181504,0.7408114616320002,0.7083159999999982,0.38205599999999934,1.0608479999999973
coupled_two_mode,contact_surprise,aggressive_black_box,open,96,0.006291941614989932,111.28876381287274,142.6779023241958,0.0,-6.393602597592856,0.25921848382912593,2.077810327130023,1.8513290014728505,1.0,-1.3888230232419587,1.143647999999999
coupled_two_mode,contact_surprise,calibrated_black_box,open,96,0.006193696892696957,52.93409057565133,71.53255483196125,0.0,-3.7335925057048063,0.14405139309232703,1.4899530770537281,1.3603271593500539,1.0,-0.6062695483196128,1.0560480000000008
coupled_two_mode,contact_surprise,energy_loss_only,regularized,96,0.006739490197977635,32.737273042936174,46.76753291848024,0.0,-2.8521699643745344,0.10578847661491593,1.2858189943824867,1.1668807374021068,1.0,-0.31281932918480243,0.9858480000000006
coupled_two_mode,contact_surprise,fixed_nominal_certificate,certificate,96,0.007209883127871054,0.0023738755703194892,0.018386628721818253,1.0,-1.0229951660862755,0.026123973539876652,0.8775979706424795,0.7402538882369315,0.7018424534851118,0.3086721337127815,0.9924479999999996
coupled_two_mode,contact_surprise,hamiltonian_predictor,structured,96,0.012023077004414828,23.708601151135777,38.23967927602545,0.0,-2.678518217108163,0.10029229500570543,1.2142330605106029,1.0885599387477556,1.0,-0.20194079276025478,0.8556480000000012
coupled_two_mode,contact_surprise,mpc_safety_filter,filter,96,0.007434399617082983,0.0,0.0,1.0,-1.0047828418404416,0.025436493623009298,0.876181504,0.7793634478080002,0.7011159999999994,0.3380560000000008,0.999048000000001
coupled_two_mode,contact_surprise,oracle_limit_certificate,oracle,96,0.005747228121021628,0.0,0.0,1.0,-0.877243890296436,0.018738997987915413,0.876181504,0.7254782853120001,0.7144159999999999,0.504855999999999,1.1109479999999976
coupled_two_mode,contact_surprise,overconfident_certificate,certificate,96,0.006121703599579006,3.3343145149687743,122.67168423919738,0.0,-5.639373990372005,0.226034579477685,1.911336001493645,1.3063981570209062,0.20122926304321065,-1.154860842391973,1.1244480000000008
coupled_two_mode,contact_surprise,passivity_filter,filter,96,0.007839490197977635,0.3726579103516518,0.7453158207033036,1.0,-1.2083996747445749,0.035930707548695116,0.8921512079039305,0.7850930629554589,0.6826347367171871,0.3049028417929669,0.8562479999999991
coupled_two_mode,contact_surprise,port_hamiltonian_predictor,structured,96,0.0082235397485433,12.691527931392537,18.664011663812555,0.71875,-1.8466737793520636,0.0634311329933881,1.0523091934602595,0.9586536752422965,1.0,0.03961588336187442,0.9090479999999989
coupled_two_mode,contact_surprise,residual_learned_certificate,certificate,96,0.006991227779379816,0.0,0.0,1.0,-0.915353228056954,0.020859244483405967,0.876181504,0.7390590986240002,0.7101159999999994,0.3930560000000007,1.0800480000000015
coupled_two_mode,contact_surprise,robust_interval_certificate,certificate,96,0.008821078798574975,0.0,0.0,1.0,-1.098376100920193,0.03145611960452259,0.876181504,0.7359924633600001,0.6820159999999991,0.44985599999999953,0.9153479999999994
coupled_two_mode,contact_surprise,uncertainty_margin_certificate,certificate,96,0.008379136066913605,0.0,0.0,1.0,-1.0428409012488078,0.02835442731549044,0.876181504,0.7377448263680001,0.6892160000000014,0.4278559999999991,0.9621479999999992
coupled_two_mode,mild_damping_loss,adaptive_calibrated_certificate,certificate,96,0.007582783599882691,0.0,0.0,1.0,-0.7772866861498215,0.021568169563793035,0.9072660000000001,0.7670934030000003,0.8248799999999988,0.4732800000000006,1.030439999999999
coupled_two_mode,mild_damping_loss,aggressive_black_box,open,96,0.005651609661413279,40.25706715548807,51.61162455831802,0.0,-2.6928746556815426,0.10393217403427431,1.394229431049438,1.2422584230650493,1.0,-0.38693624558318,1.1132400000000013
coupled_two_mode,mild_damping_loss,calibrated_black_box,open,96,0.006169043335185736,16.43099647959473,22.204049296749634,0.11458333333333333,-1.6557960992107172,0.05971929608960807,1.127265318009718,1.0291932353428725,1.0,-0.021760492967496315,1.0256399999999992
coupled_two_mode,mild_damping_loss,energy_loss_only,regularized,96,0.006676305493876954,7.719035265291972,11.027193236131387,1.0,-1.2977995816304377,0.04568851334944201,1.0245254780669792,0.9297568713457838,1.0,0.13580806763868614,0.9554399999999995
coupled_two_mode,mild_damping_loss,fixed_nominal_certificate,certificate,96,0.00715971028197685,0.0,0.0,1.0,-0.8627833037688718,0.026663161167956334,0.9072660000000001,0.7652788710000002,0.8184799999999993,0.40007999999999994,0.9620400000000008
coupled_two_mode,mild_damping_loss,hamiltonian_predictor,structured,96,0.011017023597485694,4.316360687419572,6.961872076483183,1.0,-1.3009998267561784,0.04747629599489725,0.9870632952088616,0.8849022441547445,1.0,0.20206127923516817,0.8252399999999994
coupled_two_mode,mild_damping_loss,mpc_safety_filter,filter,96,0.007370581749811501,0.0,0.0,1.0,-0.8481628534994833,0.025918185854435335,0.9072660000000001,0.8070131070000002,0.8176800000000002,0.4292799999999992,0.9686399999999984
coupled_two_mode,mild_damping_loss,oracle_limit_certificate,oracle,96,0.0056903477665485305,0.0,0.0,1.0,-0.7184674852373526,0.01886343535761626,0.9072660000000001,0.7512162480000002,0.8309799999999982,0.5960800000000005,1.0805399999999994
coupled_two_mode,mild_damping_loss,overconfident_certificate,certificate,96,0.005476833308628114,1.4257235299653275,36.23738130249408,0.0,-2.118965638335052,0.07966670938219624,1.257175149129808,0.8592792144302237,0.6635304747900234,-0.1992938130249409,1.0940400000000026
coupled_two_mode,mild_damping_loss,passivity_filter,filter,96,0.007776305493876953,0.0,0.0,1.0,-1.0147757998367044,0.035322284848018616,0.9072660000000001,0.7983940800000001,0.8021799999999987,0.40358000000000027,0.8258399999999996
coupled_two_mode,mild_damping_loss,port_hamiltonian_predictor,structured,96,0.008225146432753737,0.260806152980876,0.383538460265994,1.0,-0.9760948417885836,0.03295840540307813,0.9192141045925574,0.8374040492838198,1.0,0.31364461539733995,0.8786400000000002
coupled_two_mode,mild_damping_loss,residual_learned_certificate,certificate,96,0.007019278995529773,0.0,0.0,1.0,-0.7462447551899486,0.020536799099425535,0.9072660000000001,0.7652788710000002,0.8266800000000004,0.4842799999999989,1.0496399999999977
coupled_two_mode,mild_damping_loss,robust_interval_certificate,certificate,96,0.00884501690157866,0.0,0.0,1.0,-0.9357892704510705,0.031172143683121406,0.9072660000000001,0.7621034400000002,0.7985800000000008,0.5410800000000008,0.8849400000000002
coupled_two_mode,mild_damping_loss,uncertainty_margin_certificate,certificate,96,0.008404681474443306,0.0,0.0,1.0,-0.8789014396154781,0.027965794828901994,0.9072660000000001,0.7639179720000002,0.805779999999999,0.5190800000000005,0.9317400000000008
coupled_two_mode,nominal,adaptive_calibrated_certificate,certificate,96,0.006553831847355144,0.0,0.0,1.0,-0.7104106100240274,0.021927579813876382,0.89,0.7524950000000001,0.8695000000000012,0.5082000000000004,1.018799999999999
coupled_two_mode,nominal,aggressive_black_box,open,96,0.004675327555866149,19.338629945913322,24.793115315273482,0.0,-1.58307647532682,0.058877823445472655,1.1342959523087799,1.010657693507123,1.0,-0.08383115315273482,1.1016000000000015
coupled_two_mode,nominal,calibrated_black_box,open,96,0.005244159444832689,5.217592010539196,7.050800014242159,1.0,-0.9995898871615189,0.034495887433719404,0.9701340399525432,0.885732378476672,1.0,0.16469199985757846,1.0139999999999993
coupled_two_mode,nominal,energy_loss_only,regularized,96,0.005667355746261295,0.5791841300395371,0.8274059000564815,1.0,-0.837077183770997,0.0278533425693135,0.9092238514256122,0.8251206451687432,1.0,0.2727259409994351,0.9437999999999999
coupled_two_mode,nominal,fixed_nominal_certificate,certificate,96,0.006146052516596375,0.0,0.0,1.0,-0.7933151577484958,0.026452857491846702,0.89,0.7507150000000001,0.8631000000000015,0.4350000000000001,0.9504000000000009
coupled_two_mode,nominal,hamiltonian_predictor,structured,96,0.00945818018403396,0.011085300827333404,0.017879517463440974,1.0,-0.963613062472621,0.035873674573053696,0.8914430895716969,0.7991787298010263,1.0,0.3064212048253654,0.8135999999999993
coupled_two_mode,nominal,mpc_safety_filter,filter,96,0.006417476897382868,0.0,0.0,1.0,-0.7839834777687006,0.02620951440738675,0.89,0.7916550000000001,0.8623000000000003,0.4642000000000001,0.9569999999999985
coupled_two_mode,nominal,oracle_limit_certificate,oracle,96,0.004674009285722885,0.0,0.0,1.0,-0.6557574120709998,0.01841924691119143,0.89,0.73692,0.8756000000000007,0.6310000000000001,1.0688999999999995
coupled_two_mode,nominal,overconfident_certificate,certificate,96,0.004436842013277099,0.5415445999388894,12.307831816792946,1.0,-1.1190208901126724,0.0387761715803947,1.0191905619255837,0.6966167490761365,0.8038686727328281,0.07492168183207057,1.0824000000000027
coupled_two_mode,nominal,passivity_filter,filter,96,0.006767355746261292,0.0,0.0,1.0,-0.9506619327532008,0.034826752539217465,0.89,0.7832,0.8468000000000013,0.43849999999999983,0.8141999999999997
coupled_two_mode,nominal,port_hamiltonian_predictor,structured,96,0.007202453910928661,0.0,0.0,1.0,-0.8978088410325186,0.032022983911647686,0.89,0.81079,1.0,0.35239999999999977,0.8670000000000003
coupled_two_mode,nominal,residual_learned_certificate,certificate,96,0.006002390021523581,0.0,0.0,1.0,-0.6888003115657889,0.02066049047093815,0.89,0.7507150000000001,0.8713000000000006,0.5191999999999997,1.0379999999999978
coupled_two_mode,nominal,robust_interval_certificate,certificate,96,0.007818894029340757,0.0,0.0,1.0,-0.8744361691443592,0.030771336843681888,0.89,0.7476,0.8432000000000003,0.5760000000000004,0.8733000000000003
coupled_two_mode,nominal,uncertainty_margin_certificate,certificate,96,0.007383220934217343,0.0,0.0,1.0,-0.8184412532324356,0.02854868277340487,0.89,0.74938,0.8503999999999988,0.5540000000000004,0.9201000000000009
coupled_two_mode,payload_decrease,adaptive_calibrated_certificate,certificate,96,0.007238922688367326,0.0,0.0,1.0,-0.7577689783696706,0.021729147461891262,0.9028693999999999,0.7633760777,0.836241999999999,0.4821719999999991,1.0274759999999976
coupled_two_mode,payload_decrease,aggressive_black_box,open,96,0.005326308580080683,33.95332128468406,43.5298990829283,0.0,-2.360347639559408,0.09066687831897097,1.31722454598606,1.1736470704735795,1.0,-0.29722699082928283,1.1102759999999992
coupled_two_mode,payload_decrease,calibrated_black_box,open,96,0.0058480968926969586,12.81836649136214,17.32211688021911,1.0,-1.4476898363892647,0.051893648574365375,1.0784756521144072,0.9846482703804538,1.0,0.03595083119780892,1.0226760000000006
coupled_two_mode,payload_decrease,energy_loss_only,regularized,96,0.006393890197977636,5.301013287274784,7.5728761246782605,1.0,-1.1501409296043368,0.03915756006545256,0.9888335780819547,0.897366472109374,1.0,0.17924323875321738,0.9524760000000004
coupled_two_mode,payload_decrease,fixed_nominal_certificate,certificate,96,0.006864283127871054,0.0,0.0,1.0,-0.8442962204150564,0.026092716271049574,0.9028693999999999,0.7615703389,0.8298419999999994,0.4089719999999993,0.9590759999999997
coupled_two_mode,payload_decrease,hamiltonian_predictor,structured,96,0.010501577835755659,2.527336941873412,4.076349906247439,1.0,-1.1721273178937142,0.042214635077082785,0.9548831928543936,0.856052782393964,1.0,0.23980850093752556,0.822276000000001
coupled_two_mode,payload_decrease,mpc_safety_filter,filter,96,0.007088799617082984,0.0,0.0,1.0,-0.8267988418404421,0.025436493623009298,0.9028693999999999,0.8031023313,0.8290420000000008,0.4381720000000009,0.965676000000001
coupled_two_mode,payload_decrease,oracle_limit_certificate,oracle,96,0.005401628121021628,0.0,0.0,1.0,-0.6992598902964362,0.018738997987915413,0.9028693999999999,0.7475758632,0.8423420000000011,0.6049719999999984,1.0775759999999976
coupled_two_mode,payload_decrease,overconfident_certificate,certificate,96,0.0051744732635490695,1.1894529406314074,29.347759184186554,0.0,-1.8325824885329658,0.06738390688416668,1.1873845538589713,0.8115773425626069,0.7024509632632537,-0.12150559184186553,1.0910760000000008
coupled_two_mode,payload_decrease,passivity_filter,filter,96,0.00749389019797764,0.0,0.0,1.0,-1.0014348143723473,0.03466367065349953,0.9028693999999999,0.794525072,0.8135419999999987,0.41247200000000045,0.8228759999999994
coupled_two_mode,payload_decrease,port_hamiltonian_predictor,structured,96,0.007877939748543296,0.0,0.0,1.0,-0.9429583498163762,0.03170231316490676,0.9028693999999999,0.8225140234,1.0,0.32637199999999944,0.875675999999999
coupled_two_mode,payload_decrease,residual_learned_certificate,certificate,96,0.0066456277793798145,0.0,0.0,1.0,-0.7373692280569535,0.020859244483405967,0.9028693999999999,0.7615703389,0.8380420000000011,0.4931720000000008,1.0466760000000013
coupled_two_mode,payload_decrease,robust_interval_certificate,certificate,96,0.008475478798574982,0.0,0.0,1.0,-0.9203921009201929,0.03145611960452259,0.9028693999999999,0.758410296,0.8099420000000008,0.5499719999999989,0.8819759999999995
coupled_two_mode,payload_decrease,uncertainty_margin_certificate,certificate,96,0.008033536066913606,0.0,0.0,1.0,-0.8648569012488081,0.02835442731549044,0.9028693999999999,0.7602160348,0.8171419999999996,0.5279719999999989,0.9287759999999993
coupled_two_mode,payload_increase,adaptive_calibrated_certificate,certificate,96,0.007464522688367323,0.0,0.0,1.0,-0.7945049783696704,0.021729147461891262,0.9130866000000001,0.7720147203000002,0.8098379999999993,0.46150800000000003,1.0343639999999976
coupled_two_mode,payload_increase,aggressive_black_box,open,96,0.005650565769471369,45.4920113595464,58.32309148659794,0.0,-2.9723021329837,0.11581530540520941,1.461144468928727,1.3018797218154958,1.0,-0.4658229148659798,1.1171640000000016
coupled_two_mode,payload_increase,calibrated_black_box,open,96,0.006073696892696957,18.820907225972615,25.433658413476497,0.0,-1.7998350173684445,0.06568326918090292,1.1630164803963001,1.0618340466018221,1.0,-0.06582858413476508,1.0295639999999981
coupled_two_mode,payload_increase,energy_loss_only,regularized,96,0.006619490197977634,9.300022341209601,13.285746201728001,1.0,-1.4090161696803383,0.048869439196437124,1.0525999835081823,0.9552344850336755,1.0,0.10145053798271998,0.9593639999999986
coupled_two_mode,payload_increase,fixed_nominal_certificate,certificate,96,0.007089883127871052,0.0,0.0,1.0,-0.8810322204150558,0.026092716271049574,0.9130866000000001,0.7701885471000002,0.803438,0.3883079999999997,0.9659639999999997
coupled_two_mode,payload_increase,hamiltonian_predictor,structured,96,0.010999529186090345,5.479053556860177,8.837183156226088,1.0,-1.3939835579858837,0.05030805160204648,1.0106564352112863,0.9060534941669183,1.0,0.1715361684377391,0.8291640000000005
coupled_two_mode,payload_increase,mpc_safety_filter,filter,96,0.007314399617082981,0.0,0.0,1.0,-0.8635348418404417,0.025436493623009298,0.9130866000000001,0.8121905307000001,0.8026380000000013,0.41750800000000016,0.972564000000001
coupled_two_mode,payload_increase,oracle_limit_certificate,oracle,96,0.005627228121021631,0.0,0.0,1.0,-0.7359958902964365,0.018738997987915413,0.9130866000000001,0.7560357048000002,0.8159380000000014,0.584308,1.084463999999998
coupled_two_mode,payload_increase,overconfident_certificate,certificate,96,0.005494932125303398,1.630632938870904,43.16767278556122,0.0,-2.4066920090088177,0.09087776000650366,1.3229595661412865,0.9042428634575693,0.6207673088577551,-0.2803687278556123,1.0979640000000013
coupled_two_mode,payload_increase,passivity_filter,filter,96,0.007719490197977638,0.0,0.0,1.0,-1.0381708143723472,0.03466367065349953,0.9130866000000001,0.8035162080000001,0.7871379999999991,0.39180799999999993,0.8297639999999986
coupled_two_mode,payload_increase,port_hamiltonian_predictor,structured,96,0.008103539748543298,0.5895685441152896,0.867012564875426,1.0,-1.0134072663889924,0.03317623452519498,0.9333078607015576,0.850243461099119,1.0,0.2970378743512457,0.8825640000000011
coupled_two_mode,payload_increase,residual_learned_certificate,certificate,96,0.006871227779379811,0.0,0.0,1.0,-0.7741052280569537,0.020859244483405967,0.9130866000000001,0.7701885471000002,0.8116380000000009,0.4725079999999997,1.0535639999999986
coupled_two_mode,payload_increase,robust_interval_certificate,certificate,96,0.008701078798574973,0.0,0.0,1.0,-0.9571281009201927,0.03145611960452259,0.9130866000000001,0.7669927440000002,0.7835379999999992,0.5293080000000002,0.8888639999999991
coupled_two_mode,payload_increase,uncertainty_margin_certificate,certificate,96,0.008259136066913605,0.0,0.0,1.0,-0.9015929012488076,0.02835442731549044,0.9130866000000001,0.7688189172000002,0.7907379999999998,0.5073080000000013,0.9356640000000015
coupled_two_mode,sensor_noise,adaptive_calibrated_certificate,certificate,96,0.006689360147238196,0.0,0.0,1.0,-0.7641835959326313,0.02209366788457114,0.904151,0.7644596705000002,0.8329300000000001,0.4795799999999992,1.02834
coupled_two_mode,sensor_noise,aggressive_black_box,open,96,0.0048963401263978175,32.775856866056614,42.020329315457204,0.0,-2.3054680942345707,0.08789011310269408,1.3036433549391426,1.161546229250776,1.0,-0.28472329315457195,1.111140000000002
coupled_two_mode,sensor_noise,calibrated_black_box,open,96,0.005309029623226353,11.61697152186167,15.698610164677925,1.0,-1.3883799667756695,0.04892319054636937,1.0638335159738703,0.9712800000841436,1.0,0.049593898353220735,1.0235399999999981
coupled_two_mode,sensor_noise,energy_loss_only,regularized,96,0.00581508246830982,4.2580001243321695,6.082857320474528,1.0,-1.0905308773043363,0.03716644947917953,0.9740140874093751,0.883917784324008,1.0,0.19155142679525464,0.9533399999999984
coupled_two_mode,sensor_noise,fixed_nominal_certificate,certificate,96,0.00633246507431812,0.0,0.0,1.0,-0.849198691487706,0.025971296420453316,0.904151,0.7626513685000001,0.82653,0.40637999999999935,0.9599400000000019
coupled_two_mode,sensor_noise,hamiltonian_predictor,structured,96,0.009822012796684453,1.698201801149593,2.7390351631445053,1.0,-1.1232468774071604,0.03988970115433491,0.9426958351099239,0.8451268161760469,1.0,0.2505896483685549,0.8231399999999996
coupled_two_mode,sensor_noise,mpc_safety_filter,filter,96,0.006470366728133291,0.0,0.0,1.0,-0.8337655406457388,0.026791367329294335,0.904151,0.8042423145,0.8257299999999986,0.43558000000000097,0.9665399999999988
coupled_two_mode,sensor_noise,oracle_limit_certificate,oracle,96,0.004826182499353489,0.0,0.0,1.0,-0.700676340519685,0.018189469064489767,0.904151,0.7486370280000001,0.8390299999999993,0.6023799999999985,1.0784400000000003
coupled_two_mode,sensor_noise,overconfident_certificate,certificate,96,0.004750035209881477,1.0990927115181892,27.351500883888832,0.0,-1.75986245185684,0.06386884792306434,1.173858001297204,0.8023319438866389,0.7071239964644445,-0.10413500883888828,1.0919399999999981
coupled_two_mode,sensor_noise,passivity_filter,filter,96,0.0069150824683098175,0.0,0.0,1.0,-0.9997626532550049,0.03520559203437282,0.904151,0.79565288,0.8102299999999998,0.4098800000000005,0.8237400000000007
coupled_two_mode,sensor_noise,port_hamiltonian_predictor,structured,96,0.0073112703235087085,0.0,0.0,1.0,-0.9506292958228091,0.03173115963390183,0.904151,0.8236815610000001,1.0,0.3237799999999995,0.8765400000000007
coupled_two_mode,sensor_noise,residual_learned_certificate,certificate,96,0.00610886712379077,0.0,0.0,1.0,-0.7412006635483136,0.020681763482559134,0.904151,0.7626513685000001,0.834729999999999,0.49058000000000074,1.0475399999999988
coupled_two_mode,sensor_noise,robust_interval_certificate,certificate,96,0.007874707351858936,0.0,0.0,1.0,-0.9247527640693877,0.03066239766777923,0.904151,0.7594868400000001,0.8066299999999988,0.547379999999999,0.8828400000000012
coupled_two_mode,sensor_noise,uncertainty_margin_certificate,certificate,96,0.00747291257522848,0.0,0.0,1.0,-0.8695267915135819,0.0283814939964106,0.904151,0.7612951420000001,0.8138300000000003,0.525379999999999,0.9296400000000012
coupled_two_mode,severe_damping_loss,adaptive_calibrated_certificate,certificate,96,0.008814162090882411,0.0,0.0,1.0,-0.8505083399720402,0.02163296367876769,0.929427,0.7858305285000001,0.7676099999999998,0.42846000000000056,1.0453799999999986
coupled_two_mode,severe_damping_loss,aggressive_black_box,open,96,0.007096974339916298,71.2943430696556,91.40300393545594,0.0,-4.313942205930546,0.171824626013245,1.7778423903367013,1.584057569790001,1.0,-0.8296700393545596,1.1281800000000002
coupled_two_mode,severe_damping_loss,calibrated_black_box,open,96,0.00746712703743867,34.03201608381855,45.98921092407912,0.0,-2.6544778784761696,0.10040117789390442,1.368149316572327,1.2491203260305346,1.0,-0.30443210924079117,1.0405800000000014
coupled_two_mode,severe_damping_loss,energy_loss_only,regularized,96,0.007942866280895947,20.59400280382924,29.420004005470343,0.0,-2.095854970288077,0.07733422789686202,1.215673833280396,1.1032240037019594,1.0,-0.09294004005470353,0.9703800000000012
coupled_two_mode,severe_damping_loss,fixed_nominal_certificate,certificate,96,0.008468127390202774,0.0,0.0,1.0,-0.9394900664912771,0.026131360032103385,0.929427,0.7839716745000002,0.7612099999999996,0.3552600000000006,0.9769799999999985
coupled_two_mode,severe_damping_loss,hamiltonian_predictor,structured,96,0.013070390796713289,14.352021174850876,23.148421249759476,0.0,-2.0050050363368075,0.07424080450957356,1.1589647369734408,1.0390118866966898,1.0,-0.004624212497594751,0.8401799999999994
coupled_two_mode,severe_damping_loss,mpc_safety_filter,filter,96,0.0086349620737691,0.0,0.0,1.0,-0.9264510673526197,0.02527664464473685,0.929427,0.8267253165,0.7604099999999994,0.38446,0.9835800000000022
coupled_two_mode,severe_damping_loss,oracle_limit_certificate,oracle,96,0.00695107596039626,0.0,0.0,1.0,-0.7954462694984782,0.01896836715895466,0.929427,0.7695655560000001,0.7737099999999999,0.5512599999999993,1.0954799999999985
coupled_two_mode,severe_damping_loss,overconfident_certificate,certificate,96,0.006921906390256985,2.4849435604442953,74.4708571219221,0.0,-3.6823428748200957,0.1441318171393709,1.6243292802851705,1.110229063074914,0.45332657151231165,-0.6264485712192213,1.1089800000000016
coupled_two_mode,severe_damping_loss,passivity_filter,filter,96,0.009042866280895945,0.0,0.0,1.0,-1.0976451345393683,0.035700221087562455,0.929427,0.81789576,0.7449099999999995,0.3587599999999999,0.8407799999999997
coupled_two_mode,severe_damping_loss,port_hamiltonian_predictor,structured,96,0.009435906280726202,6.969386536584659,10.249097847918614,1.0,-1.4415686880117127,0.04953526268700784,1.04122068676126,0.9485520456395078,1.0,0.17016902152081384,0.89358
coupled_two_mode,severe_damping_loss,residual_learned_certificate,certificate,96,0.008230135013160708,0.0,0.0,1.0,-0.8334187132390204,0.02069270818300256,0.929427,0.7839716745000002,0.7694099999999996,0.43945999999999946,1.064580000000002
coupled_two_mode,severe_damping_loss,robust_interval_certificate,certificate,96,0.010080497487621234,0.0,0.0,1.0,-1.0176884163501736,0.03169060112955157,0.929427,0.7807186800000001,0.741309999999999,0.49625999999999965,0.89988
coupled_two_mode,severe_damping_loss,uncertainty_margin_certificate,certificate,96,0.009627531469445217,0.0,0.0,1.0,-0.9615709918186365,0.028695857825531666,0.929427,0.7825775340000001,0.7485100000000008,0.4742600000000005,0.9466800000000005
cubic_drag,action_latency,adaptive_calibrated_certificate,certificate,96,0.007132964682179048,0.0,0.0,1.0,-0.8402189827790312,0.021619171728152697,0.935406,0.7908857730000001,0.7790179999999994,0.4373879999999992,1.042404000000001
cubic_drag,action_latency,aggressive_black_box,open,96,0.005462664793305892,48.411591000415285,62.06614230822476,0.0,-3.158725291847053,0.1220485799209682,1.5261546299344575,1.3598037752716017,1.0,-0.5273734230822473,1.1252039999999977
cubic_drag,action_latency,calibrated_black_box,open,96,0.005673070184271566,19.744733340946897,26.68207208236068,0.0,-1.8892567051845566,0.06767566053699936,1.201608968736484,1.0970689884564098,1.0,-0.10243272082360678,1.0376040000000015
cubic_drag,action_latency,energy_loss_only,regularized,96,0.00626573615836904,9.802732520066222,14.003903600094608,1.0,-1.4782937777826326,0.05064584593267163,1.083364510954367,0.9831532936910882,1.0,0.07014896399905399,0.9674040000000009
cubic_drag,action_latency,fixed_nominal_certificate,certificate,96,0.006737990602642065,0.0,0.0,1.0,-0.9201746177338691,0.025783282094420223,0.935406,0.7890149610000001,0.772618,0.36418799999999935,0.9740039999999984
cubic_drag,action_latency,hamiltonian_predictor,structured,96,0.010823822778305304,5.9437939762089265,9.586764477756335,1.0,-1.4626067521351116,0.052330320049476936,1.0389012054897728,0.9313749307215814,1.0,0.1399203552224366,0.837204
cubic_drag,action_latency,mpc_safety_filter,filter,96,0.006900876059529674,0.0,0.0,1.0,-0.9109095840891124,0.02590155783844436,0.935406,0.8320436370000001,0.7718180000000007,0.3933880000000009,0.9806039999999997
cubic_drag,action_latency,oracle_limit_certificate,oracle,96,0.005247664351730973,0.0,0.0,1.0,-0.7737306853307638,0.018435434079224256,0.935406,0.774516168,0.7851179999999985,0.5601879999999987,1.0925040000000013
cubic_drag,action_latency,overconfident_certificate,certificate,96,0.005345035872667943,1.688085939086952,48.84734070694688,0.0,-2.666682613782791,0.10022376129622991,1.4024327791734745,0.9585628045650698,0.5672286371722123,-0.3612854070694688,1.1060039999999989
cubic_drag,action_latency,passivity_filter,filter,96,0.007365736158369045,0.0,0.0,1.0,-1.0795235901965543,0.0352192098125108,0.935406,0.82315728,0.7563179999999994,0.36768800000000046,0.8378040000000002
cubic_drag,action_latency,port_hamiltonian_predictor,structured,96,0.00770546170935165,0.7692783858220548,1.1312917438559627,1.0,-1.0673030902345089,0.0344613583275783,0.9579160091913247,0.8726614843732968,1.0,0.27027508256144034,0.8906040000000002
cubic_drag,action_latency,residual_learned_certificate,certificate,96,0.006551663877912236,0.0,0.0,1.0,-0.8148765778078468,0.020400019444943705,0.935406,0.7890149610000001,0.7808179999999979,0.4483880000000007,1.0616040000000015
cubic_drag,action_latency,robust_interval_certificate,certificate,96,0.008306546669247497,0.0,0.0,1.0,-1.002994261558211,0.03060367029492565,0.935406,0.78574104,0.7527180000000011,0.5051879999999992,0.8969040000000011
cubic_drag,action_latency,uncertainty_margin_certificate,certificate,96,0.007947017135476088,0.0,0.0,1.0,-0.9465757374541143,0.028447211345629133,0.935406,0.7876118520000001,0.7599179999999993,0.483187999999999,0.943703999999998
cubic_drag,actuator_saturation,adaptive_calibrated_certificate,certificate,96,0.0069830677566215015,0.0,0.0,1.0,-0.8254853039115851,0.02102941213357114,0.9323460000000001,0.7882985430000002,0.7868380000000016,0.4435080000000007,1.0403639999999978
cubic_drag,actuator_saturation,aggressive_black_box,open,96,0.005412548292122837,45.21481925287202,57.96771699086154,0.0,-2.9871917056402633,0.11460432328234159,1.483376599145667,1.3216885498387894,1.0,-0.4802691699086153,1.1231640000000016
cubic_drag,actuator_saturation,calibrated_black_box,open,96,0.005659510082344737,18.066545666686295,24.414250900927414,0.0,-1.7889043301992642,0.06334343092945353,1.1757209464930556,1.07343322414816,1.0,-0.07363450900927414,1.0355639999999982
cubic_drag,actuator_saturation,energy_loss_only,regularized,96,0.006130277491218195,8.501299144824351,12.144713064034788,1.0,-1.3909927045499568,0.047499874287625234,1.0642377361517483,0.9657957455577117,1.0,0.09486086935965216,0.9653639999999987
cubic_drag,actuator_saturation,fixed_nominal_certificate,certificate,96,0.006616295526564783,0.0,0.0,1.0,-0.9108841273984866,0.026781122950783248,0.9323460000000001,0.7864338510000002,0.7804379999999992,0.3703080000000007,0.9719639999999999
cubic_drag,actuator_saturation,hamiltonian_predictor,structured,96,0.010627414031661647,4.944758331831907,7.975416664245013,1.0,-1.3860313684807715,0.04907964155250907,1.0222907167958737,0.9164836276075008,1.0,0.16215383335754993,0.8351640000000007
cubic_drag,actuator_saturation,mpc_safety_filter,filter,96,0.006822650182263492,0.0,0.0,1.0,-0.8997728046025246,0.0253255698460102,0.9323460000000001,0.8293217670000002,0.7796379999999998,0.39950800000000014,0.9785640000000012
cubic_drag,actuator_saturation,oracle_limit_certificate,oracle,96,0.005115468052109009,0.0,0.0,1.0,-0.7686231915573755,0.018801035906132222,0.9323460000000001,0.7719824880000001,0.7929380000000007,0.5663079999999995,1.0904639999999983
cubic_drag,actuator_saturation,overconfident_certificate,certificate,96,0.005202242611456355,1.5755913103958124,44.54043914231233,0.0,-2.489922563008158,0.09389986949271421,1.3614720498648756,0.9305661460826424,0.5922762434307506,-0.3120963914231232,1.1039640000000015
cubic_drag,actuator_saturation,passivity_filter,filter,96,0.007230277491218194,0.0,0.0,1.0,-1.0645152817680288,0.03523386207876613,0.9323460000000001,0.8204644800000002,0.7641380000000012,0.3738079999999999,0.8357639999999987
cubic_drag,actuator_saturation,port_hamiltonian_predictor,structured,96,0.007603501826443795,0.3690926103342145,0.5427832504914918,1.0,-1.0333113462557366,0.032866397110128,0.9470376951646041,0.8627513402949544,1.0,0.28228016749508494,0.8885640000000011
cubic_drag,actuator_saturation,residual_learned_certificate,certificate,96,0.006399986433779721,0.0,0.0,1.0,-0.8071003403077467,0.020558373243082243,0.9323460000000001,0.7864338510000002,0.7886380000000002,0.45450799999999947,1.0595639999999988
cubic_drag,actuator_saturation,robust_interval_certificate,certificate,96,0.008205155563227663,0.0,0.0,1.0,-0.989558813980004,0.03093471778052807,0.9323460000000001,0.7831706400000001,0.7605379999999985,0.5113079999999998,0.8948639999999987
cubic_drag,actuator_saturation,uncertainty_margin_certificate,certificate,96,0.00782561877998091,0.0,0.0,1.0,-0.9345288357143945,0.027756304888835667,0.9323460000000001,0.7850353320000002,0.767738,0.4893080000000007,0.9416640000000017
cubic_drag,cap_loosening,adaptive_calibrated_certificate,certificate,96,0.006437455333099042,0.0,0.0,1.0,-0.7174344856914735,0.02210092090853259,1.1553408,0.9768406464000002,0.8628300000000012,0.5029800000000008,1.020539999999998
cubic_drag,cap_loosening,aggressive_black_box,open,96,0.004569239003348568,18.2351155746988,23.378353300895906,0.0,-1.534366862754487,0.056407922537383054,1.454406268910094,1.2958759855988937,1.0,-0.07490353300895898,1.1033400000000018
cubic_drag,cap_loosening,calibrated_black_box,open,96,0.005074522494906448,4.684952740101825,6.331017216353822,1.0,-0.9779038464431523,0.03320745119366154,1.2499040356315667,1.1411623845316206,1.0,0.1666698278364618,1.0157399999999985
cubic_drag,cap_loosening,energy_loss_only,regularized,96,0.005562957756758985,0.42243751508095007,0.6034821644013576,1.0,-0.8429861582535083,0.027986825141275536,1.175752866324839,1.0669957261897915,1.0,0.26974517835598644,0.9455399999999988
cubic_drag,cap_loosening,fixed_nominal_certificate,certificate,96,0.006035104461189586,0.0,0.0,1.0,-0.8025563171863307,0.027126591085946495,1.1553408,0.9745299648000002,0.8564300000000018,0.42978000000000044,0.9521399999999999
cubic_drag,cap_loosening,hamiltonian_predictor,structured,96,0.009292668446969563,3.95821222678677e-05,6.384213269010917e-05,1.0,-0.9738423416502439,0.03494684542834121,1.155380764625023,1.035798855486333,1.0,0.3013793615786738,0.8153400000000005
cubic_drag,cap_loosening,mpc_safety_filter,filter,96,0.0062513425488532615,0.0,0.0,1.0,-0.792753762066149,0.025824842993379515,1.1553408,1.0276756416000001,0.8556300000000006,0.45897999999999933,0.9587400000000014
cubic_drag,cap_loosening,oracle_limit_certificate,oracle,96,0.004561345256594761,0.0,0.0,1.0,-0.6624677131223949,0.01854315451370774,1.1553408,0.9566221824000001,0.8689300000000008,0.6257799999999992,1.0706399999999985
cubic_drag,cap_loosening,overconfident_certificate,certificate,96,0.004376454814239078,0.5098574375486526,11.773910898500196,1.0,-1.1075010685636126,0.038542239613396825,1.3170909375022923,0.9002316557828168,0.7993343564059989,0.07504089101499803,1.0841400000000014
cubic_drag,cap_loosening,passivity_filter,filter,96,0.006662957756758987,0.0,0.0,1.0,-0.9652779577729262,0.03534090546179323,1.1553408,1.016699904,0.8401300000000008,0.4332800000000008,0.8159399999999989
cubic_drag,cap_loosening,port_hamiltonian_predictor,structured,96,0.007035336256757389,0.0,0.0,1.0,-0.9076695753221772,0.03261954014571739,1.1553408,1.0525154688,1.0,0.3471800000000007,0.8687400000000013
cubic_drag,cap_loosening,residual_learned_certificate,certificate,96,0.005837843331060136,0.0,0.0,1.0,-0.7009875709179703,0.020831584938827603,1.1553408,0.9745299648000002,0.8646300000000001,0.5139799999999989,1.039739999999999
cubic_drag,cap_loosening,robust_interval_certificate,certificate,96,0.0076386224548603355,0.0,0.0,1.0,-0.8821056923260132,0.03170305447615648,1.1553408,0.9704862720000001,0.8365300000000006,0.5707799999999993,0.8750399999999989
cubic_drag,cap_loosening,uncertainty_margin_certificate,certificate,96,0.007322179921131867,0.0,0.0,1.0,-0.8329923902264763,0.028249729314134536,1.1553408,0.9727969536000002,0.8437299999999991,0.5487800000000006,0.9218400000000018
cubic_drag,cap_tightening,adaptive_calibrated_certificate,certificate,96,0.006793764682179049,0.0,0.0,1.0,-0.8112909827790312,0.021619171728152697,0.6676344000000001,0.5644848852000002,0.7998099999999995,0.45365999999999945,1.03698
cubic_drag,cap_tightening,aggressive_black_box,open,96,0.005070729427267426,39.325515967813224,50.41732816386306,0.0,-2.676844802657697,0.10224559587555343,1.0163178752315334,0.9055392268312963,1.0,-0.39461328163863096,1.1197800000000018
cubic_drag,cap_tightening,calibrated_black_box,open,96,0.005333870184271565,14.8353072972523,20.04771256385445,0.4791666666666667,-1.6023582696669596,0.05639724935553877,0.815033604020797,0.7441256804709877,1.0,-0.019817125638544528,1.0321799999999979
cubic_drag,cap_tightening,energy_loss_only,regularized,96,0.005926536158369044,6.427006471248359,9.18143781606908,1.0,-1.261849018236585,0.04244765409982825,0.7413742031879546,0.6727970893930688,1.0,0.13464562183930923,0.9619799999999982
cubic_drag,cap_tightening,fixed_nominal_certificate,certificate,96,0.006398790602642065,0.0,0.0,1.0,-0.8912466177338692,0.025783282094420223,0.6676344000000001,0.5631496164000002,0.7934100000000001,0.3804599999999996,0.9685800000000017
cubic_drag,cap_tightening,hamiltonian_predictor,structured,96,0.010230994372494863,3.395950904668149,5.477340168819594,1.0,-1.2738878973064143,0.04534429872428448,0.7139549477740045,0.640060610679395,1.0,0.19728659831180406,0.8317799999999994
cubic_drag,cap_tightening,mpc_safety_filter,filter,96,0.006561676059529673,0.0,0.0,1.0,-0.8819815840891128,0.02590155783844436,0.6676344000000001,0.5938607988000001,0.7926100000000007,0.4096600000000001,0.9751799999999992
cubic_drag,cap_tightening,oracle_limit_certificate,oracle,96,0.004908464351730975,0.0,0.0,1.0,-0.7448026853307637,0.018435434079224256,0.6676344000000001,0.5528012832000001,0.8059099999999986,0.5764599999999992,1.08708
cubic_drag,cap_tightening,overconfident_certificate,certificate,96,0.004955298521581751,1.378066274045774,37.52086348414763,0.0,-2.197335873451465,0.08096875001747118,0.9292415853642505,0.6351366235964652,0.6333265460634091,-0.23174863484147623,1.100579999999998
cubic_drag,cap_tightening,passivity_filter,filter,96,0.007026536158369041,0.0,0.0,1.0,-1.050595590196555,0.0352192098125108,0.6676344000000001,0.5875182720000001,0.7771099999999994,0.38395999999999947,0.8323800000000005
cubic_drag,cap_tightening,port_hamiltonian_predictor,structured,96,0.007366261709351647,0.016234076593781687,0.023873642049678942,1.0,-0.995314244763874,0.03257874755450761,0.6695063030752143,0.6099202421015203,1.0,0.29762126357950314,0.8851800000000004
cubic_drag,cap_tightening,residual_learned_certificate,certificate,96,0.006212463877912237,0.0,0.0,1.0,-0.7859485778078469,0.020400019444943705,0.6676344000000001,0.5631496164000002,0.801609999999998,0.46466000000000013,1.0561799999999986
cubic_drag,cap_tightening,robust_interval_certificate,certificate,96,0.007967346669247496,0.0,0.0,1.0,-0.9740662615582111,0.03060367029492565,0.6676344000000001,0.5608128960000001,0.7735100000000013,0.5214599999999995,0.891480000000001
cubic_drag,cap_tightening,uncertainty_margin_certificate,certificate,96,0.007607817135476087,0.0,0.0,1.0,-0.9176477374541143,0.028447211345629133,0.6676344000000001,0.5621481648000001,0.7807099999999992,0.4994599999999993,0.9382800000000012
cubic_drag,combined_shift,adaptive_calibrated_certificate,certificate,96,0.008497764682179046,0.0,0.0,1.0,-1.2156429827790314,0.021619171728152697,0.85361508,0.7217315501400001,0.5091820000000006,0.22621200000000022,1.112796000000002
cubic_drag,combined_shift,aggressive_black_box,open,96,0.008264083884939625,124.79999999999986,160.0,0.0,-7.342209414334043,0.28853613799698624,2.03441508,1.81266383628,1.0,-1.7178879999999983,1.1955959999999985
cubic_drag,combined_shift,calibrated_black_box,open,96,0.0070378701842715675,97.68535672656905,132.0072388196879,0.0,-6.360144488598789,0.24672844399045554,1.8596900498287992,1.6978970154936937,1.0,-1.3668603881968793,1.107996
cubic_drag,combined_shift,energy_loss_only,regularized,96,0.007630536158369043,65.27028768195116,93.2432681170731,0.0,-4.934861227660822,0.185352765611535,1.5705493349971154,1.4252735215098824,1.0,-0.933420681170731,1.037796
cubic_drag,combined_shift,fixed_nominal_certificate,certificate,96,0.008102790602642069,0.8548784814792905,14.060501340119913,0.7916666666666666,-1.8423271518430913,0.049686134372624084,0.9738890756573735,0.8214754353169946,0.4465399946395205,0.01240698659880096,1.0443960000000017
cubic_drag,combined_shift,hamiltonian_predictor,structured,96,0.015110404960940689,49.83814862681285,80.3841106884078,0.0,-4.590914762190079,0.17268580860758434,1.4707762778131286,1.3185509330594698,1.0,-0.779229106884078,0.9075959999999991
cubic_drag,combined_shift,mpc_safety_filter,filter,96,0.008265676059529667,4.952490849650041,8.843733660089356,1.0,-1.630213323728026,0.04093590506059625,0.9347813891146505,0.8314880456174817,0.4666070653596425,0.09377466339910646,1.0509959999999987
cubic_drag,combined_shift,oracle_limit_certificate,oracle,96,0.006612464351730975,0.0,0.0,1.0,-1.1491546853307635,0.018435434079224256,0.85361508,0.70679328624,0.5152819999999992,0.34901199999999927,1.1628960000000024
cubic_drag,combined_shift,overconfident_certificate,certificate,96,0.008117929398571483,2.0480000000000014,160.0,0.0,-7.364166617733869,0.2891832820944202,2.03441508,1.39052270718,0.059999999999999915,-1.6839879999999996,1.176395999999998
cubic_drag,combined_shift,passivity_filter,filter,96,0.008730536158369044,7.799286590151019,15.598573180302038,0.0,-2.061482509739419,0.061736784219024295,0.9871908518314735,0.8687279496116966,0.4240877072787918,0.0005262681969797021,0.9081959999999998
cubic_drag,combined_shift,port_hamiltonian_predictor,structured,96,0.009070261709351646,33.1028747062525,48.68069809743013,0.0,-3.2916382068868892,0.11529534912865443,1.2376886573668573,1.127534366861207,1.0,-0.4163949809743013,0.960995999999999
cubic_drag,combined_shift,residual_learned_certificate,certificate,96,0.00791646387791224,0.0,0.0,1.0,-1.190300577807846,0.020400019444943705,0.85361508,0.72002431998,0.510981999999999,0.23721199999999978,1.1319960000000007
cubic_drag,combined_shift,robust_interval_certificate,certificate,96,0.009671346669247499,0.0,0.0,0.78125,-1.3784182615582108,0.03060367029492565,0.85361508,0.7170366672,0.4828819999999989,0.29401199999999955,0.9672960000000007
cubic_drag,combined_shift,uncertainty_margin_certificate,certificate,96,0.009311817135476087,0.0,0.0,1.0,-1.3219997374541141,0.028447211345629133,0.85361508,0.71874389736,0.4900820000000006,0.2720120000000001,1.0140959999999988
cubic_drag,contact_surprise,adaptive_calibrated_certificate,certificate,96,0.007394491898802816,0.0,0.0,1.0,-0.9420767651731521,0.021970098098272606,0.88602624,0.7491351859200001,0.7083159999999982,0.38205599999999934,1.0608479999999973
cubic_drag,contact_surprise,aggressive_black_box,open,96,0.006075700100152179,93.45626818807642,119.81572844625191,0.0,-5.497973246841501,0.22011090912586295,1.9114154080335835,1.703071128557923,1.0,-1.1602012844625185,1.143647999999999
cubic_drag,contact_surprise,calibrated_black_box,open,96,0.005960211047258502,43.173856605458035,58.34304946683517,0.0,-3.2140751974058652,0.12138735486085465,1.396915516785412,1.2753838668250812,1.0,-0.47437449466835196,1.0560480000000008
cubic_drag,contact_surprise,energy_loss_only,regularized,96,0.00648092171316203,25.919528187805142,37.027897411150214,0.0,-2.4749072362633258,0.09030791104955921,1.2168643206429635,1.1043043709834894,1.0,-0.21542297411150224,0.9858480000000006
cubic_drag,contact_surprise,fixed_nominal_certificate,certificate,96,0.0070070952934327925,0.0,0.0,1.0,-1.0161361831133426,0.026218372419937505,0.88602624,0.74736313344,0.7019159999999988,0.3088559999999996,0.9924479999999996
cubic_drag,contact_surprise,hamiltonian_predictor,structured,96,0.01175499369681185,18.219845981302136,29.386848356938923,0.0,-2.3264059814411113,0.08571488924238474,1.1538840102299865,1.034457015171183,1.0,-0.11341248356938932,0.8556480000000012
cubic_drag,contact_surprise,mpc_safety_filter,filter,96,0.007221981753973283,0.0,0.0,1.0,-1.0072265597744365,0.025892951700091853,0.88602624,0.78812034048,0.7011159999999994,0.3380560000000008,0.999048000000001
cubic_drag,contact_surprise,oracle_limit_certificate,oracle,96,0.00548848758214386,0.0,0.0,1.0,-0.8768504777776386,0.018742954703045996,0.88602624,0.73362972672,0.7144159999999999,0.504855999999999,1.1109479999999976
cubic_drag,contact_surprise,overconfident_certificate,certificate,96,0.00593389286344102,2.826449142089455,103.98697397020896,0.0,-4.906693678970947,0.19439622816929267,1.7801166816913572,1.2167097519360426,0.2759681041191641,-0.9680137397020893,1.1244480000000008
cubic_drag,contact_surprise,passivity_filter,filter,96,0.007580921713162027,2.600969272755257e-05,5.201938545510514e-05,1.0,-1.1808740960499453,0.03574057388355912,0.8860474424523145,0.7797217493580367,0.6856157919224595,0.3123554798061458,0.8562479999999991
cubic_drag,contact_surprise,port_hamiltonian_predictor,structured,96,0.008012702359331372,9.0334880445635,13.28454124200515,1.0,-1.6350198385965422,0.05474119961727921,1.014712972999766,0.9244035184027868,1.0,0.09341058757994851,0.9090479999999989
cubic_drag,contact_surprise,residual_learned_certificate,certificate,96,0.006819699278170353,0.0,0.0,1.0,-0.9114584439394187,0.020352214574697342,0.88602624,0.74736313344,0.7101159999999994,0.3930560000000007,1.0800480000000015
cubic_drag,contact_surprise,robust_interval_certificate,certificate,96,0.008650471155006521,0.0,0.0,1.0,-1.0998536359986677,0.03148487447301062,0.88602624,0.7442620416000001,0.6820159999999991,0.44985599999999953,0.9153479999999994
cubic_drag,contact_surprise,uncertainty_margin_certificate,certificate,96,0.008183134065574324,0.0,0.0,1.0,-1.0484570464859482,0.028218602933554045,0.88602624,0.74603409408,0.6892160000000014,0.4278559999999991,0.9621479999999992
cubic_drag,mild_damping_loss,adaptive_calibrated_certificate,certificate,96,0.007385516953279595,0.0,0.0,1.0,-0.7735345880607224,0.021994564547738234,0.91746,0.7757124300000001,0.8248799999999988,0.4732800000000006,1.030439999999999
cubic_drag,mild_damping_loss,aggressive_black_box,open,96,0.005462295981914452,34.14647508650446,43.777532162185175,0.0,-2.3828264373415973,0.09003267873313874,1.3378973642009728,1.1920665515030668,1.0,-0.3085953216218517,1.1132400000000013
cubic_drag,mild_damping_loss,calibrated_black_box,open,96,0.005942298641683581,13.20664457139773,17.846816988375306,0.9270833333333334,-1.4809421085231749,0.05173046293766192,1.0992240966120712,1.003591600206821,1.0,0.021811830116246947,1.0256399999999992
cubic_drag,mild_damping_loss,energy_loss_only,regularized,96,0.00648279400172271,5.587652367737284,7.982360525338976,1.0,-1.176638242786034,0.04048882554643232,1.008206253755324,0.9149471752829567,1.0,0.16625639474661033,0.9554399999999995
cubic_drag,mild_damping_loss,fixed_nominal_certificate,certificate,96,0.007033449731885162,0.0,0.0,1.0,-0.8593940357696727,0.02650026996067938,0.91746,0.7738775100000002,0.8184799999999993,0.40007999999999994,0.9620400000000008
cubic_drag,mild_damping_loss,hamiltonian_predictor,structured,96,0.010718308698686965,2.758075564161981,4.44850897445481,1.0,-1.1948993402585018,0.042517765562746564,0.9743566489117687,0.8735107357494006,1.0,0.227194910255452,0.8252399999999994
cubic_drag,mild_damping_loss,mpc_safety_filter,filter,96,0.007211371592913606,0.0,0.0,1.0,-0.8423499300219884,0.02531302917219762,0.91746,0.8160806700000001,0.8176800000000002,0.4292799999999992,0.9686399999999984
cubic_drag,mild_damping_loss,oracle_limit_certificate,oracle,96,0.005462518059456932,0.0,0.0,1.0,-0.7116545934470548,0.018603261492627653,0.91746,0.7596568800000001,0.8309799999999982,0.5960800000000005,1.0805399999999994
cubic_drag,mild_damping_loss,overconfident_certificate,certificate,96,0.00537141585014556,1.1958773522592103,30.39541867271276,0.0,-1.8884174954394355,0.06957248170429109,1.2168175666755394,0.8316948068227312,0.6868983253091491,-0.14087418672712754,1.0940400000000026
cubic_drag,mild_damping_loss,passivity_filter,filter,96,0.007582794001722712,0.0,0.0,1.0,-1.0120097361187532,0.035298812653356056,0.91746,0.8073648000000001,0.8021799999999987,0.40358000000000027,0.8258399999999996
cubic_drag,mild_damping_loss,port_hamiltonian_predictor,structured,96,0.007978711418214891,0.010135545367245351,0.014905213775360809,1.0,-0.9628728143069426,0.03247226203984658,0.9192719438277835,0.8374567408271109,1.0,0.3173309478622462,0.8786400000000002
cubic_drag,mild_damping_loss,residual_learned_certificate,certificate,96,0.006766225338947684,0.0,0.0,1.0,-0.7574381543500642,0.020628493841328577,0.91746,0.7738775100000002,0.8266800000000004,0.4842799999999989,1.0496399999999977
cubic_drag,mild_damping_loss,robust_interval_certificate,certificate,96,0.008577850347579859,0.0,0.0,1.0,-0.93444194272979,0.031188087583174175,0.91746,0.7706664000000001,0.7985800000000008,0.5410800000000008,0.8849400000000002
cubic_drag,mild_damping_loss,uncertainty_margin_certificate,certificate,96,0.008167831802588134,0.0,0.0,1.0,-0.8765512895820092,0.028225484707597726,0.91746,0.7725013200000002,0.805779999999999,0.5190800000000005,0.9317400000000008
cubic_drag,nominal,adaptive_calibrated_certificate,certificate,96,0.006378038515175169,0.0,0.0,1.0,-0.7127095744572592,0.02130707856773543,0.9,0.7609500000000001,0.8695000000000012,0.5082000000000004,1.018799999999999
cubic_drag,nominal,aggressive_black_box,open,96,0.004491784828958215,15.860091974650375,20.333451249551768,0.4270833333333333,-1.411989147024294,0.05082383135315899,1.108261409228218,0.9874609156223422,1.0,-0.0392345124955177,1.1016000000000015
cubic_drag,nominal,calibrated_black_box,open,96,0.005014731036197769,3.5391035109206572,4.78257231205494,1.0,-0.9137143704186673,0.030167337159414356,0.9609053379677919,0.877306573564594,1.0,0.18737427687945055,1.0139999999999993
cubic_drag,nominal,energy_loss_only,regularized,96,0.005473433828174701,0.16014337926816571,0.22877625609737964,1.0,-0.8159288019568943,0.027336863934007933,0.9087019766135029,0.824647043776754,1.0,0.27871223743902607,0.9437999999999999
cubic_drag,nominal,fixed_nominal_certificate,certificate,96,0.005972144125863533,0.0,0.0,1.0,-0.7954713367550833,0.02620382082754091,0.9,0.7591500000000001,0.8631000000000015,0.4350000000000001,0.9504000000000009
cubic_drag,nominal,hamiltonian_predictor,structured,96,0.009217305620401172,0.0,0.0,1.0,-0.9577316884618896,0.03547918799527952,0.9,0.8068500000000001,1.0,0.3065999999999996,0.8135999999999993
cubic_drag,nominal,mpc_safety_filter,filter,96,0.006172947637127761,0.0,0.0,1.0,-0.7810548260795981,0.025973715533082132,0.9,0.8005500000000001,0.8623000000000003,0.4642000000000001,0.9569999999999985
cubic_drag,nominal,oracle_limit_certificate,oracle,96,0.0044718169400013155,0.0,0.0,1.0,-0.6545878596507027,0.018030760459138036,0.9,0.7452000000000001,0.8756000000000007,0.6310000000000001,1.0688999999999995
cubic_drag,nominal,overconfident_certificate,certificate,96,0.004297715300690823,0.4160921221196019,9.456639139081865,1.0,-1.0103112930391425,0.03368010736398009,1.004146224454843,0.6863339444148852,0.8152734434436727,0.10343360860918144,1.0824000000000027
cubic_drag,nominal,passivity_filter,filter,96,0.006573433828174699,0.0,0.0,1.0,-0.9527906660148039,0.03532794429864239,0.9,0.792,0.8468000000000013,0.43849999999999983,0.8141999999999997
cubic_drag,nominal,port_hamiltonian_predictor,structured,96,0.006983217610884617,0.0,0.0,1.0,-0.8998788972758965,0.031806772258591826,0.9,0.8199000000000001,1.0,0.35239999999999977,0.8670000000000003
cubic_drag,nominal,residual_learned_certificate,certificate,96,0.0057673072273044185,0.0,0.0,1.0,-0.6867007079514185,0.020630316768611896,0.9,0.7591500000000001,0.8713000000000006,0.5191999999999997,1.0379999999999978
cubic_drag,nominal,robust_interval_certificate,certificate,96,0.00761568857520675,0.0,0.0,1.0,-0.8806711894635093,0.03160954894114976,0.9,0.7560000000000001,0.8432000000000003,0.5760000000000004,0.8733000000000003
cubic_drag,nominal,uncertainty_margin_certificate,certificate,96,0.007192585169340334,0.0,0.0,1.0,-0.8254993903285347,0.028193022325397207,0.9,0.7578000000000001,0.8503999999999988,0.5540000000000004,0.9201000000000009
cubic_drag,payload_decrease,adaptive_calibrated_certificate,certificate,96,0.007048891898802816,0.0,0.0,1.0,-0.7640927651731516,0.021970098098272606,0.913014,0.7719533370000001,0.836241999999999,0.4821719999999991,1.0274759999999976
cubic_drag,payload_decrease,aggressive_black_box,open,96,0.005133442734144848,28.75087683506803,36.86009850649746,0.0,-2.094342532264093,0.07908633822828053,1.271707679895067,1.1330915427865047,1.0,-0.23052898506497452,1.1102759999999992
cubic_drag,payload_decrease,calibrated_black_box,open,96,0.005614611047258505,10.156010419647584,13.724338404929165,1.0,-1.3011372364747111,0.04553554605561442,1.057650779870411,0.9656351620216852,1.0,0.07192861595070835,1.0226760000000006
cubic_drag,payload_decrease,energy_loss_only,regularized,96,0.006135321713162031,3.6349573342225536,5.192796191746509,1.0,-1.0590471604480325,0.036188238976572897,0.9760387007454382,0.8857551209264852,1.0,0.20304403808253493,0.9524760000000004
cubic_drag,payload_decrease,fixed_nominal_certificate,certificate,96,0.006661495293432792,0.0,0.0,1.0,-0.8381521831133428,0.026218372419937505,0.913014,0.7701273090000001,0.8298419999999994,0.4089719999999993,0.9590759999999997
cubic_drag,payload_decrease,hamiltonian_predictor,structured,96,0.01025808179838655,1.350037207383667,2.1774793667478503,1.0,-1.090412877626521,0.03945896195905988,0.9469245554956581,0.8489178640018575,1.0,0.2587972063325215,0.822276000000001
cubic_drag,payload_decrease,mpc_safety_filter,filter,96,0.006876381753973288,0.0,0.0,1.0,-0.8292425597744368,0.025892951700091853,0.913014,0.812125953,0.8290420000000008,0.4381720000000009,0.965676000000001
cubic_drag,payload_decrease,oracle_limit_certificate,oracle,96,0.0051428875821438605,0.0,0.0,1.0,-0.6988664777776387,0.018742954703045996,0.913014,0.7559755920000001,0.8423420000000011,0.6049719999999984,1.0775759999999976
cubic_drag,payload_decrease,overconfident_certificate,certificate,96,0.005006964834243702,0.9748431473825817,24.0526219696859,0.0,-1.620542335782609,0.058507829768403526,1.1544453185758916,0.789063375246622,0.7236315121212563,-0.0685542196968589,1.0910760000000008
cubic_drag,payload_decrease,passivity_filter,filter,96,0.007235321713162028,0.0,0.0,1.0,-1.0028880733281609,0.035740485450603855,0.913014,0.80345232,0.8135419999999987,0.41247200000000045,0.8228759999999994
cubic_drag,payload_decrease,port_hamiltonian_predictor,structured,96,0.007667102359331373,0.0,0.0,1.0,-0.9404797369424137,0.03215747950587044,0.913014,0.831755754,1.0,0.32637199999999944,0.875675999999999
cubic_drag,payload_decrease,residual_learned_certificate,certificate,96,0.006474099278170355,0.0,0.0,1.0,-0.7334744439394187,0.020352214574697342,0.913014,0.7701273090000001,0.8380420000000011,0.4931720000000008,1.0466760000000013
cubic_drag,payload_decrease,robust_interval_certificate,certificate,96,0.008304871155006525,0.0,0.0,1.0,-0.9218696359986671,0.03148487447301062,0.913014,0.7669317600000001,0.8099420000000008,0.5499719999999989,0.8819759999999995
cubic_drag,payload_decrease,uncertainty_margin_certificate,certificate,96,0.007837534065574322,0.0,0.0,1.0,-0.8704730464859473,0.028218602933554045,0.913014,0.768757788,0.8171419999999996,0.5279719999999989,0.9287759999999993
cubic_drag,payload_increase,adaptive_calibrated_certificate,certificate,96,0.007274491898802814,0.0,0.0,1.0,-0.8008287651731512,0.021970098098272606,0.9233460000000001,0.7806890430000002,0.8098379999999993,0.46150800000000003,1.0343639999999976
cubic_drag,payload_increase,aggressive_black_box,open,96,0.005452875172025397,38.54350538085834,49.41475048827994,0.0,-2.6192536199237204,0.10042924659731069,1.3970759630469454,1.2447946830748284,1.0,-0.3767395048827992,1.1171640000000016
cubic_drag,payload_increase,calibrated_black_box,open,96,0.005840211047258503,15.168944337776587,20.49857342942782,0.3854166666666667,-1.601282591167317,0.057051745597262116,1.1311375828072738,1.032728613103041,1.0,-0.016477734294278255,1.0295639999999981
cubic_drag,payload_increase,energy_loss_only,regularized,96,0.006360921713162025,6.8946539126927675,9.849505589561089,1.0,-1.2768546486726544,0.04410464495285769,1.0310013410822614,0.9356337170321523,1.0,0.13581294410438904,0.9593639999999986
cubic_drag,payload_increase,fixed_nominal_certificate,certificate,96,0.006887095293432792,0.0,0.0,1.0,-0.8748881831133429,0.026218372419937505,0.9233460000000001,0.7788423510000002,0.803438,0.3883079999999997,0.9659639999999997
cubic_drag,payload_increase,hamiltonian_predictor,structured,96,0.0107509583219991,3.6523677146237516,5.890915668747986,1.0,-1.271542134793494,0.045771803672460115,0.9944054935486951,0.8914845249664053,1.0,0.20099884331252013,0.8291640000000005
cubic_drag,payload_increase,mpc_safety_filter,filter,96,0.007101981753973284,0.0,0.0,1.0,-0.8659785597744364,0.025892951700091853,0.9233460000000001,0.8213162670000002,0.8026380000000013,0.41750800000000016,0.972564000000001
cubic_drag,payload_increase,oracle_limit_certificate,oracle,96,0.005368487582143862,0.0,0.0,1.0,-0.7356024777776388,0.018742954703045996,0.9233460000000001,0.7645304880000001,0.8159380000000014,0.584308,1.084463999999998
cubic_drag,payload_increase,overconfident_certificate,certificate,96,0.005323233288187196,1.3597743753222604,35.9972461593635,0.0,-2.121733102774033,0.07881369089085545,1.2748996063480595,0.8713938809388987,0.6494490153625462,-0.20866446159363514,1.0979640000000013
cubic_drag,payload_increase,passivity_filter,filter,96,0.007460921713162027,0.0,0.0,1.0,-1.0396240733281614,0.035740485450603855,0.9233460000000001,0.8125444800000001,0.7871379999999991,0.39180799999999993,0.8297639999999986
cubic_drag,payload_increase,port_hamiltonian_predictor,structured,96,0.00789270235933137,0.10869853729288743,0.15985079013659917,1.0,-0.9834313750660854,0.032429225849102655,0.9301636160793422,0.8473790542482807,1.0,0.30410949209863364,0.8825640000000011
cubic_drag,payload_increase,residual_learned_certificate,certificate,96,0.006699699278170355,0.0,0.0,1.0,-0.7702104439394183,0.020352214574697342,0.9233460000000001,0.7788423510000002,0.8116380000000009,0.4725079999999997,1.0535639999999986
cubic_drag,payload_increase,robust_interval_certificate,certificate,96,0.008530471155006525,0.0,0.0,1.0,-0.958605635998668,0.03148487447301062,0.9233460000000001,0.7756106400000001,0.7835379999999992,0.5293080000000002,0.8888639999999991
cubic_drag,payload_increase,uncertainty_margin_certificate,certificate,96,0.008063134065574325,0.0,0.0,1.0,-0.9072090464859471,0.028218602933554045,0.9233460000000001,0.7774573320000002,0.7907379999999998,0.5073080000000013,0.9356640000000015
cubic_drag,sensor_noise,adaptive_calibrated_certificate,certificate,96,0.006484745046305126,0.0,0.0,1.0,-0.7632375447883719,0.02248172392347884,0.9143100000000001,0.7730491050000002,0.8329300000000001,0.4795799999999992,1.02834
cubic_drag,sensor_noise,aggressive_black_box,open,96,0.004738530772823334,27.285742653344055,34.9817213504411,0.0,-2.0303639835826766,0.07594789643411795,1.2550426252374351,1.1182429790865547,1.0,-0.21433721350441107,1.111140000000002
cubic_drag,sensor_noise,calibrated_black_box,open,96,0.005118581222784066,8.815303107108301,11.912571766362568,1.0,-1.2397487711553674,0.04251034214118441,1.041376664816876,0.9507768949778079,1.0,0.0874542823363743,1.0235399999999981
cubic_drag,sensor_noise,energy_loss_only,regularized,96,0.005625389139125456,2.61734455455964,3.7390636493709155,1.0,-1.0008568575474444,0.03281585422966458,0.9628265198905009,0.8737650668006297,1.0,0.21498936350629086,0.9533399999999984
cubic_drag,sensor_noise,fixed_nominal_certificate,certificate,96,0.006107406839068351,0.0,0.0,1.0,-0.841694067053739,0.026436122198443334,0.9143100000000001,0.7712204850000002,0.82653,0.40637999999999935,0.9599400000000019
cubic_drag,sensor_noise,hamiltonian_predictor,structured,96,0.009515103734802393,0.6392661727706447,1.0310744722107166,1.0,-1.0522617384832362,0.037445946991763505,0.9354505963327334,0.8386314596122956,1.0,0.2676692552778928,0.8231399999999996
cubic_drag,sensor_noise,mpc_safety_filter,filter,96,0.006311477791330663,0.0,0.0,1.0,-0.8354618368549765,0.025946896523808702,0.9143100000000001,0.8132787450000001,0.8257299999999986,0.43558000000000097,0.9665399999999988
cubic_drag,sensor_noise,oracle_limit_certificate,oracle,96,0.004605028393318919,0.0,0.0,1.0,-0.6992543702595478,0.018540484965980084,0.9143100000000001,0.7570486800000001,0.8390299999999993,0.6023799999999985,1.0784400000000003
cubic_drag,sensor_noise,overconfident_certificate,certificate,96,0.0045635474549888195,0.8917276400427797,22.191111886392093,0.052083333333333336,-1.5517012616442087,0.055561012405309855,1.1386161967486832,0.778244170477725,0.7277655524544316,-0.05253111886392087,1.0919399999999981
cubic_drag,sensor_noise,passivity_filter,filter,96,0.006725389139125455,0.0,0.0,1.0,-1.001224706605306,0.03483944602573403,0.9143100000000001,0.8045928000000001,0.8102299999999998,0.4098800000000005,0.8237400000000007
cubic_drag,sensor_noise,port_hamiltonian_predictor,structured,96,0.007093557475242096,0.0,0.0,1.0,-0.9480321041115527,0.03169018412630454,0.9143100000000001,0.8329364100000001,1.0,0.3237799999999995,0.8765400000000007
cubic_drag,sensor_noise,residual_learned_certificate,certificate,96,0.005898889444390054,0.0,0.0,1.0,-0.7440848648418567,0.020816752132100255,0.9143100000000001,0.7712204850000002,0.834729999999999,0.49058000000000074,1.0475399999999988
cubic_drag,sensor_noise,robust_interval_certificate,certificate,96,0.007707072189445701,0.0,0.0,1.0,-0.9277521685862472,0.031099440899551148,0.9143100000000001,0.7680204000000002,0.8066299999999988,0.547379999999999,0.8828400000000012
cubic_drag,sensor_noise,uncertainty_margin_certificate,certificate,96,0.007310257117008664,0.0,0.0,1.0,-0.8761453483113889,0.028331247770527795,0.9143100000000001,0.7698490200000001,0.8138300000000003,0.525379999999999,0.9296400000000012
cubic_drag,severe_damping_loss,adaptive_calibrated_certificate,certificate,96,0.008599067756621495,0.0,0.0,1.0,-0.8522373039115848,0.02102941213357114,0.93987,0.7946600850000001,0.7676099999999998,0.42846000000000056,1.0453799999999986
cubic_drag,severe_damping_loss,aggressive_black_box,open,96,0.00692840123984196,61.075680525520994,78.30215451989874,0.0,-3.8046279745193456,0.1491728670817048,1.6762041054700247,1.493497857973792,1.0,-0.6986615451989876,1.1281800000000002
cubic_drag,severe_damping_loss,calibrated_black_box,open,96,0.007275510082344742,28.436443703000432,38.42762662567626,0.0,-2.3605524318803988,0.08716616966152659,1.3121811374512462,1.1980213784929878,1.0,-0.22881626625676268,1.0405800000000014
cubic_drag,severe_damping_loss,energy_loss_only,regularized,96,0.007746277491218191,16.449378063005383,23.499111518579117,0.0,-1.8592491340564596,0.06680235166035065,1.1779101423305374,1.0689534541649628,1.0,-0.03373111518579123,0.9703800000000012
cubic_drag,severe_damping_loss,fixed_nominal_certificate,certificate,96,0.008232295526564787,0.0,0.0,1.0,-0.9376361273984863,0.026781122950783248,0.93987,0.7927803450000002,0.7612099999999996,0.3552600000000006,0.9769799999999985
cubic_drag,severe_damping_loss,hamiltonian_predictor,structured,96,0.01284703072800752,11.300769711333631,18.227047921505868,0.75,-1.8114077982881032,0.06650741468985251,1.1261327909869943,1.0095780471198403,1.0,0.044589520784941335,0.8401799999999994
cubic_drag,severe_damping_loss,mpc_safety_filter,filter,96,0.00843865018226349,0.0,0.0,1.0,-0.9265248046025252,0.0253255698460102,0.93987,0.836014365,0.7604099999999994,0.38446,0.9835800000000022
cubic_drag,severe_damping_loss,oracle_limit_certificate,oracle,96,0.00673146805210901,0.0,0.0,1.0,-0.7953751915573757,0.018801035906132222,0.93987,0.77821236,0.7737099999999999,0.5512599999999993,1.0954799999999985
cubic_drag,severe_damping_loss,overconfident_certificate,certificate,96,0.006714435666540105,2.1408082756876117,64.15752444520533,0.0,-3.2794653079258502,0.12724891450763232,1.5482523484671231,1.0582304801772786,0.49457990221917836,-0.5233152444520534,1.1089800000000016
cubic_drag,severe_damping_loss,passivity_filter,filter,96,0.008846277491218196,0.0,0.0,1.0,-1.0912672817680293,0.03523386207876613,0.93987,0.8270856,0.7449099999999995,0.3587599999999999,0.8407799999999997
cubic_drag,severe_damping_loss,port_hamiltonian_predictor,structured,96,0.009219501826443797,4.827720526359953,7.099589009352872,1.0,-1.3150181813833026,0.04401296690019233,1.0222789482800094,0.9312961218830886,1.0,0.2016641099064713,0.89358
cubic_drag,severe_damping_loss,residual_learned_certificate,certificate,96,0.008015986433779721,0.0,0.0,1.0,-0.8338523403077468,0.020558373243082243,0.93987,0.7927803450000002,0.7694099999999996,0.43945999999999946,1.064580000000002
cubic_drag,severe_damping_loss,robust_interval_certificate,certificate,96,0.009821155563227659,0.0,0.0,1.0,-1.0163108139800043,0.03093471778052807,0.93987,0.7894908,0.741309999999999,0.49625999999999965,0.89988
cubic_drag,severe_damping_loss,uncertainty_margin_certificate,certificate,96,0.009441618779980914,0.0,0.0,1.0,-0.9612808357143949,0.027756304888835667,0.93987,0.7913705400000001,0.7485100000000008,0.4742600000000005,0.9466800000000005
high_damping_environment,action_latency,adaptive_calibrated_certificate,certificate,96,0.007127946646695138,0.0,0.0,1.0,-0.8313399371223024,0.02172073588983274,0.9873729999999998,0.8348238715,0.7790179999999994,0.4373879999999992,1.042404000000001
high_damping_environment,action_latency,aggressive_black_box,open,96,0.005518570110248886,49.13790538399595,62.99731459486663,0.0,-3.1977891254751287,0.12398442235757738,1.6171609029976228,1.440890364570882,1.0,-0.5366851459486659,1.1252039999999977
high_damping_environment,action_latency,calibrated_black_box,open,96,0.00573726925013537,20.173671122661577,27.261717733326464,0.0,-1.9146517771110012,0.0690139076929591,1.2717604820164605,1.1611173200810285,1.0,-0.10822917733326455,1.0376040000000015
high_damping_environment,action_latency,energy_loss_only,regularized,96,0.006224269385630099,10.030922671653528,14.329889530933615,1.0,-1.487794617910338,0.05086203174337811,1.1465797322425595,1.0405211070101228,1.0,0.06688910469066388,0.9674040000000009
high_damping_environment,action_latency,fixed_nominal_certificate,certificate,96,0.006740227989740909,0.0,0.0,1.0,-0.919079742853767,0.02626506358728663,0.9873729999999998,0.8328491255,0.772618,0.36418799999999935,0.9740039999999984
high_damping_environment,action_latency,hamiltonian_predictor,structured,96,0.010826522533175639,5.9956027486000325,9.670327013871026,1.0,-1.4678257252903821,0.05156501419147982,1.0998286299311426,0.9859963667332694,1.0,0.13908472986128978,0.837204
high_damping_environment,action_latency,mpc_safety_filter,filter,96,0.006934716214658586,0.0,0.0,1.0,-0.9114699184009907,0.025484443915373235,0.9873729999999998,0.8782682835,0.7718180000000007,0.3933880000000009,0.9806039999999997
high_damping_environment,action_latency,oracle_limit_certificate,oracle,96,0.005219100477550626,0.0,0.0,1.0,-0.777628702207581,0.01924918307094897,0.9873729999999998,0.8175448439999999,0.7851179999999985,0.5601879999999987,1.0925040000000013
high_damping_environment,action_latency,overconfident_certificate,certificate,96,0.00534698421620226,1.709999335459388,49.48143824538716,0.0,-2.6902439875874027,0.10178350860444486,1.4858802183754847,1.0155991292596438,0.5646922470184513,-0.36762638245387186,1.1060039999999989
high_damping_environment,action_latency,passivity_filter,filter,96,0.007324269385630101,0.0,0.0,1.0,-1.0763487933895148,0.034881219540790945,0.9873729999999998,0.8688882399999999,0.7563179999999994,0.36768800000000046,0.8378040000000002
high_damping_environment,action_latency,port_hamiltonian_predictor,structured,96,0.007692866019833935,0.9248512717924945,1.3600753996948445,1.0,-1.0772886882908257,0.03418129879199932,1.0124260409957635,0.9223201233471405,1.0,0.26798724600305146,0.8906040000000002
high_damping_environment,action_latency,residual_learned_certificate,certificate,96,0.006562745800038146,0.0,0.0,1.0,-0.8117875852678561,0.020632386616463775,0.9873729999999998,0.8328491255,0.7808179999999979,0.4483880000000007,1.0616040000000015
high_damping_environment,action_latency,robust_interval_certificate,certificate,96,0.008341885095012533,0.0,0.0,1.0,-1.001649039851719,0.03163837084948808,0.9873729999999998,0.82939332,0.7527180000000011,0.5051879999999992,0.8969040000000011
high_damping_environment,action_latency,uncertainty_margin_certificate,certificate,96,0.007918697700717889,0.0,0.0,1.0,-0.946852371700886,0.02849246851007187,0.9873729999999998,0.8313680659999999,0.7599179999999993,0.483187999999999,0.943703999999998
high_damping_environment,actuator_saturation,adaptive_calibrated_certificate,certificate,96,0.0070443615772685,0.0,0.0,1.0,-0.8255313035993743,0.021960649821228417,0.984143,0.8320929065000001,0.7868380000000016,0.4435080000000007,1.0403639999999978
high_damping_environment,actuator_saturation,aggressive_black_box,open,96,0.005389009500741644,45.914412451442416,58.86463134800305,0.0,-3.022940373671386,0.11680663967903517,1.5741496334638736,1.4025673234163114,1.0,-0.4892383134800307,1.1231640000000016
high_damping_environment,actuator_saturation,calibrated_black_box,open,96,0.0056322879137792915,18.481548814896918,24.97506596607691,0.0,-1.8115841133605708,0.0649743785297607,1.2462668943953106,1.1378416745829185,1.0,-0.07924265966076909,1.0355639999999982
high_damping_environment,actuator_saturation,energy_loss_only,regularized,96,0.006167650173388922,8.944194124948291,12.777420178497565,1.0,-1.4210687047721704,0.048868432425908125,1.125551907855888,1.0214383563792184,1.0,0.08853379821502443,0.9653639999999987
high_damping_environment,actuator_saturation,fixed_nominal_certificate,certificate,96,0.006650951642445741,0.0,0.0,1.0,-0.9076511926418863,0.026646004178858155,0.984143,0.8301246205000001,0.7804379999999992,0.3703080000000007,0.9719639999999999
high_damping_environment,actuator_saturation,hamiltonian_predictor,structured,96,0.010625092391013039,4.980190017014784,8.032564543572231,1.0,-1.3934127765601412,0.04883889510364748,1.0816725880558644,0.9697194751920826,1.0,0.16158235456427772,0.8351640000000007
high_damping_environment,actuator_saturation,mpc_safety_filter,filter,96,0.006844815167435751,0.0,0.0,1.0,-0.8981906942206317,0.02591603847446239,0.984143,0.8753951985,0.7796379999999998,0.39950800000000014,0.9785640000000012
high_damping_environment,actuator_saturation,oracle_limit_certificate,oracle,96,0.005095957560284356,0.0,0.0,1.0,-0.7686820961823333,0.018441456282350367,0.984143,0.8148704040000001,0.7929380000000007,0.5663079999999995,1.0904639999999983
high_damping_environment,actuator_saturation,overconfident_certificate,certificate,96,0.005232209477609692,1.5926352026664752,45.022253456354726,0.0,-2.5054244960387844,0.09458383505466121,1.4411572648804893,0.9850309905458144,0.5903489861745811,-0.3169145345635473,1.1039640000000015
high_damping_environment,actuator_saturation,passivity_filter,filter,96,0.007267650173388921,0.0,0.0,1.0,-1.0699890985514715,0.03552681812246227,0.984143,0.86604584,0.7641380000000012,0.3738079999999999,0.8357639999999987
high_damping_environment,actuator_saturation,port_hamiltonian_predictor,structured,96,0.007624925726509941,0.45119130785717326,0.6635166292017255,1.0,-1.0411796319123543,0.03299407168752355,1.0008728170077439,0.9117951362940547,1.0,0.2810728337079827,0.8885640000000011
high_damping_environment,actuator_saturation,residual_learned_certificate,certificate,96,0.006415853887784884,0.0,0.0,1.0,-0.805675688064837,0.021335989844361913,0.984143,0.8301246205000001,0.7886380000000002,0.45450799999999947,1.0595639999999988
high_damping_environment,actuator_saturation,robust_interval_certificate,certificate,96,0.00824592435893707,0.0,0.0,1.0,-0.9890053701177538,0.03117090279030318,0.984143,0.82668012,0.7605379999999985,0.5113079999999998,0.8948639999999987
high_damping_environment,actuator_saturation,uncertainty_margin_certificate,certificate,96,0.007840032375378555,0.0,0.0,1.0,-0.9361065874304386,0.028590278981200614,0.984143,0.8286484060000001,0.767738,0.4893080000000007,0.9416640000000017
high_damping_environment,cap_loosening,adaptive_calibrated_certificate,certificate,96,0.006442460292581521,0.0,0.0,1.0,-0.7162839044943644,0.02207915211854475,1.2195264,1.0311095712,0.8628300000000012,0.5029800000000008,1.020539999999998
high_damping_environment,cap_loosening,aggressive_black_box,open,96,0.004528981651868412,18.426958750881372,23.62430609087357,0.0,-1.5508952697417044,0.0561762680774362,1.5393777404445554,1.371585566736099,1.0,-0.07736306090873564,1.1033400000000018
high_damping_environment,cap_loosening,calibrated_black_box,open,96,0.005024527025990922,4.770894835455391,6.447155183047825,1.0,-0.9893845338418087,0.03275511153413246,1.3216756933797047,1.2066899080556703,1.0,0.16550844816952168,1.0157399999999985
high_damping_environment,cap_loosening,energy_loss_only,regularized,96,0.00559739452961727,0.47864189116838946,0.6837741302405567,1.0,-0.8421176511073019,0.02830317396089078,1.2422068136593574,1.1273026833958668,1.0,0.2689422586975945,0.9455399999999988
high_damping_environment,cap_loosening,fixed_nominal_certificate,certificate,96,0.006093128715596747,0.0,0.0,1.0,-0.8055274491024661,0.025889557027305676,1.2195264,1.0286705184,0.8564300000000018,0.42978000000000044,0.9521399999999999
high_damping_environment,cap_loosening,hamiltonian_predictor,structured,96,0.009371317354996299,0.0009422928642548752,0.0015198272004110893,1.0,-0.9665207682574518,0.035469778790831324,1.2200172642775484,1.0937454774248223,1.0,0.30136480172799646,0.8153400000000005
high_damping_environment,cap_loosening,mpc_safety_filter,filter,96,0.00627647387938851,0.0,0.0,1.0,-0.7943393219500273,0.02595947819998841,1.2195264,1.0847687328,0.8556300000000006,0.45897999999999933,0.9587400000000014
high_damping_environment,cap_loosening,oracle_limit_certificate,oracle,96,0.004590483212668656,0.0,0.0,1.0,-0.6588599404081071,0.018448005175199574,1.2195264,1.0097678592,0.8689300000000008,0.6257799999999992,1.0706399999999985
high_damping_environment,cap_loosening,overconfident_certificate,certificate,96,0.004423177104372812,0.5099308841424383,11.775606968003844,1.0,-1.1105381504463272,0.037308088872912176,1.3911828418507937,0.9508734724050175,0.7993275721279849,0.07502393031996162,1.0841400000000014
high_damping_environment,cap_loosening,passivity_filter,filter,96,0.00669739452961727,0.0,0.0,1.0,-0.9612873778270282,0.035520757939481847,1.2195264,1.0731832319999999,0.8401300000000008,0.4332800000000008,0.8159399999999989
high_damping_environment,cap_loosening,port_hamiltonian_predictor,structured,96,0.007085951533430006,0.0,0.0,1.0,-0.9070906523691508,0.03151249748982913,1.2195264,1.1109885503999999,1.0,0.3471800000000007,0.8687400000000013
high_damping_environment,cap_loosening,residual_learned_certificate,certificate,96,0.005880359061913935,0.0,0.0,1.0,-0.6931806907991795,0.02016365662305304,1.2195264,1.0286705184,0.8646300000000001,0.5139799999999989,1.039739999999999
high_damping_environment,cap_loosening,robust_interval_certificate,certificate,96,0.007704679321512302,0.0,0.0,1.0,-0.8851675636098277,0.031588659409075376,1.2195264,1.024402176,0.8365300000000006,0.5707799999999993,0.8750399999999989
high_damping_environment,cap_loosening,uncertainty_margin_certificate,certificate,96,0.007309387092778472,0.0,0.0,1.0,-0.8334891251891158,0.02826230321977109,1.2195264,1.0268412288,0.8437299999999991,0.5487800000000006,0.9218400000000018
high_damping_environment,cap_tightening,adaptive_calibrated_certificate,certificate,96,0.006788746646695136,0.0,0.0,1.0,-0.8024119371223026,0.02172073588983274,0.7047251999999999,0.5958451566,0.7998099999999995,0.45365999999999945,1.03698
high_damping_environment,cap_tightening,aggressive_black_box,open,96,0.005125590097010681,39.951343961431924,51.21967174542555,0.0,-2.710899260917463,0.10396242951352752,1.076473709668751,0.9591380753148573,1.0,-0.4026367174542554,1.1197800000000018
high_damping_environment,cap_tightening,calibrated_black_box,open,96,0.005398069250135368,15.201649764879797,20.54276995254027,0.4166666666666667,-1.624464211602911,0.0575916964656226,0.8622868184660386,0.7872678652594933,1.0,-0.024767699525402673,1.0321799999999979
high_damping_environment,cap_tightening,energy_loss_only,regularized,96,0.005885069385630098,6.610900509869779,9.44414358552825,1.0,-1.2688892725691954,0.042556263636188994,0.7843320987805773,0.711781379643374,1.0,0.1320185641447175,0.9619799999999982
high_damping_environment,cap_tightening,fixed_nominal_certificate,certificate,96,0.006401027989740912,0.0,0.0,1.0,-0.8901517428537673,0.02626506358728663,0.7047251999999999,0.5944357062000001,0.7934100000000001,0.3804599999999996,0.9685800000000017
high_damping_environment,cap_tightening,hamiltonian_predictor,structured,96,0.010233651734400346,3.426469754474997,5.5265641201209625,1.0,-1.2777716489298052,0.044520617272104664,0.7554859805852616,0.6772931815946871,1.0,0.19679435879879045,0.8317799999999994
high_damping_environment,cap_tightening,mpc_safety_filter,filter,96,0.006595516214658582,0.0,0.0,1.0,-0.8825419184009914,0.025484443915373235,0.7047251999999999,0.6268530654,0.7926100000000007,0.4096600000000001,0.9751799999999992
high_damping_environment,cap_tightening,oracle_limit_certificate,oracle,96,0.004879900477550624,0.0,0.0,1.0,-0.7487007022075804,0.01924918307094897,0.7047251999999999,0.5835124656,0.8059099999999986,0.5764599999999992,1.08708
high_damping_environment,cap_tightening,overconfident_certificate,certificate,96,0.0049572104583531975,1.39757043163761,38.05190676425642,0.0,-2.216890085475114,0.08235330508652254,0.9841712554038252,0.6726810530685146,0.6312023729429742,-0.2370590676425642,1.100579999999998
high_damping_environment,cap_tightening,passivity_filter,filter,96,0.006985069385630098,0.0,0.0,1.0,-1.0474207933895152,0.034881219540790945,0.7047251999999999,0.620158176,0.7771099999999994,0.38395999999999947,0.8323800000000005
high_damping_environment,cap_tightening,port_hamiltonian_predictor,structured,96,0.007353666019833932,0.033006529728213455,0.04853901430619625,1.0,-0.9973629074813734,0.03195168693683863,0.7071846118698178,0.644245181413404,1.0,0.297374609856938,0.8851800000000004
high_damping_environment,cap_tightening,residual_learned_certificate,certificate,96,0.006223545800038151,0.0,0.0,1.0,-0.7828595852678558,0.020632386616463775,0.7047251999999999,0.5944357062000001,0.801609999999998,0.46466000000000013,1.0561799999999986
high_damping_environment,cap_tightening,robust_interval_certificate,certificate,96,0.008002685095012532,0.0,0.0,1.0,-0.9727210398517193,0.03163837084948808,0.7047251999999999,0.591969168,0.7735100000000013,0.5214599999999995,0.891480000000001
high_damping_environment,cap_tightening,uncertainty_margin_certificate,certificate,96,0.007579497700717894,0.0,0.0,1.0,-0.9179243717008863,0.02849246851007187,0.7047251999999999,0.5933786184000001,0.7807099999999992,0.4994599999999993,0.9382800000000012
high_damping_environment,combined_shift,adaptive_calibrated_certificate,certificate,96,0.008492746646695139,0.0,0.0,1.0,-1.2067639371223027,0.02172073588983274,0.9010381399999999,0.76182774737,0.5091820000000006,0.22621200000000022,1.112796000000002
high_damping_environment,combined_shift,aggressive_black_box,open,96,0.008333546503815471,124.79999999999986,160.0,0.0,-7.345065544768339,0.2888889875463041,2.1474381399999998,1.9133673827399997,1.0,-1.7178879999999983,1.1955959999999985
high_damping_environment,combined_shift,calibrated_black_box,open,96,0.007102069250135374,99.12136453533618,133.94778991261643,0.0,-6.438457007730516,0.25038023039775215,1.975532871907091,1.803661512051174,1.0,-1.3862658991261647,1.107996
high_damping_environment,combined_shift,energy_loss_only,regularized,96,0.0075890693856301,66.20461049575245,94.57801499393203,0.0,-4.983586728413575,0.1872838450304755,1.6680476465701566,1.5137532392624173,1.0,-0.9467681499393207,1.037796
high_damping_environment,combined_shift,fixed_nominal_certificate,certificate,96,0.008105027989740906,0.8846087658972723,14.54948628120514,0.8854166666666666,-1.8602459674121476,0.050999190265335385,1.031580707032619,0.8701383263820143,0.4445840548751796,0.007517137187948702,1.0443960000000017
high_damping_environment,combined_shift,hamiltonian_predictor,structured,96,0.015113654886456796,50.38423691835351,81.26489825540887,0.0,-4.627133033446342,0.17327578530209412,1.562683978999991,1.400946187173492,1.0,-0.7880369825540886,0.9075959999999991
high_damping_environment,combined_shift,mpc_safety_filter,filter,96,0.008299516214658584,5.2322916855980885,9.343378009996588,1.0,-1.6502018289416984,0.041368186532367436,0.9893472732279646,0.8800243995362745,0.4646084879600136,0.0887782199000342,1.0509959999999987
high_damping_environment,combined_shift,oracle_limit_certificate,oracle,96,0.006583900477550624,0.0,0.0,1.0,-1.1530527022075805,0.01924918307094897,0.9010381399999999,0.74605957992,0.5152819999999992,0.34901199999999927,1.1628960000000024
high_damping_environment,combined_shift,overconfident_certificate,certificate,96,0.008120350224563788,2.0480000000000014,160.0,0.0,-7.363071742853765,0.28966506358728655,2.1474381399999998,1.4677739686899998,0.059999999999999915,-1.6839879999999996,1.176395999999998
high_damping_environment,combined_shift,passivity_filter,filter,96,0.008689069385630098,8.051634732251303,16.103269464502606,0.0,-2.077932323247235,0.062256777630445376,1.0459510426016034,0.920436917489411,0.4220689221419895,-0.004520694645026043,0.9081959999999998
high_damping_environment,combined_shift,port_hamiltonian_predictor,structured,96,0.00905766601983393,33.865044032450854,49.8015353418395,0.0,-3.3363104166811794,0.11653178069364518,1.3128532983761263,1.1960093548206512,1.0,-0.4276033534183951,0.960995999999999
high_damping_environment,combined_shift,residual_learned_certificate,certificate,96,0.007927545800038148,0.0,0.0,1.0,-1.187211585267856,0.020632386616463775,0.9010381399999999,0.7600256710900001,0.510981999999999,0.23721199999999978,1.1319960000000007
high_damping_environment,combined_shift,robust_interval_certificate,certificate,96,0.009706685095012539,0.0,0.0,0.7395833333333334,-1.3770730398517197,0.03163837084948808,0.9010381399999999,0.7568720376,0.4828819999999989,0.29401199999999955,0.9672960000000007
high_damping_environment,combined_shift,uncertainty_margin_certificate,certificate,96,0.00928349770071789,0.0,0.0,1.0,-1.3222763717008859,0.02849246851007187,0.9010381399999999,0.7586741138800001,0.4900820000000006,0.2720120000000001,1.0140959999999988
high_damping_environment,contact_surprise,adaptive_calibrated_certificate,certificate,96,0.007423521496484779,0.0,0.0,1.0,-0.9397196263777176,0.02146842489640304,0.93524992,0.7907538073600001,0.7083159999999982,0.38205599999999934,1.0608479999999973
high_damping_environment,contact_surprise,aggressive_black_box,open,96,0.006158484165827768,94.38942725992489,121.01208623067294,0.0,-5.546729734984588,0.2222663719522201,2.030863434515721,1.8094993201535072,1.0,-1.1721648623067293,1.143647999999999
high_damping_environment,contact_surprise,calibrated_black_box,open,96,0.0060495967860589375,43.651772949695356,58.98888236445317,0.0,-3.241425075850502,0.12260692537964656,1.4825215055229677,1.3535421345424696,1.0,-0.4808328236445321,1.0560480000000008
high_damping_environment,contact_surprise,energy_loss_only,regularized,96,0.006511904506477002,26.40151686989522,37.716452671278894,0.0,-2.498120424065671,0.09190785845815715,1.2908173522537383,1.1714167471702677,1.0,-0.22230852671278892,0.9858480000000006
high_damping_environment,contact_surprise,fixed_nominal_certificate,certificate,96,0.006993157509789582,0.0,0.0,1.0,-1.0214965552302302,0.026405913410489045,0.93524992,0.7888833075200001,0.7019159999999988,0.3088559999999996,0.9924479999999996
high_damping_environment,contact_surprise,hamiltonian_predictor,structured,96,0.011783575358382843,18.710046021668308,30.177493583335984,0.0,-2.362782454117899,0.08677989173601686,1.2228726366248552,1.096305318734183,1.0,-0.12131893583335975,0.8556480000000012
high_damping_environment,contact_surprise,mpc_safety_filter,filter,96,0.00720128649381547,0.0,0.0,1.0,-1.0060424116393796,0.02587717051682462,0.93524992,0.83190480384,0.7011159999999994,0.3380560000000008,0.999048000000001
high_damping_environment,contact_surprise,oracle_limit_certificate,oracle,96,0.005506674185599279,0.0,0.0,1.0,-0.8775187167431824,0.018677448930417426,0.93524992,0.77438693376,0.7144159999999999,0.504855999999999,1.1109479999999976
high_damping_environment,contact_surprise,overconfident_certificate,certificate,96,0.005920984468746562,2.8529227252796168,104.96095498585827,0.0,-4.949926328900342,0.19623953688644805,1.8888064664518711,1.2909992198198539,0.27207218005656697,-0.9777535498585825,1.1244480000000008
high_damping_environment,contact_surprise,passivity_filter,filter,96,0.007611904506477002,0.0019665167779949174,0.003933033555989835,1.0,-1.1774644104724554,0.03617657507402821,0.9359330868551541,0.8236211164325355,0.6856002678657772,0.31231666966444044,0.8562479999999991
high_damping_environment,contact_surprise,port_hamiltonian_predictor,structured,96,0.00800573667122177,9.265760607383353,13.626118540269628,1.0,-1.654748316557157,0.05515743402029163,1.0740130593498278,0.9784258970676932,1.0,0.08999481459730364,0.9090479999999989
high_damping_environment,contact_surprise,residual_learned_certificate,certificate,96,0.006800607909504386,0.0,0.0,1.0,-0.9175892863028802,0.020335766471473674,0.93524992,0.7888833075200001,0.7101159999999994,0.3930560000000007,1.0800480000000015
high_damping_environment,contact_surprise,robust_interval_certificate,certificate,96,0.008621369155686738,0.0,0.0,1.0,-1.0979784176517382,0.0311303990957234,0.93524992,0.7856099328,0.6820159999999991,0.44985599999999953,0.9153479999999994
high_damping_environment,contact_surprise,uncertainty_margin_certificate,certificate,96,0.008219698217050835,0.0,0.0,1.0,-1.046526726060737,0.028034628169619425,0.93524992,0.78748043264,0.6892160000000014,0.4278559999999991,0.9621479999999992
high_damping_environment,mild_damping_loss,adaptive_calibrated_certificate,certificate,96,0.007358482138543517,0.0,0.0,1.0,-0.7723695388451018,0.02160957887507768,0.96843,0.8188075650000002,0.8248799999999988,0.4732800000000006,1.030439999999999
high_damping_environment,mild_damping_loss,aggressive_black_box,open,96,0.005506217398417189,34.47209798965128,44.194997422629854,0.0,-2.4055098676104136,0.09153349083355118,1.4170345528898016,1.2625777866248133,1.0,-0.3127699742262985,1.1132400000000013
high_damping_environment,mild_damping_loss,calibrated_black_box,open,96,0.005994904180540876,13.367253522716988,18.063856111779717,0.90625,-1.495832168879317,0.05289055060510598,1.163066405302592,1.0618796280412666,1.0,0.01964143888220282,1.0256399999999992
high_damping_environment,mild_damping_loss,energy_loss_only,regularized,96,0.0064678465994007055,5.862538129358378,8.375054470511971,1.0,-1.1895129895364234,0.04110021055288572,1.0664173809725586,0.967773773232597,1.0,0.16232945529488033,0.9554399999999995
high_damping_environment,mild_damping_loss,fixed_nominal_certificate,certificate,96,0.00694864382287605,0.0,0.0,1.0,-0.8574943248871425,0.02629523525957841,0.96843,0.8168707050000001,0.8184799999999993,0.40007999999999994,0.9620400000000008
high_damping_environment,mild_damping_loss,hamiltonian_predictor,structured,96,0.010782941427301386,2.916104198306819,4.703393868236805,1.0,-1.2033078957399648,0.04331858784286407,1.029980619653625,0.9233776255194749,1.0,0.224646061317632,0.8252399999999994
high_damping_environment,mild_damping_loss,mpc_safety_filter,filter,96,0.007213028168853185,0.0,0.0,1.0,-0.8483912257993204,0.025449547915260048,0.96843,0.8614184850000001,0.8176800000000002,0.4292799999999992,0.9686399999999984
high_damping_environment,mild_damping_loss,oracle_limit_certificate,oracle,96,0.005530617392163058,0.0,0.0,1.0,-0.7127406404497965,0.018743266781821387,0.96843,0.8018600400000001,0.8309799999999982,0.5960800000000005,1.0805399999999994
high_damping_environment,mild_damping_loss,overconfident_certificate,certificate,96,0.005300609700595673,1.2051961374378515,30.632272708363434,0.0,-1.8957276168791477,0.06977009886379627,1.2873098224461965,0.8798762636419754,0.6859509091665462,-0.14324272708363456,1.0940400000000026
high_damping_environment,mild_damping_loss,passivity_filter,filter,96,0.007567846599400703,0.0,0.0,1.0,-1.0096149715050367,0.03524261795301538,0.96843,0.8522184,0.8021799999999987,0.40358000000000027,0.8258399999999996
high_damping_environment,mild_damping_loss,port_hamiltonian_predictor,structured,96,0.007991273684840733,0.013228025970478478,0.019452979368350696,1.0,-0.9561357215704054,0.031467629182630956,0.9704781913599365,0.8841056323289022,1.0,0.3172854702063163,0.8786400000000002
high_damping_environment,mild_damping_loss,residual_learned_certificate,certificate,96,0.0067916561802810775,0.0,0.0,1.0,-0.7558552637659174,0.020770618343297995,0.96843,0.8168707050000001,0.8266800000000004,0.4842799999999989,1.0496399999999977
high_damping_environment,mild_damping_loss,robust_interval_certificate,certificate,96,0.00861842691139291,0.0,0.0,1.0,-0.9386125750382259,0.03096728936703795,0.96843,0.8134812000000001,0.7985800000000008,0.5410800000000008,0.8849400000000002
high_damping_environment,mild_damping_loss,uncertainty_margin_certificate,certificate,96,0.008218357601362443,0.0,0.0,1.0,-0.8890719185676769,0.027929694752297982,0.96843,0.8154180600000001,0.805779999999999,0.5190800000000005,0.9317400000000008
high_damping_environment,nominal,adaptive_calibrated_certificate,certificate,96,0.006370004192723522,0.0,0.0,1.0,-0.7163069746560433,0.021586053855493673,0.95,0.8032250000000001,0.8695000000000012,0.5082000000000004,1.018799999999999
high_damping_environment,nominal,aggressive_black_box,open,96,0.004521819532222194,16.207267527481033,20.77854811215517,0.375,-1.4273442367247016,0.05174129540298881,1.172794168579162,1.0449596042040334,1.0,-0.04368548112155176,1.1016000000000015
high_damping_environment,nominal,calibrated_black_box,open,96,0.005052274415277741,3.7310688017269804,5.04198486719862,1.0,-0.9218493115078107,0.030769137886562655,1.0159221582452913,0.927536930477951,1.0,0.18478015132801373,1.0139999999999993
high_damping_environment,nominal,energy_loss_only,regularized,96,0.005522382031525122,0.17203107426098904,0.24575867751569858,1.0,-0.814399496718278,0.026951418329992646,0.959988188010936,0.8711892806199245,1.0,0.2785424132248429,0.9437999999999999
high_damping_environment,nominal,fixed_nominal_certificate,certificate,96,0.006067799790683815,0.0,0.0,1.0,-0.7913319936082196,0.025881110517516875,0.95,0.8013250000000001,0.8631000000000015,0.4350000000000001,0.9504000000000009
high_damping_environment,nominal,hamiltonian_predictor,structured,96,0.009244653551364944,0.0,0.0,1.0,-0.9607544495069482,0.03513711349156479,0.95,0.8516750000000001,1.0,0.3065999999999996,0.8135999999999993
high_damping_environment,nominal,mpc_safety_filter,filter,96,0.006194689824629187,0.0,0.0,1.0,-0.7866303099469967,0.025824191128255142,0.95,0.845025,0.8623000000000003,0.4642000000000001,0.9569999999999985
high_damping_environment,nominal,oracle_limit_certificate,oracle,96,0.004498548066441294,0.0,0.0,1.0,-0.6563107418883776,0.01873215720348211,0.95,0.7866000000000001,0.8756000000000007,0.6310000000000001,1.0688999999999995
high_damping_environment,nominal,overconfident_certificate,certificate,96,0.004374239832547052,0.42385849122766356,9.633147527901444,1.0,-1.0130353020831395,0.033657461314949344,1.0616727101014765,0.7256532973543591,0.8145674098883942,0.10166852472098555,1.0824000000000027
high_damping_environment,nominal,passivity_filter,filter,96,0.006622382031525123,0.0,0.0,1.0,-0.9506010163017579,0.034913628578215936,0.95,0.836,0.8468000000000013,0.43849999999999983,0.8141999999999997
high_damping_environment,nominal,port_hamiltonian_predictor,structured,96,0.007010776185962138,0.0,0.0,1.0,-0.8964143602030484,0.03146450864460141,0.95,0.8654499999999999,1.0,0.35239999999999977,0.8670000000000003
high_damping_environment,nominal,residual_learned_certificate,certificate,96,0.00582885491615764,0.0,0.0,1.0,-0.686671706451368,0.02058662485926312,0.95,0.8013250000000001,0.8713000000000006,0.5191999999999997,1.0379999999999978
high_damping_environment,nominal,robust_interval_certificate,certificate,96,0.007564864163055282,0.0,0.0,1.0,-0.8765717240878489,0.031473356196542616,0.95,0.798,0.8432000000000003,0.5760000000000004,0.8733000000000003
high_damping_environment,nominal,uncertainty_margin_certificate,certificate,96,0.007211623451881535,0.0,0.0,1.0,-0.8206253784287343,0.027787623740856998,0.95,0.7999,0.8503999999999988,0.5540000000000004,0.9201000000000009
high_damping_environment,payload_decrease,adaptive_calibrated_certificate,certificate,96,0.007077921496484779,0.0,0.0,1.0,-0.7617356263777175,0.02146842489640304,0.9637369999999998,0.8148396335,0.836241999999999,0.4821719999999991,1.0274759999999976
high_damping_environment,payload_decrease,aggressive_black_box,open,96,0.005207277857194694,28.96672091574879,37.13682168685744,0.0,-2.1073399484628657,0.07967842222773379,1.3472495214117899,1.200399323577905,1.0,-0.23329621686857427,1.1102759999999992
high_damping_environment,payload_decrease,calibrated_black_box,open,96,0.005703996786058937,10.244208898216888,13.843525538130933,1.0,-1.3080090210157849,0.045859818774898746,1.119341255973672,1.0219585667039626,1.0,0.07073674461869071,1.0226760000000006
high_damping_environment,payload_decrease,energy_loss_only,regularized,96,0.0061663045064770045,3.7813504803585176,5.401929257655024,1.0,-1.0636184956503212,0.03697316865499655,1.0325408925169097,0.9370308599590956,1.0,0.20095270742344973,0.9524760000000004
high_damping_environment,payload_decrease,fixed_nominal_certificate,certificate,96,0.006647557509789583,0.0,0.0,1.0,-0.8435125552302297,0.026405913410489045,0.9637369999999998,0.8129121595,0.8298419999999994,0.4089719999999993,0.9590759999999997
high_damping_environment,payload_decrease,hamiltonian_predictor,structured,96,0.010284042091834837,1.5032863326130153,2.424655375182284,1.0,-1.1056570932320509,0.03960006678215556,1.0008431900182126,0.8972559198513277,1.0,0.2563254462481773,0.822276000000001
high_damping_environment,payload_decrease,mpc_safety_filter,filter,96,0.006855686493815477,0.0,0.0,1.0,-0.8280584116393793,0.02587717051682462,0.9637369999999998,0.8572440614999999,0.8290420000000008,0.4381720000000009,0.965676000000001
high_damping_environment,payload_decrease,oracle_limit_certificate,oracle,96,0.00516107418559928,0.0,0.0,1.0,-0.6995347167431829,0.018677448930417426,0.9637369999999998,0.797974236,0.8423420000000011,0.6049719999999984,1.0775759999999976
high_damping_environment,payload_decrease,overconfident_certificate,certificate,96,0.004995451834696466,0.9837857293576496,24.273265202658063,0.0,-1.634482199370385,0.05907046425500775,1.2216329504461925,0.8349861216299725,0.7227489391893678,-0.07076065202658055,1.0910760000000008
high_damping_environment,payload_decrease,passivity_filter,filter,96,0.007266304506477003,0.0,0.0,1.0,-0.9993274783956628,0.03616988891698302,0.9637369999999998,0.8480885599999999,0.8135419999999987,0.41247200000000045,0.8228759999999994
high_damping_environment,payload_decrease,port_hamiltonian_predictor,structured,96,0.0076601366712217706,0.0,0.0,1.0,-0.9469263232373137,0.03199303250183325,0.9637369999999998,0.8779644069999999,1.0,0.32637199999999944,0.875675999999999
high_damping_environment,payload_decrease,residual_learned_certificate,certificate,96,0.006455007909504384,0.0,0.0,1.0,-0.7396052863028805,0.020335766471473674,0.9637369999999998,0.8129121595,0.8380420000000011,0.4931720000000008,1.0466760000000013
high_damping_environment,payload_decrease,robust_interval_certificate,certificate,96,0.008275769155686742,0.0,0.0,1.0,-0.9199944176517381,0.0311303990957234,0.9637369999999998,0.80953908,0.8099420000000008,0.5499719999999989,0.8819759999999995
high_damping_environment,payload_decrease,uncertainty_margin_certificate,certificate,96,0.00787409821705084,0.0,0.0,1.0,-0.8685427260607365,0.028034628169619425,0.9637369999999998,0.8114665539999999,0.8171419999999996,0.5279719999999989,0.9287759999999993
high_damping_environment,payload_increase,adaptive_calibrated_certificate,certificate,96,0.007303521496484781,0.0,0.0,1.0,-0.7984716263777175,0.02146842489640304,0.974643,0.8240606565000002,0.8098379999999993,0.46150800000000003,1.0343639999999976
high_damping_environment,payload_increase,aggressive_black_box,open,96,0.005528557361981817,38.85593520181378,49.81530154078687,0.0,-2.6370659591030585,0.10123183797941387,1.4809303992251022,1.319508985709566,1.0,-0.3807450154078688,1.1171640000000016
high_damping_environment,payload_increase,calibrated_black_box,open,96,0.005929596786058939,15.308434347564782,20.6870734426551,0.375,-1.6108495377353034,0.05749385021258982,1.1977479492894405,1.0935438777012592,1.0,-0.01836273442655106,1.0295639999999981
high_damping_environment,payload_increase,energy_loss_only,regularized,96,0.006391904506477003,7.0932705344779725,10.133243620682817,1.0,-1.284326923342294,0.045016403072143836,1.0912727167909688,0.9903299904878043,1.0,0.1329755637931718,0.9593639999999986
high_damping_environment,payload_increase,fixed_nominal_certificate,certificate,96,0.006873157509789577,0.0,0.0,1.0,-0.8802485552302297,0.026405913410489045,0.974643,0.8221113705000002,0.803438,0.3883079999999997,0.9659639999999997
high_damping_environment,payload_increase,hamiltonian_predictor,structured,96,0.010777459667336078,3.8697593775008907,6.241547383065956,1.0,-1.2908091220665994,0.046088783195557786,1.051563565625718,0.9427267365834563,1.0,0.19749252616934052,0.8291640000000005
high_damping_environment,payload_increase,mpc_safety_filter,filter,96,0.007081286493815474,0.0,0.0,1.0,-0.8647944116393798,0.02587717051682462,0.974643,0.8669449485000001,0.8026380000000013,0.41750800000000016,0.972564000000001
high_damping_environment,payload_increase,oracle_limit_certificate,oracle,96,0.0053866741855992765,0.0,0.0,1.0,-0.7362707167431825,0.018677448930417426,0.974643,0.8070044040000001,0.8159380000000014,0.584308,1.084463999999998
high_damping_environment,payload_increase,overconfident_certificate,certificate,96,0.005311432278278758,1.3719305953076082,36.31905722678872,0.0,-2.1396067764366826,0.07954831069602986,1.3498433455118828,0.9226179266573719,0.6481617710928452,-0.21188257226788712,1.0979640000000013
high_damping_environment,payload_increase,passivity_filter,filter,96,0.007491904506477001,0.0,0.0,1.0,-1.0360634783956633,0.03616988891698302,0.974643,0.85768584,0.7871379999999991,0.39180799999999993,0.8297639999999986
high_damping_environment,payload_increase,port_hamiltonian_predictor,structured,96,0.007885736671221768,0.14886876683893893,0.21892465711608666,1.0,-0.9921749896046151,0.0323652044189306,0.9825333509424528,0.8950878827085745,1.0,0.3035187534288389,0.8825640000000011
high_damping_environment,payload_increase,residual_learned_certificate,certificate,96,0.006680607909504387,0.0,0.0,1.0,-0.7763412863028806,0.020335766471473674,0.974643,0.8221113705000002,0.8116380000000009,0.4725079999999997,1.0535639999999986
high_damping_environment,payload_increase,robust_interval_certificate,certificate,96,0.008501369155686738,0.0,0.0,1.0,-0.956730417651738,0.0311303990957234,0.974643,0.8187001200000001,0.7835379999999992,0.5293080000000002,0.8888639999999991
high_damping_environment,payload_increase,uncertainty_margin_certificate,certificate,96,0.008099698217050833,0.0,0.0,1.0,-0.9052787260607366,0.028034628169619425,0.974643,0.8206494060000001,0.7907379999999998,0.5073080000000013,0.9356640000000015
high_damping_environment,sensor_noise,adaptive_calibrated_certificate,certificate,96,0.006472661764446265,0.0,0.0,1.0,-0.7631432875770368,0.022240778793359506,0.965105,0.8159962775000001,0.8329300000000001,0.4795799999999992,1.02834
high_damping_environment,sensor_noise,aggressive_black_box,open,96,0.0047110002869104805,27.616506898649828,35.405778075192096,0.0,-2.044876688390315,0.0764575902145221,1.3292415261985557,1.1843541998429132,1.0,-0.2185777807519208,1.111140000000002
high_damping_environment,sensor_noise,calibrated_black_box,open,96,0.00508535672191171,8.983571116924468,12.139960968816846,1.0,-1.2466142560260205,0.04268570113368422,1.1017652181587736,1.0059116441789604,1.0,0.08518039031183154,1.0235399999999981
high_damping_environment,sensor_noise,energy_loss_only,regularized,96,0.005586785044571104,2.627536377292007,3.7536233961314385,1.0,-1.0059322602025416,0.03362901117902078,1.0175497317764777,0.9234263815871536,1.0,0.2148437660386856,0.9533399999999984
high_damping_environment,sensor_noise,fixed_nominal_certificate,certificate,96,0.006115211928258248,0.0,0.0,1.0,-0.8458974444369874,0.025829053011725448,0.965105,0.8140660675000001,0.82653,0.40637999999999935,0.9599400000000019
high_damping_environment,sensor_noise,hamiltonian_predictor,structured,96,0.009629904572837434,0.6669864375089297,1.0757845766273058,1.0,-1.0565945479193781,0.037621247949717815,0.9878798751938027,0.8856343081112442,1.0,0.2672221542337269,0.8231399999999996
high_damping_environment,sensor_noise,mpc_safety_filter,filter,96,0.0063015975792281775,0.0,0.0,1.0,-0.8403876404767111,0.0259530450450889,0.965105,0.8584608975000001,0.8257299999999986,0.43558000000000097,0.9665399999999988
high_damping_environment,sensor_noise,oracle_limit_certificate,oracle,96,0.00458964613781264,0.0,0.0,1.0,-0.7074241683969279,0.01777369483698479,0.965105,0.79910694,0.8390299999999993,0.6023799999999985,1.0784400000000003
high_damping_environment,sensor_noise,overconfident_certificate,certificate,96,0.004570014907993352,0.9156821477934854,22.787232425678997,0.0,-1.5790841900770893,0.0559673481353798,1.2057467656256928,0.8241279143051611,0.7253810702972842,-0.058492324256790046,1.0919399999999981
high_damping_environment,sensor_noise,passivity_filter,filter,96,0.006686785044571102,0.0,0.0,1.0,-1.005733968067366,0.0356278514055973,0.965105,0.8492924,0.8102299999999998,0.4098800000000005,0.8237400000000007
high_damping_environment,sensor_noise,port_hamiltonian_predictor,structured,96,0.007122263575465117,0.0,0.0,1.0,-0.9540253633093373,0.03167272149625926,0.965105,0.8792106550000001,1.0,0.3237799999999995,0.8765400000000007
high_damping_environment,sensor_noise,residual_learned_certificate,certificate,96,0.00588678013298652,0.0,0.0,1.0,-0.7435193140284243,0.020951821108819532,0.965105,0.8140660675000001,0.834729999999999,0.49058000000000074,1.0475399999999988
high_damping_environment,sensor_noise,robust_interval_certificate,certificate,96,0.007694924169922658,0.0,0.0,1.0,-0.9235203777427526,0.031075433787516704,0.965105,0.8106882000000001,0.8066299999999988,0.547379999999999,0.8828400000000012
high_damping_environment,sensor_noise,uncertainty_margin_certificate,certificate,96,0.007270258877711642,0.0,0.0,1.0,-0.8765380741801736,0.028195952840859854,0.965105,0.8126184100000001,0.8138300000000003,0.525379999999999,0.9296400000000012
high_damping_environment,severe_damping_loss,adaptive_calibrated_certificate,certificate,96,0.0086603615772685,0.0,0.0,1.0,-0.8522833035993744,0.021960649821228417,0.992085,0.8388078675000001,0.7676099999999998,0.42846000000000056,1.0453799999999986
high_damping_environment,severe_damping_loss,aggressive_black_box,open,96,0.00690445280926819,61.89570114094838,79.35346300121587,0.0,-3.8463801036749126,0.15163765348949704,1.7791326736175985,1.5852072121932803,1.0,-0.7091746300121589,1.1281800000000002
high_damping_environment,severe_damping_loss,calibrated_black_box,open,96,0.007248287913779285,28.93693129273419,39.103961206397564,0.0,-2.387724075885199,0.0889935004383058,1.3913697328006256,1.2703205660469712,1.0,-0.23557961206397562,1.0405800000000014
high_damping_environment,severe_damping_loss,energy_loss_only,regularized,96,0.007783650173388922,16.99794546252082,24.28277923217259,0.0,-1.8951950862152709,0.0684275428171557,1.2462358969820708,1.1309590765112294,1.0,-0.04156779232172592,0.9703800000000012
high_damping_environment,severe_damping_loss,fixed_nominal_certificate,certificate,96,0.008266951642445739,0.0,0.0,1.0,-0.9344031926418866,0.026646004178858155,0.992085,0.8368236975000002,0.7612099999999996,0.3552600000000006,0.9769799999999985
high_damping_environment,severe_damping_loss,hamiltonian_predictor,structured,96,0.012844675173690388,11.362534112531598,18.326667923438066,0.6354166666666666,-1.8204406923828456,0.06633887084941943,1.1921141433567293,1.0687303295193078,1.0,0.04359332076561929,0.8401799999999994
high_damping_environment,severe_damping_loss,mpc_safety_filter,filter,96,0.008460815167435751,0.0,0.0,1.0,-0.9249426942206314,0.02591603847446239,0.992085,0.8824596075000001,0.7604099999999994,0.38446,0.9835800000000022
high_damping_environment,severe_damping_loss,oracle_limit_certificate,oracle,96,0.0067119575602843555,0.0,0.0,1.0,-0.7954340961823337,0.018441456282350367,0.992085,0.82144638,0.7737099999999999,0.5512599999999993,1.0954799999999985
high_damping_environment,severe_damping_loss,overconfident_certificate,certificate,96,0.006744924037925214,2.1606566591935157,64.75235732418834,0.0,-3.299361854835626,0.12812501162997827,1.639323730835324,1.1204777700259438,0.49220057070324646,-0.5292635732418832,1.1089800000000016
high_damping_environment,severe_damping_loss,passivity_filter,filter,96,0.008883650173388923,0.0,0.0,1.0,-1.0967410985514714,0.03552681812246227,0.992085,0.8730348,0.7449099999999995,0.3587599999999999,0.8407799999999997
high_damping_environment,severe_damping_loss,port_hamiltonian_predictor,structured,96,0.009240925726509943,5.040559470232602,7.412587456224414,1.0,-1.3303625019503043,0.044467492093462124,1.0811523765127669,0.9849298150031306,1.0,0.19853412543775587,0.89358
high_damping_environment,severe_damping_loss,residual_learned_certificate,certificate,96,0.008031853887784884,0.0,0.0,1.0,-0.8324276880648371,0.021335989844361913,0.992085,0.8368236975000002,0.7694099999999996,0.43945999999999946,1.064580000000002
high_damping_environment,severe_damping_loss,robust_interval_certificate,certificate,96,0.009861924358937063,0.0,0.0,1.0,-1.0157573701177538,0.03117090279030318,0.992085,0.8333514000000001,0.741309999999999,0.49625999999999965,0.89988
high_damping_environment,severe_damping_loss,uncertainty_margin_certificate,certificate,96,0.009456032375378554,0.0,0.0,1.0,-0.9628585874304388,0.028590278981200614,0.992085,0.83533557,0.7485100000000008,0.4742600000000005,0.9466800000000005
low_damping_payload,action_latency,adaptive_calibrated_certificate,certificate,96,0.007213831675743586,0.0,0.0,1.0,-0.840668915626302,0.021763315580993797,0.9146192,0.7733105336000001,0.7790179999999994,0.4373879999999992,1.042404000000001
low_damping_payload,action_latency,aggressive_black_box,open,96,0.005591595349107263,52.18602103888835,66.90515517806196,0.0,-3.350117297174154,0.13021355901429835,1.5354734923006845,1.36810688163991,1.0,-0.5757635517806196,1.1252039999999977
low_damping_payload,action_latency,calibrated_black_box,open,96,0.005821128038092337,21.76803544728023,29.416264117946266,0.0,-1.9988048571926145,0.07226244421210166,1.1996306742694771,1.0952628056080327,1.0,-0.1297746411794625,1.0376040000000015
low_damping_payload,action_latency,energy_loss_only,regularized,96,0.006316537891597447,11.068010833078054,15.811444047254362,1.0,-1.5439312369590115,0.05382195278041665,1.0758987850139474,0.9763781474001574,1.0,0.0520735595274564,0.9674040000000009
low_damping_payload,action_latency,fixed_nominal_certificate,certificate,96,0.006853702120625666,0.0,0.0,1.0,-0.9181820719274537,0.026077591361196435,0.9146192,0.7714812952000001,0.772618,0.36418799999999935,0.9740039999999984
low_damping_payload,action_latency,hamiltonian_predictor,structured,96,0.010959557351058134,6.92069880717997,11.162417430935434,1.0,-1.5270597219420496,0.054599069576709174,1.0315087717792955,0.9247476139001385,1.0,0.1241638256906457,0.837204
low_damping_payload,action_latency,mpc_safety_filter,filter,96,0.007006726929568163,0.0,0.0,1.0,-0.9049186645840176,0.026048004117969023,0.9146192,0.8135537784,0.7718180000000007,0.3933880000000009,0.9806039999999997
low_damping_payload,action_latency,oracle_limit_certificate,oracle,96,0.005304389824983438,0.0,0.0,1.0,-0.780084644859765,0.01892840645959544,0.9146192,0.7573046976000001,0.7851179999999985,0.5601879999999987,1.0925040000000013
low_damping_payload,action_latency,overconfident_certificate,certificate,96,0.005445798851066278,1.8065369531589148,52.2749014178583,0.0,-2.7979673386594577,0.10634492377155556,1.4043188939562912,0.959851964019125,0.553518394328567,-0.39556101417858286,1.1060039999999989
low_damping_payload,action_latency,passivity_filter,filter,96,0.0074165378915974495,0.0,0.0,1.0,-1.074876646625573,0.03532249790008424,0.9146192,0.804864896,0.7563179999999994,0.36768800000000046,0.8378040000000002
low_damping_payload,action_latency,port_hamiltonian_predictor,structured,96,0.007798873856932266,1.4426737258336235,2.121579008578858,1.0,-1.1050846404192158,0.03590025880615959,0.9451248985258331,0.8610087825570341,1.0,0.26037220991421145,0.8906040000000002
low_damping_payload,action_latency,residual_learned_certificate,certificate,96,0.00659376979603046,0.0,0.0,1.0,-0.814892884773029,0.020867624782596416,0.9146192,0.7714812952000001,0.7808179999999979,0.4483880000000007,1.0616040000000015
low_damping_payload,action_latency,robust_interval_certificate,certificate,96,0.008409101140046971,0.0,0.0,1.0,-1.0019932435004153,0.031395021269499966,0.9146192,0.768280128,0.7527180000000011,0.5051879999999992,0.8969040000000011
low_damping_payload,action_latency,uncertainty_margin_certificate,certificate,96,0.008005005585420588,0.0,0.0,1.0,-0.9464655907930721,0.028265048042023372,0.9146192,0.7701093664,0.7599179999999993,0.483187999999999,0.943703999999998
low_damping_payload,actuator_saturation,adaptive_calibrated_certificate,certificate,96,0.007134224748594965,0.0,0.0,1.0,-0.8270157919954378,0.021680829094900055,0.9116272000000001,0.7707807976000002,0.7868380000000016,0.4435080000000007,1.0403639999999978
low_damping_payload,actuator_saturation,aggressive_black_box,open,96,0.005434050842086743,48.708580145561825,62.446897622515145,0.0,-3.1630687010610843,0.12263353495547881,1.4916461936975918,1.3290567585845543,1.0,-0.5250609762251512,1.1231640000000016
low_damping_payload,actuator_saturation,calibrated_black_box,open,96,0.005684377376090844,19.92004897426534,26.91898510035857,0.0,-1.8880069505495485,0.06801608366781257,1.1732384508545795,1.071166705630231,1.0,-0.09868185100358572,1.0355639999999982
low_damping_payload,actuator_saturation,energy_loss_only,regularized,96,0.006260338227628174,9.867248969988735,14.096069957126764,1.0,-1.4691657839424204,0.05067576689797306,1.0563100262985952,0.9586013488659751,1.0,0.0753473004287324,0.9653639999999987
low_damping_payload,actuator_saturation,fixed_nominal_certificate,certificate,96,0.006703742475097168,0.0,0.0,1.0,-0.9171096412077343,0.026203066910721187,0.9116272000000001,0.7689575432000002,0.7804379999999992,0.3703080000000007,0.9719639999999999
low_damping_payload,actuator_saturation,hamiltonian_predictor,structured,96,0.0107020399988007,5.795746042064192,9.347977487200309,1.0,-1.4407920148631514,0.05148907024596264,1.0132614087209073,0.9083888529182935,1.0,0.1484282251279969,0.8351640000000007
low_damping_payload,actuator_saturation,mpc_safety_filter,filter,96,0.006890860640223497,0.0,0.0,1.0,-0.9008139427520688,0.02595049540569934,0.9116272000000001,0.8108923944000002,0.7796379999999998,0.39950800000000014,0.9785640000000012
low_damping_payload,actuator_saturation,oracle_limit_certificate,oracle,96,0.005226491526386465,0.0,0.0,1.0,-0.7691607522194323,0.01915821450036181,0.9116272000000001,0.7548273216000001,0.7929380000000007,0.5663079999999995,1.0904639999999983
low_damping_payload,actuator_saturation,overconfident_certificate,certificate,96,0.005277857288276716,1.6934830092820323,47.873123198754804,0.0,-2.6257361636681162,0.0989873763486044,1.3614801447954101,0.9305716789676628,0.5789455072049806,-0.34542323198754815,1.1039640000000015
low_damping_payload,actuator_saturation,passivity_filter,filter,96,0.007360338227628173,0.0,0.0,1.0,-1.0668117997295028,0.03509244797085759,0.9116272000000001,0.8022319360000001,0.7641380000000012,0.3738079999999999,0.8357639999999987
low_damping_payload,actuator_saturation,port_hamiltonian_predictor,structured,96,0.007689480545608533,0.7617863535533421,1.120274049343151,1.0,-1.0594438455357524,0.03382070972444554,0.9332331884203203,0.8501754346509118,1.0,0.2765052595065684,0.8885640000000011
low_damping_payload,actuator_saturation,residual_learned_certificate,certificate,96,0.006525323298251858,0.0,0.0,1.0,-0.8031239730004126,0.019986653945609792,0.9116272000000001,0.7689575432000002,0.7886380000000002,0.45450799999999947,1.0595639999999988
low_damping_payload,actuator_saturation,robust_interval_certificate,certificate,96,0.008329784419563677,0.0,0.0,1.0,-0.9854521293041604,0.031165533293474587,0.9116272000000001,0.7657668480000002,0.7605379999999985,0.5113079999999998,0.8948639999999987
low_damping_payload,actuator_saturation,uncertainty_margin_certificate,certificate,96,0.007888847948744266,0.0,0.0,1.0,-0.9383372212787603,0.02755215040103175,0.9116272000000001,0.7675901024000001,0.767738,0.4893080000000007,0.9416640000000017
low_damping_payload,cap_loosening,adaptive_calibrated_certificate,certificate,96,0.00656446251649595,0.0,0.0,1.0,-0.7162875928888185,0.021811474205606727,1.12966656,0.9551330764800001,0.8628300000000012,0.5029800000000008,1.020539999999998
low_damping_payload,cap_loosening,aggressive_black_box,open,96,0.004640240168214807,19.834840112830843,25.429282195936974,0.0,-1.613186732741645,0.05950600837587163,1.444062504920949,1.2866596918845656,1.0,-0.09541282195936977,1.1033400000000018
low_damping_payload,cap_loosening,calibrated_black_box,open,96,0.0051626986018911665,5.475719036520862,7.39962031962279,1.0,-1.0185269603430442,0.03463558318613751,1.2336490267033973,1.1263215613802018,1.0,0.15598379680377214,1.0157399999999985
low_damping_payload,cap_loosening,energy_loss_only,regularized,96,0.005679677951158085,0.7220967408558873,1.0315667726512674,1.0,-0.8570527285210137,0.028948554220183654,1.156144096239746,1.0492007673375696,1.0,0.2654643322734873,0.9455399999999988
low_damping_payload,cap_loosening,fixed_nominal_certificate,certificate,96,0.006158703221553145,0.0,0.0,1.0,-0.805213018750914,0.026188395900907917,1.12966656,0.9528737433600002,0.8564300000000018,0.42978000000000044,0.9521399999999999
low_damping_payload,cap_loosening,hamiltonian_predictor,structured,96,0.009409028857650405,0.02520438806922849,0.040652238821336256,1.0,-0.9764744158902144,0.03514781312347314,1.1326836844492914,1.0154509231087898,1.0,0.30097347761178694,0.8153400000000005
low_damping_payload,cap_loosening,mpc_safety_filter,filter,96,0.006398042646387716,0.0,0.0,1.0,-0.7918708744101401,0.02585121307041828,1.12966656,1.0048384051200001,0.8556300000000006,0.45897999999999933,0.9587400000000014
low_damping_payload,cap_loosening,oracle_limit_certificate,oracle,96,0.0046112574566743204,0.0,0.0,1.0,-0.6565282698026016,0.01802919162748266,1.12966656,0.9353639116800001,0.8689300000000008,0.6257799999999992,1.0706399999999985
low_damping_payload,cap_loosening,overconfident_certificate,certificate,96,0.004475979008059026,0.5549402957106208,12.814989278371996,1.0,-1.1506390618511306,0.03937387767414031,1.3034960728710787,0.8909395658073823,0.7951700428865119,0.06463010721628006,1.0841400000000014
low_damping_payload,cap_loosening,passivity_filter,filter,96,0.00677967795115808,0.0,0.0,1.0,-0.9626988861332427,0.0355748907066765,1.12966656,0.9941065728,0.8401300000000008,0.4332800000000008,0.8159399999999989
low_damping_payload,cap_loosening,port_hamiltonian_predictor,structured,96,0.0071433423496002355,0.0,0.0,1.0,-0.9038892831725954,0.031961764170835974,1.12966656,1.02912623616,1.0,0.3471800000000007,0.8687400000000013
low_damping_payload,cap_loosening,residual_learned_certificate,certificate,96,0.0059666269465730995,0.0,0.0,1.0,-0.6982860956615017,0.020806827441565496,1.12966656,0.9528737433600002,0.8646300000000001,0.5139799999999989,1.039739999999999
low_damping_payload,cap_loosening,robust_interval_certificate,certificate,96,0.007732935849819887,0.0,0.0,1.0,-0.8782392297423969,0.03133400938757446,1.12966656,0.9489199104000001,0.8365300000000006,0.5707799999999993,0.8750399999999989
low_damping_payload,cap_loosening,uncertainty_margin_certificate,certificate,96,0.007319933694602471,0.0,0.0,1.0,-0.8321151010427839,0.02805672790495638,1.12966656,0.95117924352,0.8437299999999991,0.5487800000000006,0.9218400000000018
low_damping_payload,cap_tightening,adaptive_calibrated_certificate,certificate,96,0.0068746316757435895,0.0,0.0,1.0,-0.8117409156263024,0.021763315580993797,0.65279808,0.5519407766400001,0.7998099999999995,0.45365999999999945,1.03698
low_damping_payload,cap_tightening,aggressive_black_box,open,96,0.005197250785671425,42.47497698670497,54.45509870090379,0.0,-2.837081301116335,0.10904846300312948,1.0197700473088733,0.9086151121522061,1.0,-0.4349909870090376,1.1197800000000018
low_damping_payload,cap_tightening,calibrated_black_box,open,96,0.005481928038092339,16.493987972680923,22.289172936055305,0.041666666666666664,-1.6927470436759668,0.060146389202887035,0.8116017008471197,0.7409923528734204,1.0,-0.04223172936055301,1.0321799999999979
low_damping_payload,cap_tightening,energy_loss_only,regularized,96,0.005977337891597449,7.422061620147748,10.602945171639638,1.0,-1.3124759666796089,0.04496750469187161,0.7344399062994206,0.6665042149667242,1.0,0.12043054828360363,0.9619799999999982
low_damping_payload,cap_tightening,fixed_nominal_certificate,certificate,96,0.006514502120625668,0.0,0.0,1.0,-0.8892540719274536,0.026077591361196435,0.65279808,0.55063518048,0.7934100000000001,0.3804599999999996,0.9685800000000017
low_damping_payload,cap_tightening,hamiltonian_predictor,structured,96,0.010364597569900765,4.140785327964774,6.67868601284641,1.0,-1.3237863094810762,0.04697672616595783,0.7069747887979617,0.6338028981573728,1.0,0.18527313987153593,0.8317799999999994
low_damping_payload,cap_tightening,mpc_safety_filter,filter,96,0.006667526929568161,0.0,0.0,1.0,-0.8759906645840175,0.026048004117969023,0.65279808,0.58066389216,0.7926100000000007,0.4096600000000001,0.9751799999999992
low_damping_payload,cap_tightening,oracle_limit_certificate,oracle,96,0.004965189824983437,0.0,0.0,1.0,-0.7511566448597647,0.01892840645959544,0.65279808,0.54051681024,0.8059099999999986,0.5764599999999992,1.08708
low_damping_payload,cap_tightening,overconfident_certificate,certificate,96,0.005054178642159459,1.4802761939853373,40.303751742140506,0.0,-2.3035531546688452,0.08599396932283528,0.9281893658157716,0.6344174315350799,0.6221949930314378,-0.259577517421405,1.100579999999998
low_damping_payload,cap_tightening,passivity_filter,filter,96,0.007077337891597445,0.0,0.0,1.0,-1.0459486466255734,0.03532249790008424,0.65279808,0.5744623104,0.7771099999999994,0.38395999999999947,0.8323800000000005
low_damping_payload,cap_tightening,port_hamiltonian_predictor,structured,96,0.007459673856932264,0.16013725848742097,0.2354959683638543,1.0,-1.002818187483496,0.03269391763779409,0.658113748523829,0.5995416249052082,1.0,0.2955050403163613,0.8851800000000004
low_damping_payload,cap_tightening,residual_learned_certificate,certificate,96,0.006254569796030456,0.0,0.0,1.0,-0.7859648847730295,0.020867624782596416,0.65279808,0.55063518048,0.801609999999998,0.46466000000000013,1.0561799999999986
low_damping_payload,cap_tightening,robust_interval_certificate,certificate,96,0.008069901140046968,0.0,0.0,1.0,-0.9730652435004158,0.031395021269499966,0.65279808,0.5483503872,0.7735100000000013,0.5214599999999995,0.891480000000001
low_damping_payload,cap_tightening,uncertainty_margin_certificate,certificate,96,0.007665805585420591,0.0,0.0,1.0,-0.917537590793073,0.028265048042023372,0.65279808,0.54965598336,0.7807099999999992,0.4994599999999993,0.9382800000000012
low_damping_payload,combined_shift,adaptive_calibrated_certificate,certificate,96,0.00857863167574359,0.0,0.0,1.0,-1.216092915626302,0.021763315580993797,0.834645856,0.7056930712480001,0.5091820000000006,0.22621200000000022,1.112796000000002
low_damping_payload,combined_shift,aggressive_black_box,open,96,0.008424280706079451,124.79999999999986,160.0,0.0,-7.34544124323039,0.28847479521159314,1.9892058559999999,1.772382417696,1.0,-1.7178879999999983,1.1955959999999985
low_damping_payload,combined_shift,calibrated_black_box,open,96,0.007185928038092337,106.13389062770487,143.42417652392552,0.0,-6.80731252318671,0.26607589530226644,1.9014610745327774,1.7360339610484259,1.0,-1.4810297652392552,1.107996
low_damping_payload,combined_shift,energy_loss_only,regularized,96,0.007681337891597455,71.16721234134891,101.66744620192706,0.0,-5.257780024741302,0.19977715644336017,1.5971157236119327,1.4493825191778291,1.0,-1.0176624620192707,1.037796
low_damping_payload,combined_shift,fixed_nominal_certificate,certificate,96,0.00821850212062567,1.019247363206785,16.76393689484844,0.65625,-1.9454549941467398,0.05457628408243879,0.9739700408658767,0.8215437294703671,0.4357262524206061,-0.014627368948484354,1.0443960000000017
low_damping_payload,combined_shift,hamiltonian_predictor,structured,96,0.015273800258881825,54.648328724753604,88.14246568508645,0.0,-4.895775918256457,0.18546515160876584,1.496257135698187,1.341394522153425,1.0,-0.856812656850864,0.9075959999999991
low_damping_payload,combined_shift,mpc_safety_filter,filter,96,0.008371526929568157,6.244588366153013,11.151050653844669,1.0,-1.7139401182081129,0.045004790229504966,0.932284221967256,0.8292668154398743,0.4573777973846211,0.07070149346155342,1.0509959999999987
low_damping_payload,combined_shift,oracle_limit_certificate,oracle,96,0.006669189824983436,0.0,0.0,1.0,-1.1555086448597651,0.01892840645959544,0.834645856,0.691086768768,0.5152819999999992,0.34901199999999927,1.1628960000000024
low_damping_payload,combined_shift,overconfident_certificate,certificate,96,0.008243127872491523,2.0480000000000014,160.0,0.0,-7.362174071927453,0.28947759136119644,1.9892058559999999,1.3596222025759999,0.059999999999999915,-1.6839879999999996,1.176395999999998
low_damping_payload,combined_shift,passivity_filter,filter,96,0.008781337891597452,9.318705519994005,18.63741103998801,0.0,-2.174997737504466,0.06700609666806386,0.9880344982792257,0.8694703584857186,0.411932355840048,-0.02986211039988002,0.9081959999999998
low_damping_payload,combined_shift,port_hamiltonian_predictor,structured,96,0.009163673856932265,37.19087470097931,54.69246279555778,0.0,-3.524674885592106,0.12527076124402373,1.2509326897961928,1.1395996804043316,1.0,-0.476512627955578,0.960995999999999
low_damping_payload,combined_shift,residual_learned_certificate,certificate,96,0.00795856979603046,0.0,0.0,1.0,-1.1903168847730297,0.020867624782596416,0.834645856,0.704023779536,0.510981999999999,0.23721199999999978,1.1319960000000007
low_damping_payload,combined_shift,robust_interval_certificate,certificate,96,0.009773901140046972,0.0,0.0,0.7395833333333334,-1.3774172435004157,0.031395021269499966,0.834645856,0.70110251904,0.4828819999999989,0.29401199999999955,0.9672960000000007
low_damping_payload,combined_shift,uncertainty_margin_certificate,certificate,96,0.00936980558542059,0.0,0.0,1.0,-1.3218895907930726,0.028265048042023372,0.834645856,0.702771810752,0.4900820000000006,0.2720120000000001,1.0140959999999988
low_damping_payload,contact_surprise,adaptive_calibrated_certificate,certificate,96,0.00748150778281764,0.0,0.0,1.0,-0.9358736250785523,0.021986387056697778,0.8663367679999999,0.7324877373440001,0.7083159999999982,0.38205599999999934,1.0608479999999973
low_damping_payload,contact_surprise,aggressive_black_box,open,96,0.006196322276200591,100.8992194930478,129.3579737090356,0.0,-5.8738779397888345,0.2368265978385614,1.9454958639741124,1.7334368148009343,1.0,-1.255623737090356,1.143647999999999
low_damping_payload,contact_surprise,calibrated_black_box,open,96,0.006090452322965533,47.291540598408965,63.90748729514726,0.0,-3.435306826071202,0.13134077093495128,1.4104316404095518,1.2877240876939209,1.0,-0.5300188729514727,1.0560480000000008
low_damping_payload,contact_surprise,energy_loss_only,regularized,96,0.006594759870845404,28.744801324547307,41.064001892210435,0.0,-2.6282106644974554,0.09687942910546933,1.221893496273563,1.1088683478682586,1.0,-0.25578401892210423,0.9858480000000006
low_damping_payload,contact_surprise,fixed_nominal_certificate,certificate,96,0.007088995293187953,0.0,0.0,1.0,-1.018955072620108,0.026866667509769345,0.8663367679999999,0.730755063808,0.7019159999999988,0.3088559999999996,0.9924479999999996
low_damping_payload,contact_surprise,hamiltonian_predictor,structured,96,0.011826988308594466,20.504200048692226,33.07129040111648,0.0,-2.4740152811028193,0.09202045987646366,1.1576368007024131,1.0378213918297134,1.0,-0.1502569040111648,0.8556480000000012
low_damping_payload,contact_surprise,mpc_safety_filter,filter,96,0.007287130326482875,0.0,0.0,1.0,-1.013869164580093,0.02555318863113169,0.8663367679999999,0.770606555136,0.7011159999999994,0.3380560000000008,0.999048000000001
low_damping_payload,contact_surprise,oracle_limit_certificate,oracle,96,0.00555794074291461,0.0,0.0,1.0,-0.8770752219767034,0.01824464266503402,0.8663367679999999,0.717326843904,0.7144159999999999,0.504855999999999,1.1109479999999976
low_damping_payload,contact_surprise,overconfident_certificate,certificate,96,0.006009744056814267,3.030949101914517,111.5106656873424,0.0,-5.202063797206732,0.2078347991782514,1.8014841394169914,1.2313144092915136,0.24587333725063065,-1.0432506568734237,1.1244480000000008
low_damping_payload,contact_surprise,passivity_filter,filter,96,0.007694759870845405,0.04813142615118999,0.09626285230237998,1.0,-1.1809786996696712,0.035614272737625616,0.870907603838193,0.7663986913776099,0.6852309485907909,0.31139337147697643,0.8562479999999991
low_damping_payload,contact_surprise,port_hamiltonian_predictor,structured,96,0.008066207285152166,10.640424600452583,15.647683235959684,1.0,-1.7318209534169788,0.058644757096147776,1.0122005855631062,0.9221147334479898,1.0,0.06977916764040319,0.9090479999999989
low_damping_payload,contact_surprise,residual_learned_certificate,certificate,96,0.006914976145966534,0.0,0.0,1.0,-0.9124407279044049,0.020700742614992197,0.8663367679999999,0.730755063808,0.7101159999999994,0.3930560000000007,1.0800480000000015
low_damping_payload,contact_surprise,robust_interval_certificate,certificate,96,0.008690771299146083,0.0,0.0,1.0,-1.0984159066222356,0.031412007580838994,0.8663367679999999,0.72772288512,0.6820159999999991,0.44985599999999953,0.9153479999999994
low_damping_payload,contact_surprise,uncertainty_margin_certificate,certificate,96,0.008330590563009735,0.0,0.0,1.0,-1.0469981958542147,0.02902982086678957,0.8663367679999999,0.729455558656,0.6892160000000014,0.4278559999999991,0.9621479999999992
low_damping_payload,mild_damping_loss,adaptive_calibrated_certificate,certificate,96,0.007482051069610439,0.0,0.0,1.0,-0.7786524228224222,0.02216863146136022,0.8970720000000001,0.7584743760000002,0.8248799999999988,0.4732800000000006,1.030439999999999
low_damping_payload,mild_damping_loss,aggressive_black_box,open,96,0.0055842275057734975,36.49185127101574,46.78442470643045,0.0,-2.5012163008074695,0.0961494428666536,1.3363782733129395,1.190713041521829,1.0,-0.3386642470643044,1.1132400000000013
low_damping_payload,mild_damping_loss,calibrated_black_box,open,96,0.006088338410594428,14.407368631432737,19.469417069503706,0.5833333333333334,-1.5455051438532104,0.055493929883878135,1.0906052217622244,0.995722567468911,1.0,0.005585829304962954,1.0256399999999992
low_damping_payload,mild_damping_loss,energy_loss_only,regularized,96,0.006607204061487202,6.440732582882514,9.201046546975023,1.0,-1.2238031017279696,0.04226887975075141,0.9967980899780873,0.9045942666551143,1.0,0.1540695345302497,0.9554399999999995
low_damping_payload,mild_damping_loss,fixed_nominal_certificate,certificate,96,0.0070502829013792375,0.0,0.0,1.0,-0.8546648421274349,0.026105561318240628,0.8970720000000001,0.7566802320000002,0.8184799999999993,0.40007999999999994,0.9620400000000008
low_damping_payload,mild_damping_loss,hamiltonian_predictor,structured,96,0.010875711617931895,3.4090058960918417,5.498396606599744,1.0,-1.2370076319021155,0.044745971911169975,0.9617623458268486,0.8622199430337698,1.0,0.2166960339340026,0.8252399999999994
low_damping_payload,mild_damping_loss,mpc_safety_filter,filter,96,0.00726595688791894,0.0,0.0,1.0,-0.8465913732287618,0.025670811211854706,0.8970720000000001,0.7979455440000002,0.8176800000000002,0.4292799999999992,0.9686399999999984
low_damping_payload,mild_damping_loss,oracle_limit_certificate,oracle,96,0.005510655996232071,0.0,0.0,1.0,-0.7136606910457134,0.018897401280843454,0.8970720000000001,0.7427756160000001,0.8309799999999982,0.5960800000000005,1.0805399999999994
low_damping_payload,mild_damping_loss,overconfident_certificate,certificate,96,0.0053854702000195554,1.303291388092819,33.12554361764992,0.0,-1.9898464801561355,0.07381898546824552,1.2111853345559553,0.8278451761689954,0.6759778255294001,-0.1681754361764993,1.0940400000000026
low_damping_payload,mild_damping_loss,passivity_filter,filter,96,0.007707204061487202,0.0,0.0,1.0,-1.0117872077953929,0.035007100620893884,0.8970720000000001,0.7894233600000001,0.8021799999999987,0.40358000000000027,0.8258399999999996
low_damping_payload,mild_damping_loss,port_hamiltonian_predictor,structured,96,0.008055763700032552,0.07813429896507981,0.11490338083099978,1.0,-0.9664945168566256,0.032470835212178084,0.9022158691534407,0.8219186567987845,1.0,0.3163309661916898,0.8786400000000002
low_damping_payload,mild_damping_loss,residual_learned_certificate,certificate,96,0.006886297111227679,0.0,0.0,1.0,-0.7467368776117039,0.02063715091132046,0.8970720000000001,0.7566802320000002,0.8266800000000004,0.4842799999999989,1.0496399999999977
low_damping_payload,mild_damping_loss,robust_interval_certificate,certificate,96,0.008676607773489949,0.0,0.0,1.0,-0.9326076896550005,0.031281324453875596,0.8970720000000001,0.7535404800000002,0.7985800000000008,0.5410800000000008,0.8849400000000002
low_damping_payload,mild_damping_loss,uncertainty_margin_certificate,certificate,96,0.008280418597604915,0.0,0.0,1.0,-0.885522778424746,0.02806872357114692,0.8970720000000001,0.7553346240000002,0.805779999999999,0.5190800000000005,0.9317400000000008
low_damping_payload,nominal,adaptive_calibrated_certificate,certificate,96,0.006485989014122925,0.0,0.0,1.0,-0.7113098331187436,0.021514601896426327,0.88,0.7440400000000001,0.8695000000000012,0.5082000000000004,1.018799999999999
low_damping_payload,nominal,aggressive_black_box,open,96,0.004563717252929162,17.347622589960384,22.24054178200049,0.08333333333333333,-1.4788183228424059,0.05363751797387275,1.0987720409780464,0.9790058885114393,1.0,-0.05830541782000487,1.1016000000000015
low_damping_payload,nominal,calibrated_black_box,open,96,0.005104646566161454,4.26255742964542,5.7602127427640815,1.0,-0.9444028084807375,0.03140095860717088,0.947287916649465,0.8648738679009615,1.0,0.17759787257235915,1.0139999999999993
low_damping_payload,nominal,energy_loss_only,regularized,96,0.005538612372248313,0.3794677751318724,0.5420968216169607,1.0,-0.8310640783839326,0.02756336162532835,0.892631418891144,0.8100630126437132,1.0,0.2755790317838305,0.9437999999999999
low_damping_payload,nominal,fixed_nominal_certificate,certificate,96,0.006064345218809497,0.0,0.0,1.0,-0.7974109762393221,0.02627926093713391,0.88,0.7422800000000002,0.8631000000000015,0.4350000000000001,0.9504000000000009
low_damping_payload,nominal,hamiltonian_predictor,structured,96,0.009336565781980338,0.0,0.0,1.0,-0.9633313349335623,0.0353167286810191,0.88,0.7889200000000001,1.0,0.3065999999999996,0.8135999999999993
low_damping_payload,nominal,mpc_safety_filter,filter,96,0.006302382619124836,0.0,0.0,1.0,-0.7832019914518638,0.025845064164412568,0.88,0.78276,0.8623000000000003,0.4642000000000001,0.9569999999999985
low_damping_payload,nominal,oracle_limit_certificate,oracle,96,0.004618319443699258,0.0,0.0,1.0,-0.652492961684187,0.01795131692875383,0.88,0.7286400000000001,0.8756000000000007,0.6310000000000001,1.0688999999999995
low_damping_payload,nominal,overconfident_certificate,certificate,96,0.0043714761750476,0.4680832697114194,10.638256129804981,1.0,-1.058196927590659,0.03576429635780237,0.9924133857751456,0.678314549177312,0.8105469754807798,0.09161743870195023,1.0824000000000027
low_damping_payload,nominal,passivity_filter,filter,96,0.006638612372248314,0.0,0.0,1.0,-0.9557427855721786,0.03502179702857953,0.88,0.7744,0.8468000000000013,0.43849999999999983,0.8141999999999997
low_damping_payload,nominal,port_hamiltonian_predictor,structured,96,0.0070543302702896354,0.0,0.0,1.0,-0.8996059275735399,0.0315299321309242,0.88,0.8016800000000001,1.0,0.35239999999999977,0.8670000000000003
low_damping_payload,nominal,residual_learned_certificate,certificate,96,0.005878425405971476,0.0,0.0,1.0,-0.689694462370532,0.021459326027445953,0.88,0.7422800000000002,0.8713000000000006,0.5191999999999997,1.0379999999999978
low_damping_payload,nominal,robust_interval_certificate,certificate,96,0.007682598992200856,0.0,0.0,1.0,-0.8764562103580101,0.03157972704961912,0.88,0.7392000000000001,0.8432000000000003,0.5760000000000004,0.8733000000000003
low_damping_payload,nominal,uncertainty_margin_certificate,certificate,96,0.007333874510157454,0.0,0.0,1.0,-0.821485681523438,0.028864221581619404,0.88,0.7409600000000001,0.8503999999999988,0.5540000000000004,0.9201000000000009
low_damping_payload,payload_decrease,adaptive_calibrated_certificate,certificate,96,0.007135907782817644,0.0,0.0,1.0,-0.7578896250785528,0.021986387056697778,0.8927248,0.7547988184000001,0.836241999999999,0.4821719999999991,1.0274759999999976
low_damping_payload,payload_decrease,aggressive_black_box,open,96,0.005241025674634575,31.019980409088067,39.76920565267701,0.0,-2.212324282685388,0.08452569214275181,1.2684689163120357,1.130205804434024,1.0,-0.25962005652677,1.1102759999999992
low_damping_payload,payload_decrease,calibrated_black_box,open,96,0.005744852322965532,11.34857301738979,15.33590948295918,1.0,-1.3686655944220802,0.04876908865423154,1.0480368393979147,0.9568576343702961,1.0,0.055812905170408246,1.0226760000000006
low_damping_payload,payload_decrease,energy_loss_only,regularized,96,0.006249159870845403,4.344270726710458,6.206101038157796,1.0,-1.0948120476884735,0.03762099765357984,0.963111530216044,0.87402371367106,1.0,0.1929109896184221,0.9524760000000004
low_damping_payload,payload_decrease,fixed_nominal_certificate,certificate,96,0.006743395293187958,0.0,0.0,1.0,-0.840971072620108,0.026866667509769345,0.8927248,0.7530133688000001,0.8298419999999994,0.4089719999999993,0.9590759999999997
low_damping_payload,payload_decrease,hamiltonian_predictor,structured,96,0.010323473421750716,1.8472509040185148,2.979436941965345,1.0,-1.1259396511971866,0.04086430899590674,0.9332839978936139,0.836689104111625,1.0,0.25077763058034647,0.822276000000001
low_damping_payload,payload_decrease,mpc_safety_filter,filter,96,0.006941530326482876,0.0,0.0,1.0,-0.8358851645800929,0.02555318863113169,0.8927248,0.7940787096,0.8290420000000008,0.4381720000000009,0.965676000000001
low_damping_payload,payload_decrease,oracle_limit_certificate,oracle,96,0.00521234074291461,0.0,0.0,1.0,-0.6990912219767035,0.01824464266503402,0.8927248,0.7391761344000001,0.8423420000000011,0.6049719999999984,1.0775759999999976
low_damping_payload,payload_decrease,overconfident_certificate,certificate,96,0.005074616527241462,1.0601343858557162,26.157040431085363,0.0,-1.70518943274243,0.06273363624261444,1.147384443987101,0.7842372674651835,0.7152138382756585,-0.0895984043108534,1.0910760000000008
low_damping_payload,payload_decrease,passivity_filter,filter,96,0.007349159870845404,0.0,0.0,1.0,-0.9992516149207454,0.03545062588871156,0.8927248,0.785597824,0.8135419999999987,0.41247200000000045,0.8228759999999994
low_damping_payload,payload_decrease,port_hamiltonian_predictor,structured,96,0.007720607285152166,0.0,0.0,1.0,-0.9453924384699218,0.03204369559501632,0.8927248,0.8132722928,1.0,0.32637199999999944,0.875675999999999
low_damping_payload,payload_decrease,residual_learned_certificate,certificate,96,0.006569376145966533,0.0,0.0,1.0,-0.7344567279044049,0.020700742614992197,0.8927248,0.7530133688000001,0.8380420000000011,0.4931720000000008,1.0466760000000013
low_damping_payload,payload_decrease,robust_interval_certificate,certificate,96,0.008345171299146092,0.0,0.0,1.0,-0.9204319066222352,0.031412007580838994,0.8927248,0.749888832,0.8099420000000008,0.5499719999999989,0.8819759999999995
low_damping_payload,payload_decrease,uncertainty_margin_certificate,certificate,96,0.007984990563009735,0.0,0.0,1.0,-0.8690141958542138,0.02902982086678957,0.8927248,0.7516742816,0.8171419999999996,0.5279719999999989,0.9287759999999993
low_damping_payload,payload_increase,adaptive_calibrated_certificate,certificate,96,0.0073615077828176395,0.0,0.0,1.0,-0.7946256250785527,0.021986387056697778,0.9028272,0.7633403976000002,0.8098379999999993,0.46150800000000003,1.0343639999999976
low_damping_payload,payload_increase,aggressive_black_box,open,96,0.005563149418236334,41.53321039014147,53.247705628386505,0.0,-2.773158275740876,0.10743914210145798,1.3991320134870713,1.2466266240169805,1.0,-0.41506905628386487,1.1171640000000016
low_damping_payload,payload_increase,calibrated_black_box,open,96,0.005970452322965534,16.775262636519162,22.66927383313401,0.03125,-1.6905521338142782,0.06123580804952869,1.1247317928237321,1.0268801268480674,1.0,-0.03818473833134003,1.0295639999999981
low_damping_payload,payload_increase,energy_loss_only,regularized,96,0.006474759870845405,7.913007193605988,11.304295990865699,1.0,-1.3297862602295674,0.046287929073183263,1.0205510492957208,0.9261500772358667,1.0,0.12126504009134305,0.9593639999999986
low_damping_payload,payload_increase,fixed_nominal_certificate,certificate,96,0.006968995293187955,0.0,0.0,1.0,-0.8777070726201082,0.026866667509769345,0.9028272,0.7615347432000001,0.803438,0.3883079999999997,0.9659639999999997
low_damping_payload,payload_increase,hamiltonian_predictor,structured,96,0.010817712805971755,4.428583703598579,7.142876941288036,1.0,-1.32456685213085,0.04794215699475532,0.9832929181183816,0.8815221010931292,1.0,0.18847923058711968,0.8291640000000005
low_damping_payload,payload_increase,mpc_safety_filter,filter,96,0.007167130326482876,0.0,0.0,1.0,-0.8726211645800933,0.02555318863113169,0.9028272,0.8030647944000001,0.8026380000000013,0.41750800000000016,0.972564000000001
low_damping_payload,payload_increase,oracle_limit_certificate,oracle,96,0.005437940742914611,0.0,0.0,1.0,-0.735827221976704,0.01824464266503402,0.9028272,0.7475409216000001,0.8159380000000014,0.584308,1.084463999999998
low_damping_payload,payload_increase,overconfident_certificate,certificate,96,0.005392577362779898,1.467914633467851,38.86003837169752,0.0,-2.2358688046651944,0.0843287327416551,1.2718033706185192,0.8692776038177579,0.6379978465132101,-0.23729238371697528,1.0979640000000013
low_damping_payload,payload_increase,passivity_filter,filter,96,0.007574759870845406,0.0,0.0,1.0,-1.0359876149207456,0.03545062588871156,0.9028272,0.794487936,0.7871379999999991,0.39180799999999993,0.8297639999999986
low_damping_payload,payload_increase,port_hamiltonian_predictor,structured,96,0.007946207285152168,0.2941033098346766,0.43250486740393584,1.0,-0.9989459577340568,0.03277895386960299,0.9149052682106682,0.8334786993399188,1.0,0.3013829513259606,0.8825640000000011
low_damping_payload,payload_increase,residual_learned_certificate,certificate,96,0.006794976145966532,0.0,0.0,1.0,-0.7711927279044053,0.020700742614992197,0.9028272,0.7615347432000001,0.8116380000000009,0.4725079999999997,1.0535639999999986
low_damping_payload,payload_increase,robust_interval_certificate,certificate,96,0.008570771299146084,0.0,0.0,1.0,-0.957167906622235,0.031412007580838994,0.9028272,0.7583748480000001,0.7835379999999992,0.5293080000000002,0.8888639999999991
low_damping_payload,payload_increase,uncertainty_margin_certificate,certificate,96,0.008210590563009738,0.0,0.0,1.0,-0.9057501958542146,0.02902982086678957,0.9028272,0.7601805024000001,0.7907379999999998,0.5073080000000013,0.9356640000000015
low_damping_payload,sensor_noise,adaptive_calibrated_certificate,certificate,96,0.0065535901396222085,0.0,0.0,1.0,-0.7607878145915121,0.021939087067197858,0.893992,0.7558702360000001,0.8329300000000001,0.4795799999999992,1.02834
low_damping_payload,sensor_noise,aggressive_black_box,open,96,0.004764071455524455,29.654370434995794,38.01842363461,0.0,-2.1463078875841934,0.08123376328477434,1.252322048302877,1.1158189450378635,1.0,-0.24470423634609997,1.111140000000002
low_damping_payload,sensor_noise,calibrated_black_box,open,96,0.0051494043777901245,10.048335232454946,13.578831395209386,1.0,-1.3024043829473404,0.045466456477793286,1.0318788225817295,0.9421053650171191,1.0,0.0707916860479061,1.0235399999999981
low_damping_payload,sensor_noise,energy_loss_only,regularized,96,0.005693297473911227,3.0053499487392408,4.293357069627489,1.0,-1.022674668888987,0.03386884911851137,0.9494995375280285,0.861670830306686,1.0,0.20944642930372515,0.9533399999999984
low_damping_payload,sensor_noise,fixed_nominal_certificate,certificate,96,0.006186767468421208,0.0,0.0,1.0,-0.8496797898596506,0.026501868337451027,0.893992,0.7540822520000001,0.82653,0.40637999999999935,0.9599400000000019
low_damping_payload,sensor_noise,hamiltonian_predictor,structured,96,0.009671118722570819,0.9992441620261231,1.6116841323001998,1.0,-1.0759222799632508,0.03806791065847047,0.9211290314102404,0.8257921766592806,1.0,0.2618631586769979,0.8231399999999996
low_damping_payload,sensor_noise,mpc_safety_filter,filter,96,0.006389708590574143,0.0,0.0,1.0,-0.8340374837032113,0.02613274519251721,0.893992,0.795205884,0.8257299999999986,0.43558000000000097,0.9665399999999988
low_damping_payload,sensor_noise,oracle_limit_certificate,oracle,96,0.004694470820125711,0.0,0.0,1.0,-0.6995196908407032,0.018641249830340628,0.893992,0.740225376,0.8390299999999993,0.6023799999999985,1.0784400000000003
low_damping_payload,sensor_noise,overconfident_certificate,certificate,96,0.004629307259683181,0.9838905895300417,24.484635415340463,0.0,-1.6488683533497497,0.05952574854352982,1.133246826448356,0.7745742058774513,0.7185914583386381,-0.07546635415340461,1.0919399999999981
low_damping_payload,sensor_noise,passivity_filter,filter,96,0.006793297473911226,0.0,0.0,1.0,-1.0014893725935912,0.034950142100144646,0.893992,0.78671296,0.8102299999999998,0.4098800000000005,0.8237400000000007
low_damping_payload,sensor_noise,port_hamiltonian_predictor,structured,96,0.00716717163164868,0.0,0.0,1.0,-0.9510603819794289,0.03228755144826229,0.893992,0.814426712,1.0,0.3237799999999995,0.8765400000000007
low_damping_payload,sensor_noise,residual_learned_certificate,certificate,96,0.005955128378546489,0.0,0.0,1.0,-0.7396616177984283,0.02043681654978247,0.893992,0.7540822520000001,0.834729999999999,0.49058000000000074,1.0475399999999988
low_damping_payload,sensor_noise,robust_interval_certificate,certificate,96,0.0077468242699276525,0.0,0.0,1.0,-0.9273365378094621,0.030703284275091034,0.893992,0.7509532800000001,0.8066299999999988,0.547379999999999,0.8828400000000012
low_damping_payload,sensor_noise,uncertainty_margin_certificate,certificate,96,0.007395143268394812,0.0,0.0,1.0,-0.8781897654668115,0.028523573390361278,0.893992,0.7527412640000001,0.8138300000000003,0.525379999999999,0.9296400000000012
low_damping_payload,severe_damping_loss,adaptive_calibrated_certificate,certificate,96,0.008750224748594966,0.0,0.0,1.0,-0.8537677919954375,0.021680829094900055,0.918984,0.7770009720000002,0.7676099999999998,0.42846000000000056,1.0453799999999986
low_damping_payload,severe_damping_loss,aggressive_black_box,open,96,0.0069502779928421595,65.28868173506116,83.70343812187329,0.0,-4.016360021838127,0.1587696538043876,1.6883827720855211,1.5043490499281993,1.0,-0.7526743812187332,1.1281800000000002
low_damping_payload,severe_damping_loss,calibrated_black_box,open,96,0.007300377376090837,30.755373204325355,41.561315140980234,0.0,-2.4841113118490825,0.09290804473686942,1.31226306219442,1.1980961757835056,1.0,-0.2601531514098025,1.0405800000000014
low_damping_payload,severe_damping_loss,energy_loss_only,regularized,96,0.007876338227628172,18.224420495937437,26.03488642276777,0.0,-1.9601467233924053,0.0709717548895628,1.1720982598797087,1.0636791708408357,1.0,-0.059088864227677666,0.9703800000000012
low_damping_payload,severe_damping_loss,fixed_nominal_certificate,certificate,96,0.008319742475097161,0.0,0.0,1.0,-0.9438616412077341,0.026203066910721187,0.918984,0.7751630040000002,0.7612099999999996,0.3552600000000006,0.9769799999999985
low_damping_payload,severe_damping_loss,hamiltonian_predictor,structured,96,0.012922746803693227,12.477708131091743,20.12533569530927,0.3645833333333333,-1.8866108114272606,0.0698105791997479,1.119425494518394,1.0035649558357402,1.0,0.025606643046907282,0.8401799999999994
low_damping_payload,severe_damping_loss,mpc_safety_filter,filter,96,0.008506860640223496,0.0,0.0,1.0,-0.9275659427520692,0.02595049540569934,0.918984,0.8174362680000001,0.7604099999999994,0.38446,0.9835800000000022
low_damping_payload,severe_damping_loss,oracle_limit_certificate,oracle,96,0.006842491526386464,0.0,0.0,1.0,-0.795912752219432,0.01915821450036181,0.918984,0.760918752,0.7737099999999999,0.5512599999999993,1.0954799999999985
low_damping_payload,severe_damping_loss,overconfident_certificate,certificate,96,0.006791366245041981,2.277654993645006,68.25866080211598,0.0,-3.44515940783721,0.13364279027431833,1.5508801290322718,1.0600265681935577,0.47817535679153633,-0.5643266080211595,1.1089800000000016
low_damping_payload,severe_damping_loss,passivity_filter,filter,96,0.00897633822762817,0.0,0.0,1.0,-1.093563799729503,0.03509244797085759,0.918984,0.8087059200000001,0.7449099999999995,0.3587599999999999,0.8407799999999997
low_damping_payload,severe_damping_loss,port_hamiltonian_predictor,structured,96,0.009305480545608527,5.703285406347057,8.387184421098608,1.0,-1.3687623884310918,0.046174457356429804,1.011645643517572,0.9216091812445082,1.0,0.1887881557890139,0.89358
low_damping_payload,severe_damping_loss,residual_learned_certificate,certificate,96,0.008141323298251861,0.0,0.0,1.0,-0.8298759730004127,0.019986653945609792,0.918984,0.7751630040000002,0.7694099999999996,0.43945999999999946,1.064580000000002
low_damping_payload,severe_damping_loss,robust_interval_certificate,certificate,96,0.009945784419563675,0.0,0.0,1.0,-1.012204129304161,0.031165533293474587,0.918984,0.7719465600000001,0.741309999999999,0.49625999999999965,0.89988
low_damping_payload,severe_damping_loss,uncertainty_margin_certificate,certificate,96,0.00950484794874427,0.0,0.0,1.0,-0.9650892212787606,0.02755215040103175,0.918984,0.7737845280000001,0.7485100000000008,0.4742600000000005,0.9466800000000005
nominal_spring_damper,action_latency,adaptive_calibrated_certificate,certificate,96,0.007094626602561539,0.0,0.0,1.0,-0.8374762337227567,0.021767995813184088,0.9561928,0.8084610124000001,0.7790179999999994,0.4373879999999992,1.042404000000001
nominal_spring_damper,action_latency,aggressive_black_box,open,96,0.0055015754767996075,48.85689063405183,62.637039274425426,0.0,-3.183622649246143,0.12312660749331471,1.5620165653125881,1.391756759693516,1.0,-0.5330823927442544,1.1252039999999977
nominal_spring_damper,action_latency,calibrated_black_box,open,96,0.00571775340348962,20.071594340520267,27.1237761358382,0.0,-1.9091305253653184,0.06853406015771633,1.229710551492083,1.1227257335122718,1.0,-0.10684976135838202,1.0376040000000015
nominal_spring_damper,action_latency,energy_loss_only,regularized,96,0.006215403954703291,10.002763710175218,14.289662443107451,1.0,-1.4842488263854483,0.05153790551972876,1.108317488292589,1.0057981206255246,1.0,0.06729137556892545,0.9674040000000009
nominal_spring_damper,action_latency,fixed_nominal_certificate,certificate,96,0.00670579556322766,0.0,0.0,1.0,-0.9209012139800042,0.026054717780528078,0.9561928,0.8065486268000001,0.772618,0.36418799999999935,0.9740039999999984
nominal_spring_damper,action_latency,hamiltonian_predictor,structured,96,0.010841605341331086,5.86917129990412,9.466405322425997,1.0,-1.4570407630916453,0.0514643405216918,1.0633783747032506,0.9533187129214642,1.0,0.14112394677574003,0.837204
nominal_spring_damper,action_latency,mpc_safety_filter,filter,96,0.006909097752632951,0.0,0.0,1.0,-0.9121597942598978,0.025878725938310903,0.9561928,0.8505334956,0.7718180000000007,0.3933880000000009,0.9806039999999997
nominal_spring_damper,action_latency,oracle_limit_certificate,oracle,96,0.005204141826443794,0.0,0.0,1.0,-0.7779593623436257,0.018623665584292456,0.9561928,0.7917276384,0.7851179999999985,0.5601879999999987,1.0925040000000013
nominal_spring_damper,action_latency,overconfident_certificate,certificate,96,0.005317000046005406,1.674936528015282,48.46684244685179,0.0,-2.652613915683389,0.09984834994017606,1.4345077913244813,0.980486075370283,0.5687506302125928,-0.3574804244685177,1.1060039999999989
nominal_spring_damper,action_latency,passivity_filter,filter,96,0.007315403954703291,0.0,0.0,1.0,-1.0743671919476578,0.03562547936644606,0.9561928,0.841449664,0.7563179999999994,0.36768800000000046,0.8378040000000002
nominal_spring_damper,action_latency,port_hamiltonian_predictor,structured,96,0.0077006264337797226,0.8414637154906579,1.2374466404274387,1.0,-1.0749732154741272,0.033962032531808885,0.9794204911681446,0.8922520674541797,1.0,0.2692135335957257,0.8906040000000002
nominal_spring_damper,action_latency,residual_learned_certificate,certificate,96,0.006526258779980911,0.0,0.0,1.0,-0.8130464357143944,0.02013630488883565,0.9561928,0.8065486268000001,0.7808179999999979,0.4483880000000007,1.0616040000000015
nominal_spring_damper,action_latency,robust_interval_certificate,certificate,96,0.008330666618574213,0.0,0.0,1.0,-1.006375128480946,0.03167815985762553,0.9561928,0.803201952,0.7527180000000011,0.5051879999999992,0.8969040000000011
nominal_spring_damper,action_latency,uncertainty_margin_certificate,certificate,96,0.007903984229817538,0.0,0.0,1.0,-0.9436231286218596,0.028097181951912378,0.9561928,0.8051143376000001,0.7599179999999993,0.483187999999999,0.943703999999998
nominal_spring_damper,actuator_saturation,adaptive_calibrated_certificate,certificate,96,0.00702662671239878,0.0,0.0,1.0,-0.8309295263091432,0.021715720552371514,0.9530648000000002,0.8058162884000003,0.7868380000000016,0.4435080000000007,1.0403639999999978
nominal_spring_damper,actuator_saturation,aggressive_black_box,open,96,0.005427251884817068,45.40840599240959,58.21590511847379,0.0,-2.9984769361501726,0.11613126028302488,1.5184847302556366,1.3529698946577722,1.0,-0.4827510511847381,1.1231640000000016
nominal_spring_damper,actuator_saturation,calibrated_black_box,open,96,0.005676514510157454,18.201078096306233,24.596051481494914,0.0,-1.7976081473298857,0.06475750910016072,1.203412282610831,1.0987154140236888,1.0,-0.07545251481494919,1.0355639999999982
nominal_spring_damper,actuator_saturation,energy_loss_only,regularized,96,0.006096970270289632,8.72259419391167,12.460848848445245,1.0,-1.4077207741964848,0.047673375173281095,1.0879022877038382,0.9872713260912332,1.0,0.09169951151554767,0.9653639999999987
nominal_spring_damper,actuator_saturation,fixed_nominal_certificate,certificate,96,0.006624078172388276,0.0,0.0,1.0,-0.9103956738682254,0.026337427444234143,0.9530648000000002,0.8039101588000003,0.7804379999999992,0.3703080000000007,0.9719639999999999
nominal_spring_damper,actuator_saturation,hamiltonian_predictor,structured,96,0.010612217075553723,4.814215617395059,7.764863899024292,1.0,-1.3788980009684033,0.048274870524767616,1.0454253723017517,0.9372238462685205,1.0,0.1642593610097571,0.8351640000000007
nominal_spring_damper,actuator_saturation,mpc_safety_filter,filter,96,0.00682523899220086,0.0,0.0,1.0,-0.9008770103580098,0.026219727049619116,0.9530648000000002,0.8477511396000003,0.7796379999999998,0.39950800000000014,0.9785640000000012
nominal_spring_damper,actuator_saturation,oracle_limit_certificate,oracle,96,0.00510170864256026,0.0,0.0,1.0,-0.7697393529889985,0.01865473233917981,0.9530648000000002,0.7891376544000002,0.7929380000000007,0.5663079999999995,1.0904639999999983
nominal_spring_damper,actuator_saturation,overconfident_certificate,certificate,96,0.005208972203038763,1.573857647730325,44.491430179178316,0.0,-2.487528444955395,0.09337285874883726,1.3921225928057939,0.9515157921827601,0.5924722792832868,-0.31160630179178295,1.1039640000000015
nominal_spring_damper,actuator_saturation,passivity_filter,filter,96,0.007196970270289632,0.0,0.0,1.0,-1.06895072757354,0.0348699321309242,0.9530648000000002,0.8386970240000001,0.7641380000000012,0.3738079999999999,0.8357639999999987
nominal_spring_damper,actuator_saturation,port_hamiltonian_predictor,structured,96,0.0076241930239309376,0.4500573153707863,0.6618489931923327,1.0,-1.033070619462982,0.032672614186081674,0.9683339537939891,0.8821522319063241,1.0,0.28108951006807653,0.8885640000000011
nominal_spring_damper,actuator_saturation,residual_learned_certificate,certificate,96,0.00638824840910067,0.0,0.0,1.0,-0.8036146321292946,0.020601728235777984,0.9530648000000002,0.8039101588000003,0.7886380000000002,0.45450799999999947,1.0595639999999988
nominal_spring_damper,actuator_saturation,robust_interval_certificate,certificate,96,0.008242462524921841,0.0,0.0,1.0,-0.9857385164715259,0.03141923066158501,0.9530648000000002,0.8005744320000002,0.7605379999999985,0.5113079999999998,0.8948639999999987
nominal_spring_damper,actuator_saturation,uncertainty_margin_certificate,certificate,96,0.00784316803528427,0.0,0.0,1.0,-0.9403473552465712,0.027880755199872004,0.9530648000000002,0.8024805616000003,0.767738,0.4893080000000007,0.9416640000000017
nominal_spring_damper,cap_loosening,adaptive_calibrated_certificate,certificate,96,0.006469039410573321,0.0,0.0,1.0,-0.7112225134047416,0.02188246054237995,1.18101504,0.9985482163200001,0.8628300000000012,0.5029800000000008,1.020539999999998
nominal_spring_damper,cap_loosening,aggressive_black_box,open,96,0.004570306978198909,18.155690606695583,23.276526418840486,0.0,-1.5374970879654486,0.0561200107366347,1.4878519399132488,1.3256760784627046,1.0,-0.07388526418840485,1.1033400000000018
nominal_spring_damper,cap_loosening,calibrated_black_box,open,96,0.005075848809268161,4.6277770092509485,6.253752715203984,1.0,-0.9819891552732466,0.032961295440452676,1.2784311492847469,1.167207639296974,1.0,0.16744247284796013,1.0157399999999985
nominal_spring_damper,cap_loosening,energy_loss_only,regularized,96,0.00556533242595137,0.4994802713975865,0.7135432448536947,1.0,-0.8440295877026135,0.02815936121319496,1.2017650144411576,1.0906017506053507,1.0,0.2686445675514631,0.9455399999999988
nominal_spring_damper,cap_loosening,fixed_nominal_certificate,certificate,96,0.006077772923017314,0.0,0.0,1.0,-0.8052087908825466,0.026649982329277316,1.18101504,0.9961861862400001,0.8564300000000018,0.42978000000000044,0.9521399999999999
nominal_spring_damper,cap_loosening,hamiltonian_predictor,structured,96,0.00932739104833267,0.00035023619732500174,0.0005648970924596803,1.0,-0.9738169866143256,0.03581067843767232,1.1812185505777872,1.0589624305929863,1.0,0.3013743510290761,0.8153400000000005
nominal_spring_damper,cap_loosening,mpc_safety_filter,filter,96,0.006270633643706826,0.0,0.0,1.0,-0.7991770527748101,0.026304302838760438,1.18101504,1.05051287808,0.8556300000000006,0.45897999999999933,0.9587400000000014
nominal_spring_damper,cap_loosening,oracle_limit_certificate,oracle,96,0.004539730408637052,0.0,0.0,1.0,-0.6610887670632298,0.018581261462242083,1.18101504,0.97788045312,0.8689300000000008,0.6257799999999992,1.0706399999999985
nominal_spring_damper,cap_loosening,overconfident_certificate,certificate,96,0.0044108123130720015,0.5133260468700038,11.854009949889244,1.0,-1.1132681137740401,0.038201799244089,1.347083859133976,0.9207318177180726,0.799013960200443,0.07423990050110758,1.0841400000000014
nominal_spring_damper,cap_loosening,passivity_filter,filter,96,0.0066653324259513735,0.0,0.0,1.0,-0.9620417721697222,0.035326337696943676,1.18101504,1.0392932352,0.8401300000000008,0.4332800000000008,0.8159399999999989
nominal_spring_damper,cap_loosening,port_hamiltonian_predictor,structured,96,0.0070516543485971,0.0,0.0,1.0,-0.9066942420245279,0.03167948335446991,1.18101504,1.07590470144,1.0,0.3471800000000007,0.8687400000000013
nominal_spring_damper,cap_loosening,residual_learned_certificate,certificate,96,0.0058820219842217235,0.0,0.0,1.0,-0.7024760771501706,0.020781228470438187,1.18101504,0.9961861862400001,0.8646300000000001,0.5139799999999989,1.039739999999999
nominal_spring_damper,cap_loosening,robust_interval_certificate,certificate,96,0.007648453682504712,0.0,0.0,1.0,-0.8817842819752989,0.03101557137574354,1.18101504,0.9920526336000001,0.8365300000000006,0.5707799999999993,0.8750399999999989
nominal_spring_damper,cap_loosening,uncertainty_margin_certificate,certificate,96,0.007247691225177685,0.0,0.0,1.0,-0.8319355065940425,0.028073526934587856,1.18101504,0.99441466368,0.8437299999999991,0.5487800000000006,0.9218400000000018
nominal_spring_damper,cap_tightening,adaptive_calibrated_certificate,certificate,96,0.006755426602561537,0.0,0.0,1.0,-0.8085482337227571,0.021767995813184088,0.68247072,0.57702899376,0.7998099999999995,0.45365999999999945,1.03698
nominal_spring_damper,cap_tightening,aggressive_black_box,open,96,0.005108913025418023,39.74070927934011,50.94962728120529,0.0,-2.7002413213017706,0.1032580071048404,1.0401716944647401,0.9267929797680835,1.0,-0.39993627281205274,1.1197800000000018
nominal_spring_damper,cap_tightening,calibrated_black_box,open,96,0.005378553403489622,15.13584325740401,20.453842239735142,0.375,-1.6208488157492467,0.05719517253434119,0.8340523091800371,0.7614897582813739,1.0,-0.023878422397351412,1.0321799999999979
nominal_spring_damper,cap_tightening,energy_loss_only,regularized,96,0.005876203954703291,6.604004877818531,9.434292682597901,1.0,-1.266524628617795,0.0432837769268625,0.7584006415970685,0.6882485822493398,1.0,0.13211707317402102,0.9619799999999982
nominal_spring_damper,cap_tightening,fixed_nominal_certificate,certificate,96,0.006366595563227664,0.0,0.0,1.0,-0.8919732139800048,0.026054717780528078,0.68247072,0.5756640523200001,0.7934100000000001,0.3804599999999996,0.9685800000000017
nominal_spring_damper,cap_tightening,hamiltonian_predictor,structured,96,0.010248497704403114,3.331161682548131,5.372841423464728,1.0,-1.2689386244444356,0.04450528189345763,0.7306876082716026,0.6550614408154918,1.0,0.1983315857653527,0.8317799999999994
nominal_spring_damper,cap_tightening,mpc_safety_filter,filter,96,0.006569897752632953,0.0,0.0,1.0,-0.8832317942598982,0.025878725938310903,0.68247072,0.60705770544,0.7926100000000007,0.4096600000000001,0.9751799999999992
nominal_spring_damper,cap_tightening,oracle_limit_certificate,oracle,96,0.004864941826443794,0.0,0.0,1.0,-0.7490313623436252,0.018623665584292456,0.68247072,0.56508575616,0.8059099999999986,0.5764599999999992,1.08708
nominal_spring_damper,cap_tightening,overconfident_certificate,certificate,96,0.004927786572600565,1.3647445477640694,37.15815039653858,0.0,-2.1839587339990114,0.08062357345464366,0.9504566713239241,0.6496371348499022,0.6347773984138455,-0.2281215039653858,1.100579999999998
nominal_spring_damper,cap_tightening,passivity_filter,filter,96,0.006976203954703292,0.0,0.0,1.0,-1.0454391919476576,0.03562547936644606,0.68247072,0.6005742336,0.7771099999999994,0.38395999999999947,0.8323800000000005
nominal_spring_damper,cap_tightening,port_hamiltonian_predictor,structured,96,0.007361426433779726,0.025157436760468013,0.036996230530100004,1.0,-0.9993669017356793,0.03192126683498343,0.6844677437365402,0.6235501145439881,1.0,0.29749003769469895,0.8851800000000004
nominal_spring_damper,cap_tightening,residual_learned_certificate,certificate,96,0.006187058779980911,0.0,0.0,1.0,-0.7841184357143947,0.02013630488883565,0.68247072,0.5756640523200001,0.801609999999998,0.46466000000000013,1.0561799999999986
nominal_spring_damper,cap_tightening,robust_interval_certificate,certificate,96,0.007991466618574215,0.0,0.0,1.0,-0.9774471284809464,0.03167815985762553,0.68247072,0.5732754048,0.7735100000000013,0.5214599999999995,0.891480000000001
nominal_spring_damper,cap_tightening,uncertainty_margin_certificate,certificate,96,0.007564784229817537,0.0,0.0,1.0,-0.9146951286218595,0.028097181951912378,0.68247072,0.57464034624,0.7807099999999992,0.4994599999999993,0.9382800000000012
nominal_spring_damper,combined_shift,adaptive_calibrated_certificate,certificate,96,0.008459426602561543,0.0,0.0,1.0,-1.212900233722757,0.021767995813184088,0.872584304,0.7377700290320001,0.5091820000000006,0.22621200000000022,1.112796000000002
nominal_spring_damper,combined_shift,aggressive_black_box,open,96,0.008312430591934936,124.79999999999986,160.0,0.0,-7.344908014099386,0.28864364072679155,2.0796243039999998,1.8529452548639997,1.0,-1.7178879999999983,1.1955959999999985
nominal_spring_damper,combined_shift,calibrated_black_box,open,96,0.007082553403489626,98.2670333783579,132.79328834913233,0.0,-6.393407838267042,0.24817223092031626,1.9036652583780227,1.7380463808991349,1.0,-1.3747208834913234,1.107996
nominal_spring_damper,combined_shift,energy_loss_only,regularized,96,0.007580203954703292,65.66094270532415,93.80134672189168,0.0,-4.951405157881693,0.18670776879366188,1.6073027896753005,1.4586272816303354,1.0,-0.9390014672189162,1.037796
nominal_spring_damper,combined_shift,fixed_nominal_certificate,certificate,96,0.00807059556322766,0.8383374723952266,13.788445269658325,0.8854166666666666,-1.8324751198453983,0.04949507473894723,0.9961097023777034,0.8402185339555929,0.4476282189213668,0.015127547303416774,1.0443960000000017
nominal_spring_damper,combined_shift,hamiltonian_predictor,structured,96,0.015131811350814898,49.75905525993054,80.25654074182346,0.0,-4.5850683887395,0.17180757073466754,1.5060098281117964,1.3501378109022255,1.0,-0.7779534074182348,0.9075959999999991
nominal_spring_damper,combined_shift,mpc_safety_filter,filter,96,0.008273897752632951,4.987173261375002,8.905666538169646,1.0,-1.6338717319300864,0.04101835905319929,0.9560754861410108,0.8504291449224292,0.46635933384732137,0.09315533461830357,1.0509959999999987
nominal_spring_damper,combined_shift,oracle_limit_certificate,oracle,96,0.006568941826443796,0.0,0.0,1.0,-1.1533833623436252,0.018623665584292456,0.872584304,0.7224998037120001,0.5152819999999992,0.34901199999999927,1.1628960000000024
nominal_spring_damper,combined_shift,overconfident_certificate,certificate,96,0.00808309475226557,2.0480000000000014,160.0,0.0,-7.364893213980005,0.28945471778052806,2.0796243039999998,1.4214232117839998,0.059999999999999915,-1.6839879999999996,1.176395999999998
nominal_spring_damper,combined_shift,passivity_filter,filter,96,0.008680203954703291,7.956127325838973,15.912254651677946,0.0,-2.0685233018235025,0.06267631227429858,1.0100219810441795,0.888819343318878,0.422832981393288,-0.0026105465167794236,0.9081959999999998
nominal_spring_damper,combined_shift,port_hamiltonian_predictor,structured,96,0.009065426433779727,33.333579390232885,49.019969691518924,0.0,-3.308372841792768,0.11519232171866438,1.2660469246822377,1.1533687483855186,1.0,-0.4197876969151893,0.960995999999999
nominal_spring_damper,combined_shift,residual_learned_certificate,certificate,96,0.007891058779980914,0.0,0.0,1.0,-1.1884704357143943,0.02013630488883565,0.872584304,0.7360248604240001,0.510981999999999,0.23721199999999978,1.1319960000000007
nominal_spring_damper,combined_shift,robust_interval_certificate,certificate,96,0.009695466618574214,0.0,0.0,0.78125,-1.3817991284809459,0.03167815985762553,0.872584304,0.7329708153600001,0.4828819999999989,0.29401199999999955,0.9672960000000007
nominal_spring_damper,combined_shift,uncertainty_margin_certificate,certificate,96,0.009268784229817537,0.0,0.0,1.0,-1.319047128621859,0.028097181951912378,0.872584304,0.7347159839680001,0.4900820000000006,0.2720120000000001,1.0140959999999988
nominal_spring_damper,contact_surprise,adaptive_calibrated_certificate,certificate,96,0.007423307331566949,0.0,0.0,1.0,-0.9371411427096175,0.022274371718218267,0.905715712,0.7657826344960001,0.7083159999999982,0.38205599999999934,1.0608479999999973
nominal_spring_damper,contact_surprise,aggressive_black_box,open,96,0.006145115510130097,93.46834366264102,119.83120982389873,0.0,-5.502338615193959,0.2202145906958024,1.9539664915739299,1.7409841439923714,1.0,-1.160356098238987,1.143647999999999
nominal_spring_damper,contact_surprise,calibrated_black_box,open,96,0.006035162037577414,43.15300073732098,58.31486586124461,0.0,-3.2167426965501185,0.12141680595929037,1.4276669719306525,1.3034599453726858,1.0,-0.47409265861244587,1.0560480000000008
nominal_spring_damper,contact_surprise,energy_loss_only,regularized,96,0.00651733168748838,26.04987815987968,37.214111656970964,0.0,-2.4779874505337793,0.09046740393363521,1.2455829557136426,1.1303665323101308,1.0,-0.21728511656970964,0.9858480000000006
nominal_spring_damper,contact_surprise,fixed_nominal_certificate,certificate,96,0.00698449418009596,0.0,0.0,1.0,-1.0236350548694249,0.026668250571520776,0.905715712,0.7639712030720002,0.7019159999999988,0.3088559999999996,0.9924479999999996
nominal_spring_damper,contact_surprise,hamiltonian_predictor,structured,96,0.011736813212536364,18.265909000628124,29.46114354940021,0.0,-2.3290579013924244,0.08575351998543558,1.1801465526690897,1.058001384467839,1.0,-0.1141554354940021,0.8556480000000012
nominal_spring_damper,contact_surprise,mpc_safety_filter,filter,96,0.007215786173106496,0.0,0.0,1.0,-1.0090308746352477,0.026407131512324104,0.905715712,0.8056341258240001,0.7011159999999994,0.3380560000000008,0.999048000000001
nominal_spring_damper,contact_surprise,oracle_limit_certificate,oracle,96,0.005526123089935175,0.0,0.0,1.0,-0.8720666436265639,0.018734359847531513,0.905715712,0.749932609536,0.7144159999999999,0.504855999999999,1.1109479999999976
nominal_spring_damper,contact_surprise,overconfident_certificate,certificate,96,0.005912960977930794,2.825360609953165,103.9469261373162,0.0,-4.91263533079283,0.19477802500495825,1.8206764871555918,1.244432378970847,0.2761282954507351,-0.9676132613731622,1.1244480000000008
nominal_spring_damper,contact_surprise,passivity_filter,filter,96,0.00761733168748838,0.00012232600846951455,0.0002446520169390291,1.0,-1.176721045913147,0.035583830025213335,0.9059145025284516,0.7972047622250374,0.6856150213919334,0.312353553479831,0.8562479999999991
nominal_spring_damper,contact_surprise,port_hamiltonian_predictor,structured,96,0.007990587451479694,9.013608765212451,13.255307007665373,1.0,-1.6401154702818916,0.05482588591785173,1.0377569285583366,0.9453965619166447,1.0,0.09370292992334632,0.9090479999999989
nominal_spring_damper,contact_surprise,residual_learned_certificate,certificate,96,0.006844399423820571,0.0,0.0,1.0,-0.912417750927342,0.021032919963367553,0.905715712,0.7639712030720002,0.7101159999999994,0.3930560000000007,1.0800480000000015
nominal_spring_damper,contact_surprise,robust_interval_certificate,certificate,96,0.008602987044249832,0.0,0.0,1.0,-1.1040330239879135,0.03131087045620617,0.905715712,0.7608011980800001,0.6820159999999991,0.44985599999999953,0.9153479999999994
nominal_spring_damper,contact_surprise,uncertainty_margin_certificate,certificate,96,0.008187382150215677,0.0,0.0,1.0,-1.0428096341945785,0.027871149821487497,0.905715712,0.7626126295040001,0.6892160000000014,0.4278559999999991,0.9621479999999992
nominal_spring_damper,mild_damping_loss,adaptive_calibrated_certificate,certificate,96,0.007414670592911814,0.0,0.0,1.0,-0.7687166026786257,0.021924176577829736,0.9378480000000001,0.7929504840000002,0.8248799999999988,0.4732800000000006,1.030439999999999
nominal_spring_damper,mild_damping_loss,aggressive_black_box,open,96,0.00551816679322675,34.12187544485502,43.74599416007055,0.0,-2.3848069289773552,0.09069256806937538,1.3684770019897716,1.2193130087728865,1.0,-0.3082799416007055,1.1132400000000013
nominal_spring_damper,mild_damping_loss,calibrated_black_box,open,96,0.006009216204219261,13.177614880961626,17.807587676975164,0.9270833333333334,-1.4826235312886746,0.05237727704811324,1.1242104569025195,1.0264041471520005,1.0,0.022204123230248243,1.0256399999999992
nominal_spring_damper,mild_damping_loss,energy_loss_only,regularized,96,0.006509267098661977,5.660766334778956,8.086809049684225,1.0,-1.180708075678659,0.041317156457698366,1.0308837791219028,0.9355270295531268,1.0,0.16521190950315778,0.9554399999999995
nominal_spring_damper,mild_damping_loss,fixed_nominal_certificate,certificate,96,0.007014579213470997,0.0,0.0,1.0,-0.855663968226581,0.026989098730857735,0.9378480000000001,0.7910747880000002,0.8184799999999993,0.40007999999999994,0.9620400000000008
nominal_spring_damper,mild_damping_loss,hamiltonian_predictor,structured,96,0.010745205617905422,2.8546185100539088,4.604223403312757,1.0,-1.1996625993609884,0.04321268040990404,0.9961429634882314,0.8930421667671995,1.0,0.22563776596687246,0.8252399999999994
nominal_spring_damper,mild_damping_loss,mpc_safety_filter,filter,96,0.007206211622480378,0.0,0.0,1.0,-0.8504048454473532,0.025890437170386627,0.9378480000000001,0.8342157960000002,0.8176800000000002,0.4292799999999992,0.9686399999999984
nominal_spring_damper,mild_damping_loss,oracle_limit_certificate,oracle,96,0.005480795668817742,0.0,0.0,1.0,-0.7126058241981134,0.01820629645759653,0.9378480000000001,0.7765381440000002,0.8309799999999982,0.5960800000000005,1.0805399999999994
nominal_spring_damper,mild_damping_loss,overconfident_certificate,certificate,96,0.005355660476911204,1.198732912537274,30.46799798030891,0.0,-1.8875096016929127,0.07018469529738287,1.2447433643487607,0.8507820895323779,0.6866080080787644,-0.1415999798030892,1.0940400000000026
nominal_spring_damper,mild_damping_loss,passivity_filter,filter,96,0.007609267098661978,0.0,0.0,1.0,-1.0120181925907379,0.03594958107323516,0.9378480000000001,0.8253062400000001,0.8021799999999987,0.40358000000000027,0.8258399999999996
nominal_spring_damper,mild_damping_loss,port_hamiltonian_predictor,structured,96,0.008011778706497275,0.006871926638532858,0.010105774468430672,1.0,-0.9611124014775166,0.032128558124394226,0.9397706239806429,0.8561310384463657,1.0,0.31737894225531554,0.8786400000000002
nominal_spring_damper,mild_damping_loss,residual_learned_certificate,certificate,96,0.00678953143592835,0.0,0.0,1.0,-0.7516755675694796,0.02080453421954648,0.9378480000000001,0.7910747880000002,0.8266800000000004,0.4842799999999989,1.0496399999999977
nominal_spring_damper,mild_damping_loss,robust_interval_certificate,certificate,96,0.008594003578145654,0.0,0.0,1.0,-0.9374633623931482,0.03129420021272647,0.9378480000000001,0.7877923200000002,0.7985800000000008,0.5410800000000008,0.8849400000000002
nominal_spring_damper,mild_damping_loss,uncertainty_margin_certificate,certificate,96,0.008142053238968555,0.0,0.0,1.0,-0.8870023404914549,0.02773716422331721,0.9378480000000001,0.7896680160000001,0.805779999999999,0.5190800000000005,0.9317400000000008
nominal_spring_damper,nominal,adaptive_calibrated_certificate,certificate,96,0.006359650353644895,0.0,0.0,1.0,-0.7081768988108057,0.02169941000450831,0.92,0.7778600000000002,0.8695000000000012,0.5082000000000004,1.018799999999999
nominal_spring_damper,nominal,aggressive_black_box,open,96,0.004463705080308664,16.32203376373419,20.925684312479728,0.3020833333333333,-1.4309065134679164,0.05175462648534995,1.133577013953002,1.0100171194321248,1.0,-0.045156843124797306,1.1016000000000015
nominal_spring_damper,nominal,calibrated_black_box,open,96,0.004979631350385827,3.839119887312977,5.187999847720239,1.0,-0.9253679907402081,0.03078056289525882,0.9827011070879331,0.897206110771283,1.0,0.1833200015227976,1.0139999999999993
nominal_spring_damper,nominal,energy_loss_only,regularized,96,0.005521146824554442,0.15243831119246995,0.2177690159892428,1.0,-0.8137778261390912,0.027294609631548703,0.9290136560570988,0.8430798928718173,1.0,0.2788223098401074,0.9437999999999999
nominal_spring_damper,nominal,fixed_nominal_certificate,certificate,96,0.006012512189445708,0.0,0.0,1.0,-0.7973345685862476,0.026219440899551156,0.92,0.7760200000000002,0.8631000000000015,0.4350000000000001,0.9504000000000009
nominal_spring_damper,nominal,hamiltonian_predictor,structured,96,0.00918059440500157,0.0,0.0,1.0,-0.9655037068123008,0.035777314593744954,0.92,0.8247800000000001,1.0,0.3065999999999996,0.8135999999999993
nominal_spring_damper,nominal,mpc_safety_filter,filter,96,0.006198896626458437,0.0,0.0,1.0,-0.7807101045392009,0.025732483409204383,0.92,0.8183400000000001,0.8623000000000003,0.4642000000000001,0.9569999999999985
nominal_spring_damper,nominal,oracle_limit_certificate,oracle,96,0.004498997475242094,0.0,0.0,1.0,-0.6520257041115524,0.018370184126304527,0.92,0.7617600000000001,0.8756000000000007,0.6310000000000001,1.0688999999999995
nominal_spring_damper,nominal,overconfident_certificate,certificate,96,0.004330009751556565,0.42003126827635584,9.54616518809899,1.0,-1.0156556557602887,0.03384792171931941,1.0267102093234481,0.7017564280725768,0.814915339247604,0.10253834811901012,1.0824000000000027
nominal_spring_damper,nominal,passivity_filter,filter,96,0.0066211468245544434,0.0,0.0,1.0,-0.951067695721365,0.03530440230436699,0.92,0.8096,0.8468000000000013,0.43849999999999983,0.8141999999999997
nominal_spring_damper,nominal,port_hamiltonian_predictor,structured,96,0.0070043294443900535,0.0,0.0,1.0,-0.9020808648418569,0.03211675213210025,0.92,0.8381200000000001,1.0,0.35239999999999977,0.8670000000000003
nominal_spring_damper,nominal,residual_learned_certificate,certificate,96,0.0058156971170086605,0.0,0.0,1.0,-0.6929029483113891,0.020711247770527772,0.92,0.7760200000000002,0.8713000000000006,0.5191999999999997,1.0379999999999978
nominal_spring_damper,nominal,robust_interval_certificate,certificate,96,0.007591542228692456,0.0,0.0,1.0,-0.8730571513631283,0.030677396181623306,0.92,0.7728000000000002,0.8432000000000003,0.5760000000000004,0.8733000000000003
nominal_spring_damper,nominal,uncertainty_margin_certificate,certificate,96,0.0071783196366395725,0.0,0.0,1.0,-0.822891309989907,0.028425753812606855,0.92,0.7746400000000001,0.8503999999999988,0.5540000000000004,0.9201000000000009
nominal_spring_damper,payload_decrease,adaptive_calibrated_certificate,certificate,96,0.007077707331566946,0.0,0.0,1.0,-0.7591571427096174,0.022274371718218267,0.9333032,0.7891078556000002,0.836241999999999,0.4821719999999991,1.0274759999999976
nominal_spring_damper,payload_decrease,aggressive_black_box,open,96,0.005195354350775997,28.70412316800838,36.800157907703046,0.0,-2.095775192484608,0.07906180243826973,1.2993561170021637,1.157726300248928,1.0,-0.22992957907703035,1.1102759999999992
nominal_spring_damper,payload_decrease,calibrated_black_box,open,96,0.005689562037577413,10.11344507863214,13.666817673827216,1.0,-1.30266399083058,0.045515124040680865,1.0805598954308664,0.9865511845283811,1.0,0.07250382326172781,1.0226760000000006
nominal_spring_damper,payload_decrease,energy_loss_only,regularized,96,0.006171731687488379,3.6936509180693498,5.2766441686705,1.0,-1.0581469647187047,0.03617370920352438,0.998655408686841,0.9062797833833083,1.0,0.2022055583132951,0.9524760000000004
nominal_spring_damper,payload_decrease,fixed_nominal_certificate,certificate,96,0.006638894180095959,0.0,0.0,1.0,-0.8456510548694248,0.026668250571520776,0.9333032,0.7872412492000002,0.8298419999999994,0.4089719999999993,0.9590759999999997
nominal_spring_damper,payload_decrease,hamiltonian_predictor,structured,96,0.010241568737882652,1.361024997801515,2.1952016093572833,1.0,-1.090865014995795,0.03940141868736264,0.9681573311184157,0.8679530473476598,1.0,0.2586199839064271,0.822276000000001
nominal_spring_damper,payload_decrease,mpc_safety_filter,filter,96,0.006870186173106495,0.0,0.0,1.0,-0.8310468746352476,0.026407131512324104,0.9333032,0.8301731964000001,0.8290420000000008,0.4381720000000009,0.965676000000001
nominal_spring_damper,payload_decrease,oracle_limit_certificate,oracle,96,0.005180523089935175,0.0,0.0,1.0,-0.6940826436265634,0.018734359847531513,0.9333032,0.7727750496000001,0.8423420000000011,0.6049719999999984,1.0775759999999976
nominal_spring_damper,payload_decrease,overconfident_certificate,certificate,96,0.004988295681796306,0.9716292223440309,23.97332375212267,0.0,-1.624957775646963,0.05882290095012935,1.1803606632869972,0.8067765133566626,0.7239487049915091,-0.06776123752122663,1.0910760000000008
nominal_spring_damper,payload_decrease,passivity_filter,filter,96,0.007271731687488381,0.0,0.0,1.0,-0.998727532864121,0.035583414116784534,0.9333032,0.821306816,0.8135419999999987,0.41247200000000045,0.8228759999999994
nominal_spring_damper,payload_decrease,port_hamiltonian_predictor,structured,96,0.007644987451479699,0.0,0.0,1.0,-0.9467121125958314,0.03229186400482061,0.9333032,0.8502392152,1.0,0.32637199999999944,0.875675999999999
nominal_spring_damper,payload_decrease,residual_learned_certificate,certificate,96,0.006498799423820573,0.0,0.0,1.0,-0.7344337509273416,0.021032919963367553,0.9333032,0.7872412492000002,0.8380420000000011,0.4931720000000008,1.0466760000000013
nominal_spring_damper,payload_decrease,robust_interval_certificate,certificate,96,0.008257387044249833,0.0,0.0,1.0,-0.9260490239879129,0.03131087045620617,0.9333032,0.783974688,0.8099420000000008,0.5499719999999989,0.8819759999999995
nominal_spring_damper,payload_decrease,uncertainty_margin_certificate,certificate,96,0.007841782150215673,0.0,0.0,1.0,-0.8648256341945776,0.027871149821487497,0.9333032,0.7858412944000001,0.8171419999999996,0.5279719999999989,0.9287759999999993
nominal_spring_damper,payload_increase,adaptive_calibrated_certificate,certificate,96,0.007303307331566947,0.0,0.0,1.0,-0.7958931427096174,0.022274371718218267,0.9438648000000001,0.7980376884000002,0.8098379999999993,0.46150800000000003,1.0343639999999976
nominal_spring_damper,payload_increase,aggressive_black_box,open,96,0.005516335575920499,38.502449753970716,49.362115069193216,0.0,-2.6209703347519917,0.10041712961280307,1.4275782097448988,1.2719721848827048,1.0,-0.37621315069193234,1.1171640000000016
nominal_spring_damper,payload_increase,calibrated_black_box,open,96,0.005915162037577414,15.126552683804256,20.4412874105463,0.4583333333333333,-1.6028184720731653,0.0570317225931033,1.1556855792453014,1.05514093385096,1.0,-0.015904874105462985,1.0295639999999981
nominal_spring_damper,payload_increase,energy_loss_only,regularized,96,0.006397331687488379,6.968741585926846,9.955345122752636,1.0,-1.2768095726172342,0.04412750082546402,1.0550177234438176,0.9574285840252645,1.0,0.13475454877247373,0.9593639999999986
nominal_spring_damper,payload_increase,fixed_nominal_certificate,certificate,96,0.006864494180095959,0.0,0.0,1.0,-0.8823870548694247,0.026668250571520776,0.9438648000000001,0.7961499588000002,0.803438,0.3883079999999997,0.9659639999999997
nominal_spring_damper,payload_increase,hamiltonian_predictor,structured,96,0.01073410110426943,3.6695809041457443,5.918678877654429,1.0,-1.2723847050962604,0.045731330043467765,1.0167704115622564,0.911534673965563,1.0,0.2007212112234558,0.8291640000000005
nominal_spring_damper,payload_increase,mpc_safety_filter,filter,96,0.007095786173106495,0.0,0.0,1.0,-0.8677828746352474,0.026407131512324104,0.9438648000000001,0.8395677396000001,0.8026380000000013,0.41750800000000016,0.972564000000001
nominal_spring_damper,payload_increase,oracle_limit_certificate,oracle,96,0.005406123089935173,0.0,0.0,1.0,-0.7308186436265635,0.018734359847531513,0.9438648000000001,0.7815200544000002,0.8159380000000014,0.584308,1.084463999999998
nominal_spring_damper,payload_increase,overconfident_certificate,certificate,96,0.00530409710633381,1.3567779590337155,35.91792216510959,0.0,-2.1261475403375454,0.07912871825220706,1.30360421912586,0.8910134837725254,0.6497663113395621,-0.2078712216510957,1.0979640000000013
nominal_spring_damper,payload_increase,passivity_filter,filter,96,0.007497331687488381,0.0,0.0,1.0,-1.035463532864121,0.035583414116784534,0.9438648000000001,0.830601024,0.7871379999999991,0.39180799999999993,0.8297639999999986
nominal_spring_damper,payload_increase,port_hamiltonian_predictor,structured,96,0.0078705874514797,0.10234915113077969,0.1505134575452642,1.0,-0.9893006778790214,0.032547736882647595,0.9509943031658333,0.8663558101840741,1.0,0.3042028654245471,0.8825640000000011
nominal_spring_damper,payload_increase,residual_learned_certificate,certificate,96,0.006724399423820571,0.0,0.0,1.0,-0.7711697509273413,0.021032919963367553,0.9438648000000001,0.7961499588000002,0.8116380000000009,0.4725079999999997,1.0535639999999986
nominal_spring_damper,payload_increase,robust_interval_certificate,certificate,96,0.008482987044249832,0.0,0.0,1.0,-0.9627850239879135,0.03131087045620617,0.9438648000000001,0.7928464320000002,0.7835379999999992,0.5293080000000002,0.8888639999999991
nominal_spring_damper,payload_increase,uncertainty_margin_certificate,certificate,96,0.008067382150215673,0.0,0.0,1.0,-0.9015616341945779,0.027871149821487497,0.9438648000000001,0.7947341616000001,0.7907379999999998,0.5073080000000013,0.9356640000000015
nominal_spring_damper,sensor_noise,adaptive_calibrated_certificate,certificate,96,0.0065201257592192524,0.0,0.0,1.0,-0.7626764802278504,0.02160323270564644,0.934628,0.7902279740000001,0.8329300000000001,0.4795799999999992,1.02834
nominal_spring_damper,sensor_noise,aggressive_black_box,open,96,0.0046980427163091955,27.226127598220312,34.905291792590155,0.0,-2.0274600232529867,0.07554433964162419,1.2838478788978174,1.1439084600979552,1.0,-0.21357291792590147,1.111140000000002
nominal_spring_damper,sensor_noise,calibrated_black_box,open,96,0.0050697191913171265,8.763013867641126,11.841910631947476,1.0,-1.2370691102025573,0.04211659166853161,1.065122994518334,0.9724572939952391,1.0,0.08816089368052527,1.0235399999999981
nominal_spring_damper,sensor_noise,energy_loss_only,regularized,96,0.005593264398510315,2.6760149072047583,3.822878438863942,1.0,-1.0043464325126468,0.033538271916064906,0.9842910248875354,0.8932441050854385,1.0,0.21415121561136072,0.9533399999999984
nominal_spring_damper,sensor_noise,fixed_nominal_certificate,certificate,96,0.006083290347579856,0.0,0.0,1.0,-0.8437043427297901,0.02630808758317418,0.934628,0.7883587180000001,0.82653,0.40637999999999935,0.9599400000000019
nominal_spring_damper,sensor_noise,hamiltonian_predictor,structured,96,0.009594538954891691,0.6340523884392161,1.0226651426438964,1.0,-1.0526372894230251,0.03657352543071441,0.9560100965682992,0.8570630515734803,1.0,0.267753348573561,0.8231399999999996
nominal_spring_damper,sensor_noise,mpc_safety_filter,filter,96,0.006310906955628463,0.0,0.0,1.0,-0.8359463821480727,0.026229516657721344,0.934628,0.8313516060000001,0.8257299999999986,0.43558000000000097,0.9665399999999988
nominal_spring_damper,sensor_noise,oracle_limit_certificate,oracle,96,0.0045841514182148905,0.0,0.0,1.0,-0.7059668399745012,0.019126923176428466,0.934628,0.7738719840000001,0.8390299999999993,0.6023799999999985,1.0784400000000003
nominal_spring_damper,sensor_noise,overconfident_certificate,certificate,96,0.004543564047811621,0.9055194261694962,22.53432774660304,0.041666666666666664,-1.5670571428287021,0.056016444752399364,1.1650782117993292,0.7963309577648415,0.726392689013588,-0.05596327746603036,1.0919399999999981
nominal_spring_damper,sensor_noise,passivity_filter,filter,96,0.006693264398510315,0.0,0.0,1.0,-1.001455227295861,0.03541937856999619,0.934628,0.82247264,0.8102299999999998,0.4098800000000005,0.8237400000000007
nominal_spring_damper,sensor_noise,port_hamiltonian_predictor,structured,96,0.007071665338947684,0.0,0.0,1.0,-0.9551141543500639,0.03192849384132857,0.934628,0.8514461080000001,1.0,0.3237799999999995,0.8765400000000007
nominal_spring_damper,sensor_noise,residual_learned_certificate,certificate,96,0.005873271802588131,0.0,0.0,1.0,-0.732988889582009,0.02060548470759772,0.934628,0.7883587180000001,0.834729999999999,0.49058000000000074,1.0475399999999988
nominal_spring_damper,sensor_noise,robust_interval_certificate,certificate,96,0.007702855483137395,0.0,0.0,1.0,-0.9273573984921776,0.031176116599434932,0.934628,0.78508752,0.8066299999999988,0.547379999999999,0.8828400000000012
nominal_spring_damper,sensor_noise,uncertainty_margin_certificate,certificate,96,0.0072638097220796465,0.0,0.0,1.0,-0.8762349346506907,0.028029689202528157,0.934628,0.7869567760000001,0.8138300000000003,0.525379999999999,0.9296400000000012
nominal_spring_damper,severe_damping_loss,adaptive_calibrated_certificate,certificate,96,0.008642626712398778,0.0,0.0,1.0,-0.857681526309143,0.021715720552371514,0.960756,0.8123191980000002,0.7676099999999998,0.42846000000000056,1.0453799999999986
nominal_spring_damper,severe_damping_loss,aggressive_black_box,open,96,0.006943360715165918,61.291964298546866,78.57944140839341,0.0,-3.817044681247408,0.1507492719758882,1.7158525556771562,1.5288246271083463,1.0,-0.7014344140839343,1.1281800000000002
nominal_spring_damper,severe_damping_loss,calibrated_black_box,open,96,0.007292514510157452,28.59086868509704,38.63630903391492,0.0,-2.3703015219981864,0.0886259469392748,1.343136122454268,1.2262832798007466,1.0,-0.23090309033914935,1.0405800000000014
nominal_spring_damper,severe_damping_loss,energy_loss_only,regularized,96,0.007712970270289633,16.71417730159086,23.877396145129808,0.0,-1.878393799280767,0.06708150557764485,1.2041422662429084,1.0927591066154394,1.0,-0.03751396145129798,0.9703800000000012
nominal_spring_damper,severe_damping_loss,fixed_nominal_certificate,certificate,96,0.008240078172388273,0.0,0.0,1.0,-0.9371476738682256,0.026337427444234143,0.960756,0.8103976860000002,0.7612099999999996,0.3552600000000006,0.9769799999999985
nominal_spring_damper,severe_damping_loss,hamiltonian_predictor,structured,96,0.012831611780381473,11.141490692403588,17.970146278070306,0.71875,-1.8024722009952292,0.06562385056914581,1.151694726639308,1.0324943224321397,1.0,0.047158537219296894,0.8401799999999994
nominal_spring_damper,severe_damping_loss,mpc_safety_filter,filter,96,0.008441238992200858,0.0,0.0,1.0,-0.9276290103580099,0.026219727049619116,0.960756,0.8545924620000002,0.7604099999999994,0.38446,0.9835800000000022
nominal_spring_damper,severe_damping_loss,oracle_limit_certificate,oracle,96,0.006717708642560259,0.0,0.0,1.0,-0.7964913529889986,0.01865473233917981,0.960756,0.7955059680000001,0.7737099999999999,0.5512599999999993,1.0954799999999985
nominal_spring_damper,severe_damping_loss,overconfident_certificate,certificate,96,0.006721282371376861,2.1392743063043826,64.1115531738307,0.0,-3.2771893074794574,0.1267270678397463,1.583162502429264,1.082091570410402,0.49476378730467746,-0.5228555317383069,1.1089800000000016
nominal_spring_damper,severe_damping_loss,passivity_filter,filter,96,0.008812970270289634,0.0,0.0,1.0,-1.09570272757354,0.0348699321309242,0.960756,0.8454652800000001,0.7449099999999995,0.3587599999999999,0.8407799999999997
nominal_spring_damper,severe_damping_loss,port_hamiltonian_predictor,structured,96,0.00924019302393094,4.988284776980191,7.335712907323806,1.0,-1.31932914390007,0.04401818284010519,1.0454071705942707,0.9523659324113807,1.0,0.1993028709267619,0.89358
nominal_spring_damper,severe_damping_loss,residual_learned_certificate,certificate,96,0.00800424840910067,0.0,0.0,1.0,-0.8303666321292944,0.020601728235777984,0.960756,0.8103976860000002,0.7694099999999996,0.43945999999999946,1.064580000000002
nominal_spring_damper,severe_damping_loss,robust_interval_certificate,certificate,96,0.009858462524921835,0.0,0.0,1.0,-1.0124905164715259,0.03141923066158501,0.960756,0.8070350400000001,0.741309999999999,0.49625999999999965,0.89988
nominal_spring_damper,severe_damping_loss,uncertainty_margin_certificate,certificate,96,0.009459168035284267,0.0,0.0,1.0,-0.9670993552465718,0.027880755199872004,0.960756,0.8089565520000002,0.7485100000000008,0.4742600000000005,0.9466800000000005
slope_biased_potential,action_latency,adaptive_calibrated_certificate,certificate,96,0.007206817871042894,0.0,0.0,1.0,-0.8399507844517841,0.022081786451677177,0.9457994,0.7996733927,0.7790179999999994,0.4373879999999992,1.042404000000001
slope_biased_potential,action_latency,aggressive_black_box,open,96,0.0055663543554018416,52.75969705305915,67.64063724751172,0.0,-3.3735874310582585,0.1319521377969264,1.5940205215050245,1.4202722846609768,1.0,-0.5831183724751171,1.1252039999999977
slope_biased_potential,action_latency,calibrated_black_box,open,96,0.0057921424548603405,22.086546364824418,29.846684276789762,0.0,-2.010412963744707,0.07348241774669911,1.2440622048966548,1.1358287930706459,1.0,-0.13407884276789764,1.0376040000000015
slope_biased_potential,action_latency,energy_loss_only,regularized,96,0.00631711349104848,11.442295350909562,16.346136215585098,1.0,-1.5696686397001967,0.054791164238974115,1.115990856092892,1.0127617019042996,1.0,0.046726637844149134,0.9674040000000009
slope_biased_potential,action_latency,fixed_nominal_certificate,certificate,96,0.0068171969944679665,0.0,0.0,1.0,-0.9236402610982712,0.026469531354280724,0.9457994,0.7977817939000001,0.772618,0.36418799999999935,0.9740039999999984
slope_biased_potential,action_latency,hamiltonian_predictor,structured,96,0.010881374044227553,6.941372512614951,11.195762117120887,1.0,-1.526437985080099,0.054684380537933126,1.0688196425494192,0.9581968095455544,1.0,0.12383037882879115,0.837204
slope_biased_potential,action_latency,mpc_safety_filter,filter,96,0.007014865256594762,0.0,0.0,1.0,-0.9106821131223947,0.02586315451370776,0.9457994,0.8412885663,0.7718180000000007,0.3933880000000009,0.9806039999999997
slope_biased_potential,action_latency,oracle_limit_certificate,oracle,96,0.005290975333099039,0.0,0.0,1.0,-0.7749368856914728,0.018820920908532584,0.9457994,0.7831219032000001,0.7851179999999985,0.5601879999999987,1.0925040000000013
slope_biased_potential,action_latency,overconfident_certificate,certificate,96,0.005414009749146635,1.8169147020842302,52.57519740740978,0.0,-2.8151022370879946,0.10724736694687735,1.456523649227385,0.9955339142469176,0.552317210370361,-0.39856397407409777,1.1060039999999989
slope_biased_potential,action_latency,passivity_filter,filter,96,0.007417113491048482,0.0,0.0,1.0,-1.0798230790933865,0.03538273267247948,0.9457994,0.832303472,0.7563179999999994,0.36768800000000046,0.8378040000000002
slope_biased_potential,action_latency,port_hamiltonian_predictor,structured,96,0.0077990574141946845,1.377855699541848,2.0262583816791864,1.0,-1.1004940961991743,0.035795863767928475,0.977296607551277,0.8903172094792133,1.0,0.2613254161832081,0.8906040000000002
slope_biased_potential,action_latency,residual_learned_certificate,certificate,96,0.006627071914781253,0.0,0.0,1.0,-0.8142377486359936,0.02008282308380985,0.9457994,0.7977817939000001,0.7808179999999979,0.4483880000000007,1.0616040000000015
slope_biased_potential,action_latency,robust_interval_certificate,certificate,96,0.008416185098804346,0.0,0.0,1.0,-0.9985442486081486,0.031504068774634825,0.9457994,0.794471496,0.7527180000000011,0.5051879999999992,0.8969040000000011
slope_biased_potential,action_latency,uncertainty_margin_certificate,certificate,96,0.008041126324713823,0.0,0.0,1.0,-0.9424678932779149,0.027211464987345165,0.9457994,0.7963630948,0.7599179999999993,0.483187999999999,0.943703999999998
slope_biased_potential,actuator_saturation,adaptive_calibrated_certificate,certificate,96,0.007131093859523048,0.0,0.0,1.0,-0.8238675804214096,0.021947039362340992,0.9427054000000001,0.7970574157000002,0.7868380000000016,0.4435080000000007,1.0403639999999978
slope_biased_potential,actuator_saturation,aggressive_black_box,open,96,0.005474064937309688,49.28087903619372,63.18061414896632,0.0,-3.1919245914509524,0.12419702638252,1.54859670383758,1.379799663119284,1.0,-0.5323981414896629,1.1231640000000016
slope_biased_potential,actuator_saturation,calibrated_black_box,open,96,0.0057306529230173155,20.243446570063778,27.356008878464568,0.0,-1.9053262401127633,0.06907519742266709,1.216768025257827,1.110909207060396,1.0,-0.10305208878464589,1.0355639999999982
slope_biased_potential,actuator_saturation,energy_loss_only,regularized,96,0.006214940257533565,10.089174353102004,14.413106218717159,1.0,-1.4839110433643798,0.0517519986844343,1.094827226903394,0.9935557084148302,1.0,0.07217693781282855,0.9653639999999987
slope_biased_potential,actuator_saturation,fixed_nominal_certificate,certificate,96,0.006700571225177685,0.0,0.0,1.0,-0.9117067065940433,0.026233526934587845,0.9427054000000001,0.7951720049000003,0.7804379999999992,0.3703080000000007,0.9719639999999999
slope_biased_potential,actuator_saturation,hamiltonian_predictor,structured,96,0.010707787053219448,6.03935116462272,9.740888975197935,1.0,-1.4558173689361242,0.05175899461230641,1.0501411575806743,0.9414515477710745,1.0,0.14449911024802056,0.8351640000000007
slope_biased_potential,actuator_saturation,mpc_safety_filter,filter,96,0.006904065736929731,0.0,0.0,1.0,-0.8993213592059245,0.025535911960353017,0.9427054000000001,0.8385364533000002,0.7796379999999998,0.39950800000000014,0.9785640000000012
slope_biased_potential,actuator_saturation,oracle_limit_certificate,oracle,96,0.0052193930414049855,0.0,0.0,1.0,-0.7639174936815453,0.018223693914809304,0.9427054000000001,0.7805600712000001,0.7929380000000007,0.5663079999999995,1.0904639999999983
slope_biased_potential,actuator_saturation,overconfident_certificate,certificate,96,0.005275115133841341,1.7137287224252133,48.445449885375126,0.0,-2.64258757993697,0.09999079173972554,1.4120228716285677,0.965117632758126,0.5766562004584994,-0.35114649885375115,1.1039640000000015
slope_biased_potential,actuator_saturation,passivity_filter,filter,96,0.007314940257533569,0.0,0.0,1.0,-1.069229421155783,0.03562971811261512,0.9427054000000001,0.8295807520000001,0.7641380000000012,0.3738079999999999,0.8357639999999987
slope_biased_potential,actuator_saturation,port_hamiltonian_predictor,structured,96,0.0077219194105733234,0.733676651779512,1.07893625261693,1.0,-1.0449246706514985,0.033756652171828716,0.965814784912539,0.8798572690553231,1.0,0.2769186374738308,0.8885640000000011
slope_biased_potential,actuator_saturation,residual_learned_certificate,certificate,96,0.006485364592513628,0.0,0.0,1.0,-0.8101221390545889,0.019923964582953188,0.9427054000000001,0.7951720049000003,0.7886380000000002,0.45450799999999947,1.0595639999999988
slope_biased_potential,actuator_saturation,robust_interval_certificate,certificate,96,0.008316619848951488,0.0,0.0,1.0,-0.9966497612850526,0.031134337387748515,0.9427054000000001,0.7918725360000002,0.7605379999999985,0.5113079999999998,0.8948639999999987
slope_biased_potential,actuator_saturation,uncertainty_margin_certificate,certificate,96,0.007932049330023658,0.0,0.0,1.0,-0.9359560578189718,0.02807892588504324,0.9427054000000001,0.7937579468000002,0.767738,0.4893080000000007,0.9416640000000017
slope_biased_potential,cap_loosening,adaptive_calibrated_certificate,certificate,96,0.006564505066820374,0.0,0.0,1.0,-0.7182826311838952,0.021847678823201853,1.16817792,0.9876944313600001,0.8628300000000012,0.5029800000000008,1.020539999999998
slope_biased_potential,cap_loosening,aggressive_black_box,open,96,0.004645629978785471,19.925021304508842,25.544899108344662,0.0,-1.6241752255151212,0.05978576938373709,1.4962096450005913,1.3331227936955268,1.0,-0.0965689910834467,1.1033400000000018
slope_biased_potential,cap_loosening,calibrated_black_box,open,96,0.005169392189445707,5.496121117106065,7.4271906987919785,1.0,-1.0260918517180744,0.03476566508749752,1.2771811058538003,1.1660663496445196,1.0,0.15570809301208025,1.0157399999999985
slope_biased_potential,cap_loosening,energy_loss_only,regularized,96,0.005637044750001333,0.814284064907392,1.1632629498677032,1.0,-0.8639648233549563,0.029194861608520042,1.1960848100372423,1.0854469651087975,1.0,0.26414737050132303,0.9455399999999988
slope_biased_potential,cap_loosening,fixed_nominal_certificate,certificate,96,0.006135199636639576,0.0,0.0,1.0,-0.8062145099899068,0.02658575381260687,1.16817792,0.9853580755200001,0.8564300000000018,0.42978000000000044,0.9521399999999999
slope_biased_potential,cap_loosening,hamiltonian_predictor,structured,96,0.00944501966063547,0.01882459283461642,0.030362246507445834,1.0,-0.9771718704350519,0.03568836795116292,1.171878581194139,1.0505891480405458,1.0,0.30107637753492594,0.8153400000000005
slope_biased_potential,cap_loosening,mpc_safety_filter,filter,96,0.00636734839331892,0.0,0.0,1.0,-0.7892607702595478,0.025860484965980087,1.16817792,1.0390942598400001,0.8556300000000006,0.45897999999999933,0.9587400000000014
slope_biased_potential,cap_loosening,oracle_limit_certificate,oracle,96,0.0046470650463051235,0.0,0.0,1.0,-0.6625319447883716,0.01920172392347885,1.16817792,0.9672513177600001,0.8689300000000008,0.6257799999999992,1.0706399999999985
slope_biased_potential,cap_loosening,overconfident_certificate,certificate,96,0.0044570534514149175,0.5840122235131932,13.486334368954212,1.0,-1.1777451355923225,0.04091252223982902,1.3502191257047134,0.9228747724191716,0.7924846625241831,0.05791665631045791,1.0841400000000014
slope_biased_potential,cap_loosening,passivity_filter,filter,96,0.0067370447500013355,0.0,0.0,1.0,-0.9644901068123009,0.03559731459374493,1.16817792,1.0279965696,0.8401300000000008,0.4332800000000008,0.8159399999999989
slope_biased_potential,cap_loosening,port_hamiltonian_predictor,structured,96,0.007116530353644895,0.0,0.0,1.0,-0.9034776988108059,0.031739410004508306,1.16817792,1.06421008512,1.0,0.3471800000000007,0.8687400000000013
slope_biased_potential,cap_loosening,residual_learned_certificate,certificate,96,0.005924853852744614,0.0,0.0,1.0,-0.69569665580712,0.020688188077929905,1.16817792,0.9853580755200001,0.8646300000000001,0.5139799999999989,1.039739999999999
slope_biased_potential,cap_loosening,robust_interval_certificate,certificate,96,0.007817518910647156,0.0,0.0,1.0,-0.8858826441750317,0.03185149070306566,1.16817792,0.9812694528000001,0.8365300000000006,0.5707799999999993,0.8750399999999989
slope_biased_potential,cap_loosening,uncertainty_margin_certificate,certificate,96,0.007356943823268603,0.0,0.0,1.0,-0.8317063424915684,0.027884221328262626,1.16817792,0.9836058086400001,0.8437299999999991,0.5487800000000006,0.9218400000000018
slope_biased_potential,cap_tightening,adaptive_calibrated_certificate,certificate,96,0.006867617871042891,0.0,0.0,1.0,-0.811022784451784,0.022081786451677177,0.67505256,0.5707569394800002,0.7998099999999995,0.45365999999999945,1.03698
slope_biased_potential,cap_tightening,aggressive_black_box,open,96,0.005172481445376354,42.95871330766557,55.07527347136613,0.0,-2.8560678259866132,0.1105910193774789,1.0582635297885339,0.9429128050415837,1.0,-0.44119273471366105,1.1197800000000018
slope_biased_potential,cap_tightening,calibrated_black_box,open,96,0.005452942454860339,16.75910871977858,22.647444215917,0.0,-1.7015497132177295,0.061243709643215384,0.841365199722252,0.768166427346416,1.0,-0.04581444215917002,1.0321799999999979
slope_biased_potential,cap_tightening,energy_loss_only,regularized,96,0.005977913491048484,7.739689276896745,11.056698966995349,1.0,-1.335066161726033,0.04579912091637156,0.7615249526130796,0.6910838944963699,1.0,0.11589301033004651,0.9619799999999982
slope_biased_potential,cap_tightening,fixed_nominal_certificate,certificate,96,0.006477996994467963,0.0,0.0,1.0,-0.8947122610982704,0.026469531354280724,0.67505256,0.5694068343600001,0.7934100000000001,0.3804599999999996,0.9685800000000017
slope_biased_potential,cap_tightening,hamiltonian_predictor,structured,96,0.01028764193829943,4.143450370750289,6.682984468952082,1.0,-1.3220351390087028,0.04701265853604614,0.7322848890216734,0.6564934030079302,1.0,0.18523015531047912,0.8317799999999994
slope_biased_potential,cap_tightening,mpc_safety_filter,filter,96,0.006675665256594761,0.0,0.0,1.0,-0.8817541131223949,0.02586315451370776,0.67505256,0.6004592521200001,0.7926100000000007,0.4096600000000001,0.9751799999999992
slope_biased_potential,cap_tightening,oracle_limit_certificate,oracle,96,0.004951775333099043,0.0,0.0,1.0,-0.7460088856914727,0.018820920908532584,0.67505256,0.5589435196800001,0.8059099999999986,0.5764599999999992,1.08708
slope_biased_potential,cap_tightening,overconfident_certificate,certificate,96,0.005022983551652655,1.4884072303030091,40.525136960983694,0.0,-2.3176196866891603,0.08676226418795296,0.9623619617998564,0.6577744008902019,0.6213094521560654,-0.26179136960983695,1.100579999999998
slope_biased_potential,cap_tightening,passivity_filter,filter,96,0.007077913491048479,0.0,0.0,1.0,-1.050895079093386,0.03538273267247948,0.67505256,0.5940462528,0.7771099999999994,0.38395999999999947,0.8323800000000005
slope_biased_potential,cap_tightening,port_hamiltonian_predictor,structured,96,0.007459857414194683,0.10891300843950692,0.1601661888816278,1.0,-0.9990049673744341,0.03262350704017262,0.6804489302329738,0.6198889754422392,1.0,0.29625833811118385,0.8851800000000004
slope_biased_potential,cap_tightening,residual_learned_certificate,certificate,96,0.006287871914781254,0.0,0.0,1.0,-0.7853097486359933,0.02008282308380985,0.67505256,0.5694068343600001,0.801609999999998,0.46466000000000013,1.0561799999999986
slope_biased_potential,cap_tightening,robust_interval_certificate,certificate,96,0.00807698509880435,0.0,0.0,1.0,-0.9696162486081487,0.031504068774634825,0.67505256,0.5670441504000001,0.7735100000000013,0.5214599999999995,0.891480000000001
slope_biased_potential,cap_tightening,uncertainty_margin_certificate,certificate,96,0.007701926324713822,0.0,0.0,1.0,-0.9135398932779147,0.027211464987345165,0.67505256,0.5683942555200001,0.7807099999999992,0.4994599999999993,0.9382800000000012
slope_biased_potential,combined_shift,adaptive_calibrated_certificate,certificate,96,0.008571617871042892,0.0,0.0,1.0,-1.215374784451784,0.022081786451677177,0.863099692,0.7297507895860001,0.5091820000000006,0.22621200000000022,1.112796000000002
slope_biased_potential,combined_shift,aggressive_black_box,open,96,0.008392918652849428,124.79999999999986,160.0,0.0,-7.340312892326015,0.28896305447615656,2.057019692,1.832804545572,1.0,-1.7178879999999983,1.1955959999999985
slope_biased_potential,combined_shift,calibrated_black_box,open,96,0.00715694245486034,107.37267071958614,145.09820367511634,0.0,-6.867277044029239,0.2694100007238543,1.9782957241243133,1.8061839961254982,1.0,-1.4977700367511642,1.107996
slope_biased_potential,combined_shift,energy_loss_only,regularized,96,0.007681913491048482,72.31092857676684,103.30132653823834,0.0,-5.326258260206246,0.20261498778748466,1.6617735178810331,1.5080594674770378,1.0,-1.034001265382383,1.037796
slope_biased_potential,combined_shift,fixed_nominal_certificate,certificate,96,0.008181996994467965,1.0343715826985778,17.01269050491081,0.7083333333333334,-1.960585718691223,0.05539110521262908,1.0100769313848204,0.8519998916230961,0.4347312379803565,-0.017114905049108058,1.0443960000000017
slope_biased_potential,combined_shift,hamiltonian_predictor,structured,96,0.015179684335027503,55.12727625272583,88.91496169794488,0.0,-4.923895341580862,0.18680701982533396,1.5555325901089239,1.3945349670326503,1.0,-0.8645376169794483,0.9075959999999991
slope_biased_potential,combined_shift,mpc_safety_filter,filter,96,0.008379665256594762,6.413628692217394,11.452908378959625,1.0,-1.7314410025298612,0.04533309875793914,0.9666621600658332,0.8598459913785587,0.45617036648416115,0.06768291621040372,1.0509959999999987
slope_biased_potential,combined_shift,oracle_limit_certificate,oracle,96,0.006655775333099043,0.0,0.0,1.0,-1.1503608856914727,0.018820920908532584,0.863099692,0.7146465449760001,0.5152819999999992,0.34901199999999927,1.1628960000000024
slope_biased_potential,combined_shift,overconfident_certificate,certificate,96,0.008203629764050405,2.0480000000000014,160.0,0.0,-7.367632261098271,0.2898695313542807,2.057019692,1.4059729594819999,0.059999999999999915,-1.6839879999999996,1.176395999999998
slope_biased_potential,combined_shift,passivity_filter,filter,96,0.00878191349104848,9.681118175982638,19.362236351965276,0.0,-2.2081282774032034,0.06829853447082045,1.0259116495318046,0.902802251587988,0.40903305459213873,-0.0371103635196527,0.9081959999999998
slope_biased_potential,combined_shift,port_hamiltonian_predictor,structured,96,0.009163857414194688,37.40620053479669,55.00911843352455,0.0,-3.5361036264551307,0.12586672585606562,1.297311540018801,1.1818508129571277,1.0,-0.47967918433524553,0.960995999999999
slope_biased_potential,combined_shift,residual_learned_certificate,certificate,96,0.007991871914781254,0.0,0.0,1.0,-1.1896617486359942,0.02008282308380985,0.863099692,0.7280245902020002,0.510981999999999,0.23721199999999978,1.1319960000000007
slope_biased_potential,combined_shift,robust_interval_certificate,certificate,96,0.009780985098804353,0.0,0.0,0.71875,-1.3739682486081481,0.031504068774634825,0.863099692,0.7250037412800001,0.4828819999999989,0.29401199999999955,0.9672960000000007
slope_biased_potential,combined_shift,uncertainty_margin_certificate,certificate,96,0.009405926324713822,0.0,0.0,1.0,-1.3178918932779151,0.027211464987345165,0.863099692,0.7267299406640001,0.4900820000000006,0.2720120000000001,1.0140959999999988
slope_biased_potential,contact_surprise,adaptive_calibrated_certificate,certificate,96,0.00752645408748477,0.0,0.0,1.0,-0.9400247150635107,0.022140257709787073,0.895870976,0.7574589102080002,0.7083159999999982,0.38205599999999934,1.0608479999999973
slope_biased_potential,contact_surprise,aggressive_black_box,open,96,0.006206089309243455,102.23021903914217,131.0643833835156,0.0,-5.940879797046616,0.23915996479954338,2.02330098460457,1.8027611772826722,1.0,-1.2726878338351557,1.143647999999999
slope_biased_potential,contact_surprise,calibrated_black_box,open,96,0.00610099823487865,48.09722019306483,64.99624350414163,0.0,-3.478291845977035,0.13262412700460757,1.4652987267467672,1.3378177375197986,1.0,-0.5409064350414164,1.0560480000000008
slope_biased_potential,contact_surprise,energy_loss_only,regularized,96,0.0066019895753543145,29.126630390911117,41.609471987015866,0.0,-2.648496449523531,0.0974594212985627,1.2694647932454914,1.1520392998702835,1.0,-0.26123871987015884,0.9858480000000006
slope_biased_potential,contact_surprise,fixed_nominal_certificate,certificate,96,0.007104733787966854,0.0,0.0,1.0,-1.0215477522375327,0.026097147042946453,0.895870976,0.7556671682560001,0.7019159999999988,0.3088559999999996,0.9924479999999996
slope_biased_potential,contact_surprise,hamiltonian_predictor,structured,96,0.011838994620481652,20.70319840643344,33.3922554942475,0.0,-2.4822233682527974,0.09205568481565081,1.198965569421564,1.0748726329864322,1.0,-0.15346655494247483,0.8556480000000012
slope_biased_potential,contact_surprise,mpc_safety_filter,filter,96,0.00727912967602169,0.0,0.0,1.0,-1.006242760625747,0.02624955042213541,0.895870976,0.7968772331520001,0.7011159999999994,0.3380560000000008,0.999048000000001
slope_biased_potential,contact_surprise,oracle_limit_certificate,oracle,96,0.005621970732559969,0.0,0.0,1.0,-0.8783548197608019,0.018392859465699702,0.895870976,0.7417811681280001,0.7144159999999999,0.504855999999999,1.1109479999999976
slope_biased_potential,contact_surprise,overconfident_certificate,certificate,96,0.006024320169322777,3.061181501600746,112.6229361019818,0.0,-5.247905999626994,0.20895613841631536,1.8688972565468893,1.2773912748497989,0.24142425559207306,-1.0543733610198178,1.1244480000000008
slope_biased_potential,contact_surprise,passivity_filter,filter,96,0.007701989575354315,0.06961149749033138,0.13922299498066276,1.0,-1.1817248877172355,0.03533999801210281,0.901914050565927,0.7936843644980157,0.685059108020078,0.31096377005019366,0.8562479999999991
slope_biased_potential,contact_surprise,port_hamiltonian_predictor,structured,96,0.008111306718304472,11.01126683869009,16.19303946866188,0.9895833333333334,-1.7478576199782487,0.05932675540268722,1.0495082766444297,0.9561020400230755,1.0,0.06432560531338107,0.9090479999999989
slope_biased_potential,contact_surprise,residual_learned_certificate,certificate,96,0.006895573946955973,0.0,0.0,1.0,-0.9130704440842856,0.020408385931044052,0.895870976,0.7556671682560001,0.7101159999999994,0.3930560000000007,1.0800480000000015
slope_biased_potential,contact_surprise,robust_interval_certificate,certificate,96,0.008718556657153195,0.0,0.0,1.0,-1.1004471667935605,0.03172823783249999,0.895870976,0.75253161984,0.6820159999999991,0.44985599999999953,0.9153479999999994
slope_biased_potential,contact_surprise,uncertainty_margin_certificate,certificate,96,0.008314103744936057,0.0,0.0,1.0,-1.0453584486612773,0.028700454931858216,0.895870976,0.7543233617920001,0.6892160000000014,0.4278559999999991,0.9621479999999992
slope_biased_potential,mild_damping_loss,adaptive_calibrated_certificate,certificate,96,0.007490885578423731,0.0,0.0,1.0,-0.772838513728214,0.021445130697851283,0.9276540000000001,0.7843314570000002,0.8248799999999988,0.4732800000000006,1.030439999999999
slope_biased_potential,mild_damping_loss,aggressive_black_box,open,96,0.005618002311138047,37.132674101006,47.605992437187176,0.0,-2.533524245926255,0.09767506161622878,1.3867047511505122,1.2355539332751064,1.0,-0.3468799243718719,1.1132400000000013
slope_biased_potential,mild_damping_loss,calibrated_black_box,open,96,0.006128791155006522,14.813482968799546,20.0182202281075,0.5,-1.5672069113483997,0.056555848860793394,1.1306321225921876,1.0322671279266673,1.0,9.779771892492755e-05,1.0256399999999992
slope_biased_potential,mild_damping_loss,energy_loss_only,regularized,96,0.006600096453761815,6.557200468593867,9.36742924084838,1.0,-1.2345434655870904,0.042459825219772596,1.0325197237413601,0.9370116492952845,1.0,0.1524057075915162,0.9554399999999995
slope_biased_potential,mild_damping_loss,fixed_nominal_certificate,certificate,96,0.0071254351829593615,0.0,0.0,1.0,-0.8568696719881036,0.0263098139108263,0.9276540000000001,0.7824761490000002,0.8184799999999993,0.40007999999999994,0.9620400000000008
slope_biased_potential,mild_damping_loss,hamiltonian_predictor,structured,96,0.01087943021103333,3.50169418410557,5.647893845331564,1.0,-1.2424015482212907,0.04477363411176102,0.9962548604573466,0.8931424824000113,1.0,0.21520106154668436,0.8252399999999994
slope_biased_potential,mild_damping_loss,mpc_safety_filter,filter,96,0.007266807582143862,0.0,0.0,1.0,-0.8462808777776387,0.02606295470304601,0.9276540000000001,0.8251482330000002,0.8176800000000002,0.4292799999999992,0.9686399999999984
slope_biased_potential,mild_damping_loss,oracle_limit_certificate,oracle,96,0.005572811898802815,0.0,0.0,1.0,-0.7207951651731515,0.018690098098272604,0.9276540000000001,0.7680975120000001,0.8309799999999982,0.5960800000000005,1.0805399999999994
slope_biased_potential,mild_damping_loss,overconfident_certificate,certificate,96,0.005448216342956432,1.299904338914424,33.039455543778566,0.0,-1.9887038613523895,0.07387688833524984,1.2557486029687757,0.8583041701291582,0.6763221778248857,-0.16731455543778573,1.0940400000000026
slope_biased_potential,mild_damping_loss,passivity_filter,filter,96,0.007700096453761814,0.0,0.0,1.0,-1.0160579469859423,0.03491519551033035,0.9276540000000001,0.8163355200000001,0.8021799999999987,0.40358000000000027,0.8258399999999996
slope_biased_potential,mild_damping_loss,port_hamiltonian_predictor,structured,96,0.008107468360769721,0.09702607337511705,0.14268540202223098,1.0,-0.9642340490423065,0.031921058898813505,0.933720480401943,0.8506193576461701,1.0,0.31605314597977757,0.8786400000000002
slope_biased_potential,mild_damping_loss,residual_learned_certificate,certificate,96,0.006897936279500631,0.0,0.0,1.0,-0.7489361259538793,0.020392344984911676,0.9276540000000001,0.7824761490000002,0.8266800000000004,0.4842799999999989,1.0496399999999977
slope_biased_potential,mild_damping_loss,robust_interval_certificate,certificate,96,0.008714349955139332,0.0,0.0,1.0,-0.9372832003458931,0.03127347588997283,0.9276540000000001,0.7792293600000002,0.7985800000000008,0.5410800000000008,0.8849400000000002
slope_biased_potential,mild_damping_loss,uncertainty_margin_certificate,certificate,96,0.008335021924791337,0.0,0.0,1.0,-0.8790520309399962,0.027752192655651226,0.9276540000000001,0.7810846680000002,0.805779999999999,0.5190800000000005,0.9317400000000008
slope_biased_potential,nominal,adaptive_calibrated_certificate,certificate,96,0.006496935082499946,0.0,0.0,1.0,-0.7154153368478792,0.021623535379574687,0.91,0.7694050000000001,0.8695000000000012,0.5082000000000004,1.018799999999999
slope_biased_potential,nominal,aggressive_black_box,open,96,0.004583395364867967,17.64314146526302,22.619412134952583,0.020833333333333332,-1.5029118922325766,0.05549264611492496,1.1388993675238803,1.0147593364637775,1.0,-0.06209412134952586,1.1016000000000015
slope_biased_potential,nominal,calibrated_black_box,open,96,0.005129244206084959,4.4249727518791415,5.979692907944782,1.0,-0.9622986498096049,0.032985123429011685,0.9810624595539574,0.8957100255727631,1.0,0.17540307092055218,1.0139999999999993
slope_biased_potential,nominal,energy_loss_only,regularized,96,0.005597815104658816,0.32015277986874663,0.4573611140982094,1.0,-0.8259288959430836,0.027733872339470972,0.923563528393222,0.838133902016849,1.0,0.2764263888590179,0.9437999999999999
slope_biased_potential,nominal,fixed_nominal_certificate,certificate,96,0.006092208428158476,0.0,0.0,1.0,-0.7951837520177515,0.026061921064534702,0.91,0.7675850000000002,0.8631000000000015,0.4350000000000001,0.9504000000000009
slope_biased_potential,nominal,hamiltonian_predictor,structured,96,0.009292830701836686,0.0,0.0,1.0,-0.9560801921970836,0.03584055535985211,0.91,0.8158150000000001,1.0,0.3065999999999996,0.8135999999999993
slope_biased_potential,nominal,mpc_safety_filter,filter,96,0.006283237332652639,0.0,0.0,1.0,-0.7797246096280935,0.026094913935554697,0.91,0.8094450000000001,0.8623000000000003,0.4642000000000001,0.9569999999999985
slope_biased_potential,nominal,oracle_limit_certificate,oracle,96,0.004597596140375671,0.0,0.0,1.0,-0.6487272057767287,0.019060687334830167,0.91,0.75348,0.8756000000000007,0.6310000000000001,1.0688999999999995
slope_biased_potential,nominal,overconfident_certificate,certificate,96,0.004393766742526779,0.47189399276585425,10.724863471951236,1.0,-1.059337343261103,0.0356941889668518,1.0276461715604306,0.7023961582615543,0.8102005461121949,0.09075136528048768,1.0824000000000027
slope_biased_potential,nominal,passivity_filter,filter,96,0.006697815104658815,0.0,0.0,1.0,-0.9539024663824888,0.035336358445503986,0.91,0.8008000000000001,0.8468000000000013,0.43849999999999983,0.8141999999999997
slope_biased_potential,nominal,port_hamiltonian_predictor,structured,96,0.007125730173388921,0.0,0.0,1.0,-0.9006442985514713,0.03218681812246225,0.91,0.82901,1.0,0.35239999999999977,0.8670000000000003
slope_biased_potential,nominal,residual_learned_certificate,certificate,96,0.005935843622896158,0.0,0.0,1.0,-0.6889730459125311,0.02102122980850626,0.91,0.7675850000000002,0.8713000000000006,0.5191999999999997,1.0379999999999978
slope_biased_potential,nominal,robust_interval_certificate,certificate,96,0.007702895167435746,0.0,0.0,1.0,-0.8737698942206314,0.031276038474462385,0.91,0.7644000000000001,0.8432000000000003,0.5760000000000004,0.8733000000000003
slope_biased_potential,nominal,uncertainty_margin_certificate,certificate,96,0.00729036791377929,0.0,0.0,1.0,-0.8207240483356363,0.028436766387429976,0.91,0.7662200000000001,0.8503999999999988,0.5540000000000004,0.9201000000000009
slope_biased_potential,payload_decrease,adaptive_calibrated_certificate,certificate,96,0.007180854087484774,0.0,0.0,1.0,-0.7620407150635109,0.022140257709787073,0.9231585999999999,0.7805305963000001,0.836241999999999,0.4821719999999991,1.0274759999999976
slope_biased_potential,payload_decrease,aggressive_black_box,open,96,0.005249736893160341,31.549419151439093,40.44797327107576,0.0,-2.2393673062345,0.08511206760839556,1.3156332569235722,1.172229231918903,1.0,-0.26640773271075757,1.1102759999999992
slope_biased_potential,payload_decrease,calibrated_black_box,open,96,0.0057553982348786505,11.673542457238765,15.775057374646975,1.0,-1.3863912445177637,0.048948110584466624,1.0860189048223625,0.991535260102817,1.0,0.05142142625353018,1.0226760000000006
slope_biased_potential,payload_decrease,energy_loss_only,regularized,96,0.006256389575354311,4.435894568527618,6.33699224075374,1.0,-1.0989773470698758,0.037496205729917055,0.9981059186262664,0.9057811211533369,1.0,0.19160207759246264,0.9524760000000004
slope_biased_potential,payload_decrease,fixed_nominal_certificate,certificate,96,0.006759133787966856,0.0,0.0,1.0,-0.8435637522375322,0.026097147042946453,0.9231585999999999,0.7786842791,0.8298419999999994,0.4089719999999993,0.9590759999999997
slope_biased_potential,payload_decrease,hamiltonian_predictor,structured,96,0.010334378574309777,1.8535383601200082,2.9895780001935606,1.0,-1.1220616565740051,0.040371133075759125,0.9646291693700219,0.8647900503402247,1.0,0.25067621999806433,0.822276000000001
slope_biased_potential,payload_decrease,mpc_safety_filter,filter,96,0.006933529676021687,0.0,0.0,1.0,-0.8282587606257472,0.02624955042213541,0.9231585999999999,0.8211495747,0.8290420000000008,0.4381720000000009,0.965676000000001
slope_biased_potential,payload_decrease,oracle_limit_certificate,oracle,96,0.005276370732559969,0.0,0.0,1.0,-0.7003708197608018,0.018392859465699702,0.9231585999999999,0.7643753208,0.8423420000000011,0.6049719999999984,1.0775759999999976
slope_biased_potential,payload_decrease,overconfident_certificate,certificate,96,0.005087616964606685,1.0736266222330175,26.48993876655621,0.0,-1.7207265312363054,0.06253004294609206,1.1870233892649886,0.8113304865626197,0.713882244933775,-0.0929273876655622,1.0910760000000008
slope_biased_potential,payload_decrease,passivity_filter,filter,96,0.007356389575354314,0.0,0.0,1.0,-0.9983273407804077,0.03510331892063568,0.9231585999999999,0.812379568,0.8135419999999987,0.41247200000000045,0.8228759999999994
slope_biased_potential,payload_decrease,port_hamiltonian_predictor,structured,96,0.007765706718304476,0.0,0.0,1.0,-0.9402234732787994,0.03179858830596203,0.9231585999999999,0.8409974846,1.0,0.32637199999999944,0.875675999999999
slope_biased_potential,payload_decrease,residual_learned_certificate,certificate,96,0.0065499739469559665,0.0,0.0,1.0,-0.7350864440842858,0.020408385931044052,0.9231585999999999,0.7786842791,0.8380420000000011,0.4931720000000008,1.0466760000000013
slope_biased_potential,payload_decrease,robust_interval_certificate,certificate,96,0.008372956657153197,0.0,0.0,1.0,-0.9224631667935596,0.03172823783249999,0.9231585999999999,0.775453224,0.8099420000000008,0.5499719999999989,0.8819759999999995
slope_biased_potential,payload_decrease,uncertainty_margin_certificate,certificate,96,0.00796850374493606,0.0,0.0,1.0,-0.8673744486612777,0.028700454931858216,0.9231585999999999,0.7772995412,0.8171419999999996,0.5279719999999989,0.9287759999999993
slope_biased_potential,payload_increase,adaptive_calibrated_certificate,certificate,96,0.00740645408748477,0.0,0.0,1.0,-0.7987767150635108,0.022140257709787073,0.9336054000000001,0.7893633657000002,0.8098379999999993,0.46150800000000003,1.0343639999999976
slope_biased_potential,payload_increase,aggressive_black_box,open,96,0.005572078557485872,42.180190920186064,54.07716784639237,0.0,-2.806060908101113,0.10828169838643383,1.4519458473528553,1.293683749991394,1.0,-0.4233636784639239,1.1171640000000016
slope_biased_potential,payload_increase,calibrated_black_box,open,96,0.0059809982348786525,17.174872864307392,23.20928765446946,0.0,-1.7121998547183803,0.06158630206016482,1.1660538051710503,1.064607124121169,1.0,-0.043584876544694534,1.0295639999999981
slope_biased_potential,payload_increase,energy_loss_only,regularized,96,0.006481989575354317,8.04577224922065,11.493960356029499,1.0,-1.336236895264259,0.04626305152588584,1.058161485821037,0.9602815483825913,1.0,0.11936839643970508,0.9593639999999986
slope_biased_potential,payload_increase,fixed_nominal_certificate,certificate,96,0.006984733787966855,0.0,0.0,1.0,-0.8802997522375322,0.026097147042946453,0.9336054000000001,0.7874961549000002,0.803438,0.3883079999999997,0.9659639999999997
slope_biased_potential,payload_increase,hamiltonian_predictor,structured,96,0.010828845238449673,4.45596083541849,7.1870336055136965,1.0,-1.3220115203312737,0.04750680760480335,1.016563315093174,0.9113490119810307,1.0,0.1880376639448631,0.8291640000000005
slope_biased_potential,payload_increase,mpc_safety_filter,filter,96,0.007159129676021689,0.0,0.0,1.0,-0.8649947606257474,0.02624955042213541,0.9336054000000001,0.8304420033000002,0.8026380000000013,0.41750800000000016,0.972564000000001
slope_biased_potential,payload_increase,oracle_limit_certificate,oracle,96,0.005501970732559969,0.0,0.0,1.0,-0.7371068197608018,0.018392859465699702,0.9336054000000001,0.7730252712000002,0.8159380000000014,0.584308,1.084463999999998
slope_biased_potential,payload_increase,overconfident_certificate,certificate,96,0.005405903020401233,1.4846773597221246,39.303797273341864,0.0,-2.2557166054141575,0.08431360240762763,1.3164318762522578,0.8997811874184182,0.6362228109066325,-0.24172997273341876,1.0979640000000013
slope_biased_potential,payload_increase,passivity_filter,filter,96,0.007581989575354313,0.0,0.0,1.0,-1.0350633407804073,0.03510331892063568,0.9336054000000001,0.8215727520000001,0.7871379999999991,0.39180799999999993,0.8297639999999986
slope_biased_potential,payload_increase,port_hamiltonian_predictor,structured,96,0.007991306718304472,0.381587840164017,0.5611585884764955,1.0,-0.9987795638331197,0.03275255790637207,0.9468549096863099,0.8625848227242283,1.0,0.30009641411523474,0.8825640000000011
slope_biased_potential,payload_increase,residual_learned_certificate,certificate,96,0.006775573946955972,0.0,0.0,1.0,-0.7718224440842861,0.020408385931044052,0.9336054000000001,0.7874961549000002,0.8116380000000009,0.4725079999999997,1.0535639999999986
slope_biased_potential,payload_increase,robust_interval_certificate,certificate,96,0.008598556657153191,0.0,0.0,1.0,-0.9591991667935602,0.03172823783249999,0.9336054000000001,0.7842285360000002,0.7835379999999992,0.5293080000000002,0.8888639999999991
slope_biased_potential,payload_increase,uncertainty_margin_certificate,certificate,96,0.008194103744936057,0.0,0.0,1.0,-0.9041104486612777,0.028700454931858216,0.9336054000000001,0.7860957468000002,0.7907379999999998,0.5073080000000013,0.9356640000000015
slope_biased_potential,sensor_noise,adaptive_calibrated_certificate,certificate,96,0.00657249840631909,0.0,0.0,1.0,-0.760581885931605,0.021946145923303784,0.9244690000000001,0.7816385395000002,0.8329300000000001,0.4795799999999992,1.02834
slope_biased_potential,sensor_noise,aggressive_black_box,open,96,0.004831788771493098,29.53393035791822,37.86401327938234,0.0,-2.144054323244565,0.08168712760970244,1.2980096441914575,1.1565265929745887,1.0,-0.2431601327938234,1.111140000000002
slope_biased_potential,sensor_noise,calibrated_black_box,open,96,0.005231127382265814,9.891002947550207,13.366220199392181,1.0,-1.2978877371222266,0.04582087937371912,1.0685270414556902,0.9755651888490452,1.0,0.07291779800607819,1.0235399999999981
slope_biased_potential,sensor_noise,energy_loss_only,regularized,96,0.0056636419228104085,3.3358227472788933,4.7654610675412785,1.0,-1.0436298090817562,0.03508917948298451,0.984014469279234,0.8929931308709049,1.0,0.20472538932458728,0.9533399999999984
slope_biased_potential,sensor_noise,fixed_nominal_certificate,certificate,96,0.006187362020752491,0.0,0.0,1.0,-0.8437222226894185,0.026375263899684382,0.9244690000000001,0.7797896015000002,0.82653,0.40637999999999935,0.9599400000000019
slope_biased_potential,sensor_noise,hamiltonian_predictor,structured,96,0.00970100394705256,1.0950362098149993,1.7661874351854818,1.0,-1.082049715738707,0.03858326996711819,0.953879426593043,0.8551529059406632,1.0,0.2603181256481451,0.8231399999999996
slope_biased_potential,sensor_noise,mpc_safety_filter,filter,96,0.0063873152992139715,0.0,0.0,1.0,-0.8349849581622198,0.026015115627446322,0.9244690000000001,0.8223151755000001,0.8257299999999986,0.43558000000000097,0.9665399999999988
slope_biased_potential,sensor_noise,oracle_limit_certificate,oracle,96,0.004683160921439137,0.0,0.0,1.0,-0.70711362109758,0.018528186370196778,0.9244690000000001,0.7654603320000002,0.8390299999999993,0.6023799999999985,1.0784400000000003
slope_biased_potential,sensor_noise,overconfident_certificate,certificate,96,0.004629799917635928,0.9912396547663079,24.667520773599147,0.0,-1.650022100450047,0.059710049214802906,1.1735472471277042,0.8021195434117858,0.7178599169056038,-0.07729520773599138,1.0919399999999981
slope_biased_potential,sensor_noise,passivity_filter,filter,96,0.00676364192281041,0.0,0.0,1.0,-1.004087220931481,0.035367895668164354,0.9244690000000001,0.8135327200000001,0.8102299999999998,0.4098800000000005,0.8237400000000007
slope_biased_potential,sensor_noise,port_hamiltonian_predictor,structured,96,0.0072244620527633216,0.0,0.0,1.0,-0.9514350472210907,0.03195829643878342,0.9244690000000001,0.8421912590000001,1.0,0.3237799999999995,0.8765400000000007
slope_biased_potential,sensor_noise,residual_learned_certificate,certificate,96,0.005995858179518184,0.0,0.0,1.0,-0.7400489216085572,0.020989889690236966,0.9244690000000001,0.7797896015000002,0.834729999999999,0.49058000000000074,1.0475399999999988
slope_biased_potential,sensor_noise,robust_interval_certificate,certificate,96,0.007768321445130184,0.0,0.0,1.0,-0.9266513021197368,0.03140613480237486,0.9244690000000001,0.7765539600000002,0.8066299999999988,0.547379999999999,0.8828400000000012
slope_biased_potential,sensor_noise,uncertainty_margin_certificate,certificate,96,0.007364746343439386,0.0,0.0,1.0,-0.8721318556655014,0.028099394172831013,0.9244690000000001,0.7784028980000002,0.8138300000000003,0.525379999999999,0.9296400000000012
slope_biased_potential,severe_damping_loss,adaptive_calibrated_certificate,certificate,96,0.008747093859523051,0.0,0.0,1.0,-0.8506195804214097,0.021947039362340992,0.9503130000000001,0.8034896415000002,0.7676099999999998,0.42846000000000056,1.0453799999999986
slope_biased_potential,severe_damping_loss,aggressive_black_box,open,96,0.006990988442495255,65.96777099964036,84.57406538415431,0.0,-4.050539549280003,0.16056589348233966,1.753231845054855,1.5621295739438759,1.0,-0.7613806538415436,1.1281800000000002
slope_biased_potential,severe_damping_loss,calibrated_black_box,open,96,0.007346652923017311,31.15086458843265,42.09576295734143,0.0,-2.5052188377158116,0.09413277935675772,1.3613470338390292,1.2429098418950337,1.0,-0.26549762957341433,1.0405800000000014
slope_biased_potential,severe_damping_loss,energy_loss_only,regularized,96,0.007830940257533564,18.50732400231535,26.439034289021933,0.0,-1.9782792304501111,0.07219607640395244,1.21526006552212,1.102848509461324,1.0,-0.06313034289021925,0.9703800000000012
slope_biased_potential,severe_damping_loss,fixed_nominal_certificate,certificate,96,0.008316571225177687,0.0,0.0,1.0,-0.9384587065940435,0.026233526934587845,0.9503130000000001,0.8015890155000002,0.7612099999999996,0.3552600000000006,0.9769799999999985
slope_biased_potential,severe_damping_loss,hamiltonian_predictor,structured,96,0.012928577808958853,12.791161421899576,20.63090551919286,0.22916666666666666,-1.9060167722328236,0.07027202273709778,1.1606469437768032,1.0405199850959042,1.0,0.020550944808071372,0.8401799999999994
slope_biased_potential,severe_damping_loss,mpc_safety_filter,filter,96,0.008520065736929735,0.0,0.0,1.0,-0.9260733592059247,0.025535911960353017,0.9503130000000001,0.8453034135000002,0.7604099999999994,0.38446,0.9835800000000022
slope_biased_potential,severe_damping_loss,oracle_limit_certificate,oracle,96,0.006835393041404985,0.0,0.0,1.0,-0.7906694936815453,0.018223693914809304,0.9503130000000001,0.7868591640000001,0.7737099999999999,0.5512599999999993,1.0954799999999985
slope_biased_potential,severe_damping_loss,overconfident_certificate,certificate,96,0.0067885763696378205,2.300663034202775,68.9481849137729,0.0,-3.466567928781189,0.13484544128800183,1.6088323280974146,1.0996368962545828,0.4754172603449082,-0.5712218491377297,1.1089800000000016
slope_biased_potential,severe_damping_loss,passivity_filter,filter,96,0.008930940257533564,0.0,0.0,1.0,-1.0959814211557821,0.03562971811261512,0.9503130000000001,0.8362754400000001,0.7449099999999995,0.3587599999999999,0.8407799999999997
slope_biased_potential,severe_damping_loss,port_hamiltonian_predictor,structured,96,0.009337919410573322,5.669726647963561,8.33783330582877,1.0,-1.3539316236685874,0.04609677716228885,1.0474269906709293,0.9542059885012166,1.0,0.18928166694171225,0.89358
slope_biased_potential,severe_damping_loss,residual_learned_certificate,certificate,96,0.00810136459251363,0.0,0.0,1.0,-0.8368741390545886,0.019923964582953188,0.9503130000000001,0.8015890155000002,0.7694099999999996,0.43945999999999946,1.064580000000002
slope_biased_potential,severe_damping_loss,robust_interval_certificate,certificate,96,0.00993261984895149,0.0,0.0,1.0,-1.0234017612850528,0.031134337387748515,0.9503130000000001,0.7982629200000001,0.741309999999999,0.49625999999999965,0.89988
slope_biased_potential,severe_damping_loss,uncertainty_margin_certificate,certificate,96,0.009548049330023662,0.0,0.0,1.0,-0.9627080578189715,0.02807892588504324,0.9503130000000001,0.8001635460000002,0.7485100000000008,0.4742600000000005,0.9466800000000005
soft_wall_contact,action_latency,adaptive_calibrated_certificate,certificate,96,0.00733610390539869,0.0,0.0,1.0,-0.8381249148244511,0.02223461381748329,0.935406,0.7908857730000001,0.7790179999999994,0.4373879999999992,1.042404000000001
soft_wall_contact,action_latency,aggressive_black_box,open,96,0.005703685762189766,75.1315325162476,96.32247758493283,0.0,-4.491437064221959,0.1802714993280986,1.8389325111501575,1.6384888674347904,1.0,-0.8699367758493285,1.1252039999999977
soft_wall_contact,action_latency,calibrated_black_box,open,96,0.005949847455236909,33.84676439690436,45.738870806627546,0.0,-2.6309496982543346,0.10005936780497954,1.377451386865509,1.2576131162082098,1.0,-0.2930007080662753,1.0376040000000015
soft_wall_contact,action_latency,energy_loss_only,regularized,96,0.00642955776732027,19.37324558966559,27.6760651280937,0.0,-2.0072387392581246,0.07387059644886793,1.2097971258528009,1.097890891711417,1.0,-0.06657265128093691,0.9674040000000009
soft_wall_contact,action_latency,fixed_nominal_certificate,certificate,96,0.0069567472063564876,0.0,0.0,1.0,-0.9217706716337447,0.026059429154007652,0.935406,0.7890149610000001,0.772618,0.36418799999999935,0.9740039999999984
soft_wall_contact,action_latency,hamiltonian_predictor,structured,96,0.011065496258909764,13.337170967584983,21.511566076749986,0.15625,-1.9235209734583527,0.0726356770259323,1.1512789902430307,1.0321216147528771,1.0,0.020672339232500243,0.837204
soft_wall_contact,action_latency,mpc_safety_filter,filter,96,0.007128281519540838,0.0,0.0,1.0,-0.9093811704723511,0.02548068403897163,0.935406,0.8320436370000001,0.7718180000000007,0.3933880000000009,0.9806039999999997
soft_wall_contact,action_latency,oracle_limit_certificate,oracle,96,0.00539875125187398,0.0,0.0,1.0,-0.7852832268827132,0.018440924107101072,0.935406,0.774516168,0.7851179999999985,0.5601879999999987,1.0925040000000013
soft_wall_contact,action_latency,overconfident_certificate,certificate,96,0.005535531748261706,2.6650852347285747,77.11830509307644,0.0,-3.76756684687293,0.14856054781223768,1.663291780642448,1.1368599320691133,0.4541447796276943,-0.6439950509307644,1.1060039999999989
soft_wall_contact,action_latency,passivity_filter,filter,96,0.007529557767320272,0.0,0.0,1.0,-1.0768402228173304,0.03520128573110863,0.935406,0.82315728,0.7563179999999994,0.36768800000000046,0.8378040000000002
soft_wall_contact,action_latency,port_hamiltonian_predictor,structured,96,0.007931609458494126,5.406701389607931,7.951031455305778,1.0,-1.3344996367306177,0.045662665314760494,1.024855750021637,0.9336435882697114,1.0,0.20207768544694216,0.8906040000000002
soft_wall_contact,action_latency,residual_learned_certificate,certificate,96,0.006724962108412349,0.0,0.0,1.0,-0.8111530576548677,0.020203497519703763,0.935406,0.7890149610000001,0.7808179999999979,0.4483880000000007,1.0616040000000015
soft_wall_contact,action_latency,robust_interval_certificate,certificate,96,0.008539911487794403,0.0,0.0,1.0,-1.002130901748416,0.0314996485337142,0.935406,0.78574104,0.7527180000000011,0.5051879999999992,0.8969040000000011
soft_wall_contact,action_latency,uncertainty_margin_certificate,certificate,96,0.008118550828552134,0.0,0.0,1.0,-0.9407862980651333,0.028231529120641075,0.935406,0.7876118520000001,0.7599179999999993,0.483187999999999,0.943703999999998
soft_wall_contact,actuator_saturation,adaptive_calibrated_certificate,certificate,96,0.007227237766185591,0.0,0.0,1.0,-0.8326063401193907,0.021644020822285687,0.9323460000000001,0.7882985430000002,0.7868380000000016,0.4435080000000007,1.0403639999999978
soft_wall_contact,actuator_saturation,aggressive_black_box,open,96,0.00553412950393217,71.2556690130203,91.35342181156454,0.0,-4.288815207040942,0.17102515023419665,1.7865765573426173,1.591839712592272,1.0,-0.814126218115645,1.1231640000000016
soft_wall_contact,actuator_saturation,calibrated_black_box,open,96,0.00580011646219945,31.79786314818403,42.97008533538383,0.0,-2.5138831515011324,0.09455347822468955,1.3456037490502042,1.2285362228828365,1.0,-0.2591928533538385,1.0355639999999982
soft_wall_contact,actuator_saturation,energy_loss_only,regularized,96,0.006309615218634553,17.70687623228802,25.295537474697174,0.0,-1.9041803082511206,0.06966441769550381,1.1838706738236102,1.0743626364949264,1.0,-0.03664737474697162,0.9653639999999987
soft_wall_contact,actuator_saturation,fixed_nominal_certificate,certificate,96,0.006806173958779106,0.0,0.0,1.0,-0.9198838653824583,0.02619257168566375,0.9323460000000001,0.7864338510000002,0.7804379999999992,0.3703080000000007,0.9719639999999999
soft_wall_contact,actuator_saturation,hamiltonian_predictor,structured,96,0.01080653881098685,12.010076379146886,19.371090934107883,0.5625,-1.831895339913758,0.06784801862365393,1.128582822669292,1.0117745005230203,1.0,0.04819709065892116,0.8351640000000007
soft_wall_contact,actuator_saturation,mpc_safety_filter,filter,96,0.006994196431892938,0.0,0.0,1.0,-0.9037237112184574,0.025948040460724894,0.9323460000000001,0.8293217670000002,0.7796379999999998,0.39950800000000014,0.9785640000000012
soft_wall_contact,actuator_saturation,oracle_limit_certificate,oracle,96,0.005378074182073904,0.0,0.0,1.0,-0.7672796587732084,0.01885567270968216,0.9323460000000001,0.7719824880000001,0.7929380000000007,0.5663079999999995,1.0904639999999983
soft_wall_contact,actuator_saturation,overconfident_certificate,certificate,96,0.005366428972764623,2.5575907306874544,72.3006109131873,0.0,-3.578348820130835,0.1405036102380822,1.6128339568712675,1.1023720095215113,0.48123555634725057,-0.589698109131873,1.1039640000000015
soft_wall_contact,actuator_saturation,passivity_filter,filter,96,0.007409615218634559,0.0,0.0,1.0,-1.066346229084995,0.035042003988518616,0.9323460000000001,0.8204644800000002,0.7641380000000012,0.3738079999999999,0.8357639999999987
soft_wall_contact,actuator_saturation,port_hamiltonian_predictor,structured,96,0.007807170709383727,4.446176096977264,6.5384942602606815,1.0,-1.2676489262399793,0.04382873660334307,1.0087207759650951,0.9189446269042016,1.0,0.2223230573973931,0.8885640000000011
soft_wall_contact,actuator_saturation,residual_learned_certificate,certificate,96,0.006638917760612955,0.0,0.0,1.0,-0.80572257539774,0.0203071741819811,0.9323460000000001,0.7864338510000002,0.7886380000000002,0.45450799999999947,1.0595639999999988
soft_wall_contact,actuator_saturation,robust_interval_certificate,certificate,96,0.008415288106467437,0.0,0.0,1.0,-0.9878472675690856,0.03134483825623199,0.9323460000000001,0.7831706400000001,0.7605379999999985,0.5113079999999998,0.8948639999999987
soft_wall_contact,actuator_saturation,uncertainty_margin_certificate,certificate,96,0.008062135055593382,0.0,0.0,1.0,-0.9302435244799558,0.02821313025501414,0.9323460000000001,0.7850353320000002,0.767738,0.4893080000000007,0.9416640000000017
soft_wall_contact,cap_loosening,adaptive_calibrated_certificate,certificate,96,0.006658121301821337,0.0,0.0,1.0,-0.7197484780284,0.022212600031010183,1.1553408,0.9768406464000002,0.8628300000000012,0.5029800000000008,1.020539999999998
soft_wall_contact,cap_loosening,aggressive_black_box,open,96,0.004681076026613734,35.9551791919636,46.096383579440534,0.0,-2.41927973685146,0.09495670957689556,1.7216291854189611,1.5339716042082945,1.0,-0.3020838357944053,1.1033400000000018
soft_wall_contact,cap_loosening,calibrated_black_box,open,96,0.005213412516596374,13.325967035436664,18.00806356140091,0.9375,-1.433499101270009,0.05298656554622825,1.3907168572049164,1.2697244906280887,1.0,0.049899364385990914,1.0157399999999985
soft_wall_contact,cap_loosening,energy_loss_only,regularized,96,0.005782766935621996,5.273028770257594,7.532898243225137,1.0,-1.109055850605138,0.04008920640684858,1.2647994624429753,1.147805512167,1.0,0.20045101756774883,0.9455399999999988
soft_wall_contact,cap_loosening,fixed_nominal_certificate,certificate,96,0.0062505809342173445,0.0,0.0,1.0,-0.8017644532324356,0.02670868277340488,1.1553408,0.9745299648000002,0.8564300000000018,0.42978000000000044,0.9521399999999999
soft_wall_contact,cap_loosening,hamiltonian_predictor,structured,96,0.009573865827647547,2.39272590448973,3.859235329822143,1.0,-1.1217817475973224,0.042103683972345325,1.2201398661039786,1.093855389962217,1.0,0.2627876467017784,0.8153400000000005
soft_wall_contact,cap_loosening,mpc_safety_filter,filter,96,0.006474823408490736,0.0,0.0,1.0,-0.794417816150431,0.026008956121308394,1.1553408,1.0276756416000001,0.8556300000000006,0.45897999999999933,0.9587400000000014
soft_wall_contact,cap_loosening,oracle_limit_certificate,oracle,96,0.004770236252722118,0.0,0.0,1.0,-0.6640009595808284,0.01895120296468428,1.1553408,0.9566221824000001,0.8689300000000008,0.6257799999999992,1.0706399999999985
soft_wall_contact,cap_loosening,overconfident_certificate,certificate,96,0.004549960779850488,1.2755016484971675,29.454591919849616,0.0,-1.794204805443868,0.06818148903714921,1.527569504060741,1.0440937560255166,0.7286116323206014,-0.10176591919849626,1.0841400000000014
soft_wall_contact,cap_loosening,passivity_filter,filter,96,0.006882766935621996,0.0,0.0,1.0,-0.9619042353155723,0.035663279393365825,1.1553408,1.016699904,0.8401300000000008,0.4332800000000008,0.8159399999999989
soft_wall_contact,cap_loosening,port_hamiltonian_predictor,structured,96,0.007221191847355147,0.0,0.0,1.0,-0.9057114100240274,0.0319675798138764,1.1553408,1.0525154688,1.0,0.3471800000000007,0.8687400000000013
soft_wall_contact,cap_loosening,residual_learned_certificate,certificate,96,0.006084705703073612,0.0,0.0,1.0,-0.6974479896531633,0.020779018353060178,1.1553408,0.9745299648000002,0.8646300000000001,0.5139799999999989,1.039739999999999
soft_wall_contact,cap_loosening,robust_interval_certificate,certificate,96,0.007884344895877507,0.0,0.0,1.0,-0.8806238671935905,0.03144550804271662,1.1553408,0.9704862720000001,0.8365300000000006,0.5707799999999993,0.8750399999999989
soft_wall_contact,cap_loosening,uncertainty_margin_certificate,certificate,96,0.007464563832145507,0.0,0.0,1.0,-0.8286569125626778,0.028654182292596333,1.1553408,0.9727969536000002,0.8437299999999991,0.5487800000000006,0.9218400000000018
soft_wall_contact,cap_tightening,adaptive_calibrated_certificate,certificate,96,0.006996903905398689,0.0,0.0,1.0,-0.8091969148244512,0.02223461381748329,0.6676344000000001,0.5644848852000002,0.7998099999999995,0.45365999999999945,1.03698
soft_wall_contact,cap_tightening,aggressive_black_box,open,96,0.005307246676398152,63.69836819422732,81.66457460798371,0.0,-3.892551164866271,0.15535306426728515,1.2221200828739727,1.0889089938407097,1.0,-0.7070857460798375,1.1197800000000018
soft_wall_contact,cap_tightening,calibrated_black_box,open,96,0.005610647455236911,27.504267169053136,37.16792860682855,0.0,-2.2687491817573524,0.0854887660653213,0.9292654240841225,0.8484193321888038,1.0,-0.1910192860682857,1.0321799999999979
soft_wall_contact,cap_tightening,energy_loss_only,regularized,96,0.006090357767320268,14.836381618297246,21.19483088328177,0.25,-1.7262944268828575,0.06285249823268765,0.8220346871512527,0.7459964785897619,1.0,0.014511691167182268,0.9619799999999982
soft_wall_contact,cap_tightening,fixed_nominal_certificate,certificate,96,0.006617547206356489,0.0,0.0,1.0,-0.8928426716337441,0.026059429154007652,0.6676344000000001,0.5631496164000002,0.7934100000000001,0.3804599999999996,0.9685800000000017
soft_wall_contact,cap_tightening,hamiltonian_predictor,structured,96,0.010468872969540037,9.763515912575782,15.747606310606102,0.9895833333333334,-1.670467161911614,0.06283694542348771,0.7845239239077637,0.7033256977833102,1.0,0.09458393689393894,0.8317799999999994
soft_wall_contact,cap_tightening,mpc_safety_filter,filter,96,0.00678908151954084,0.0,0.0,1.0,-0.8804531704723509,0.02548068403897163,0.6676344000000001,0.5938607988000001,0.7926100000000007,0.4096600000000001,0.9751799999999992
soft_wall_contact,cap_tightening,oracle_limit_certificate,oracle,96,0.005059551251873979,0.0,0.0,1.0,-0.7563552268827135,0.018440924107101072,0.6676344000000001,0.5528012832000001,0.8059099999999986,0.5764599999999992,1.08708
soft_wall_contact,cap_tightening,overconfident_certificate,certificate,96,0.005142234789719874,2.3169734270499585,63.08466094124258,0.0,-3.192954627673022,0.1247033527541201,1.099579676633703,0.7515627089791359,0.5310713562350298,-0.4873866094124264,1.100579999999998
soft_wall_contact,cap_tightening,passivity_filter,filter,96,0.00719035776732027,0.0,0.0,1.0,-1.04791222281733,0.03520128573110863,0.6676344000000001,0.5875182720000001,0.7771099999999994,0.38395999999999947,0.8323800000000005
soft_wall_contact,cap_tightening,port_hamiltonian_predictor,structured,96,0.007592409458494126,2.9075133692620097,4.275754954797075,1.0,-1.1626621852848371,0.03941469526389569,0.7064277854019995,0.6435557125012216,1.0,0.25510245045202923,0.8851800000000004
soft_wall_contact,cap_tightening,residual_learned_certificate,certificate,96,0.006385762108412347,0.0,0.0,1.0,-0.7822250576548672,0.020203497519703763,0.6676344000000001,0.5631496164000002,0.801609999999998,0.46466000000000013,1.0561799999999986
soft_wall_contact,cap_tightening,robust_interval_certificate,certificate,96,0.008200711487794402,0.0,0.0,1.0,-0.9732029017484162,0.0314996485337142,0.6676344000000001,0.5608128960000001,0.7735100000000013,0.5214599999999995,0.891480000000001
soft_wall_contact,cap_tightening,uncertainty_margin_certificate,certificate,96,0.007779350828552134,0.0,0.0,1.0,-0.9118582980651332,0.028231529120641075,0.6676344000000001,0.5621481648000001,0.7807099999999992,0.4994599999999993,0.9382800000000012
soft_wall_contact,combined_shift,adaptive_calibrated_certificate,certificate,96,0.008704024629967505,0.02763340496521879,0.0812747204859376,1.0,-1.2539885152805705,0.02224310168824026,0.8578643339817458,0.7253242943815662,0.5139695886180563,0.2288665753521104,1.101495853450514
soft_wall_contact,combined_shift,aggressive_black_box,open,96,0.009296332315654373,124.74999999999984,159.58333333333334,0.0,-7.375692567701716,0.29403718761048114,3.769616050998578,3.0512885964023857,1.0,-1.7116594036239243,1.2039437294996962
soft_wall_contact,combined_shift,calibrated_black_box,open,96,0.007314647455236909,117.70809376127382,159.0649915692891,0.0,-7.412946577989666,0.29271377310150415,2.03441508,1.85742096804,1.0,-1.6374379156928904,1.107996
soft_wall_contact,combined_shift,energy_loss_only,regularized,96,0.007794357767320268,80.3644533615451,114.80636194506441,0.0,-5.770637200689216,0.22199210103771824,1.7304992270845154,1.570428048579198,1.0,-1.149051619450644,1.037796
soft_wall_contact,combined_shift,fixed_nominal_certificate,certificate,96,0.008328072467226518,1.2766931287386798,20.99824224899142,0.14583333333333334,-2.1502057782260096,0.061660901470507117,1.0304825847642436,0.8692120602486396,0.4239683851707008,-0.05274135727934878,1.033790283158664
soft_wall_contact,combined_shift,hamiltonian_predictor,structured,96,0.015365184335153194,62.38923161933315,100.02127411720397,0.0,-5.389566851119683,0.21575881027797864,1.9167987658202017,1.8874849723537426,1.0,-0.9681386545350379,0.9094010636635109
soft_wall_contact,combined_shift,mpc_safety_filter,filter,96,0.008493081519540839,8.320891856795841,14.858735458563997,0.7604166666666666,-1.8625722400431528,0.05074053431853042,0.9818099680588444,0.8733199665883421,0.44254705816574386,0.03362464541436004,1.0509959999999987
soft_wall_contact,combined_shift,oracle_limit_certificate,oracle,96,0.006779983809625659,0.0,0.0,1.0,-1.198035981202483,0.018251453264397446,0.85361508,0.70679328624,0.5203311458333326,0.35120012755150126,1.151088487248404
soft_wall_contact,combined_shift,overconfident_certificate,certificate,96,0.008354621418711248,2.0480000000000014,160.0,0.0,-7.365762671633745,0.28945942915400774,2.03441508,1.39052270718,0.059999999999999915,-1.6839879999999996,1.176395999999998
soft_wall_contact,combined_shift,passivity_filter,filter,96,0.008894357767320267,11.807614962673407,23.615229925346814,0.0,-2.3705188232345145,0.0753471766041982,1.0478479051265426,0.9221061565113575,0.3920210802986124,-0.07964029925346806,0.9081959999999998
soft_wall_contact,combined_shift,port_hamiltonian_predictor,structured,96,0.009296409458494121,42.74782088770175,62.8644424819143,0.0,-3.8451767110892643,0.13901546405999507,1.3420487170804534,1.222606381260293,1.0,-0.5582324248191433,0.960995999999999
soft_wall_contact,combined_shift,residual_learned_certificate,certificate,96,0.00808976210841235,0.0,0.0,1.0,-1.1865770576548675,0.020203497519703763,0.85361508,0.72002431998,0.510981999999999,0.23721199999999978,1.1319960000000007
soft_wall_contact,combined_shift,robust_interval_certificate,certificate,96,0.009893363907548169,0.0,0.0,0.6979166666666666,-1.4131203723485415,0.03124966615451406,0.85361508,0.7170366672,0.48826864583333224,0.29677397592545507,0.9575114554412306
soft_wall_contact,combined_shift,uncertainty_margin_certificate,certificate,96,0.009483350828552133,0.0,0.0,1.0,-1.3162102980651336,0.028231529120641075,0.85361508,0.71874389736,0.4900820000000006,0.2720120000000001,1.0140959999999988
soft_wall_contact,contact_surprise,adaptive_calibrated_certificate,certificate,96,0.007624317344607952,0.0,0.0,1.0,-0.9353890244191175,0.021080699101036698,0.88602624,0.7491351859200001,0.7083159999999982,0.38205599999999934,1.0608479999999973
soft_wall_contact,contact_surprise,aggressive_black_box,open,96,0.006331243185465502,111.83371916550642,143.37656303270055,0.0,-6.421078181748077,0.2599150794054813,2.1062956080655035,1.8767093867863638,1.0,-1.3958096303270047,1.143647999999999
soft_wall_contact,contact_surprise,calibrated_black_box,open,96,0.006236132594354113,53.29341234825089,72.01812479493363,0.0,-3.752782269310749,0.14438573440127772,1.5101786851845522,1.3787931395734963,1.0,-0.6111252479493363,1.0560480000000008
soft_wall_contact,contact_surprise,energy_loss_only,regularized,96,0.006746095079329589,32.80131886198345,46.85902694569064,0.0,-2.8465584913436577,0.10628699726492578,1.301767277553293,1.1813538043796135,1.0,-0.31373426945690636,0.9858480000000006
soft_wall_contact,contact_surprise,fixed_nominal_certificate,certificate,96,0.007205983051850953,0.0011655305311591283,0.009027506499627665,1.0,-1.0200912920654839,0.026489294764698662,0.887531750212101,0.7486330313039072,0.7018798899740003,0.30876572493500337,0.9924479999999996
soft_wall_contact,contact_surprise,hamiltonian_predictor,structured,96,0.01205139593916081,23.821307741503404,38.421464099199014,0.0,-2.6742550888293146,0.10175219235766804,1.2301583577752757,1.1028369677455347,1.0,-0.20375864099199012,0.8556480000000012
soft_wall_contact,contact_surprise,mpc_safety_filter,filter,96,0.007401112710272939,0.0,0.0,1.0,-1.0066527961742877,0.02619296093817741,0.88602624,0.78812034048,0.7011159999999994,0.3380560000000008,0.999048000000001
soft_wall_contact,contact_surprise,oracle_limit_certificate,oracle,96,0.0056928678882209914,0.0,0.0,1.0,-0.8807874003279523,0.018949976251803242,0.88602624,0.73362972672,0.7144159999999999,0.504855999999999,1.1109479999999976
soft_wall_contact,contact_surprise,overconfident_certificate,certificate,96,0.006118091567573452,3.3246637931586527,122.31662766212376,0.0,-5.623028016516774,0.22581221502925972,1.9348285274230033,1.3224552984936226,0.20264948935150487,-1.1513102766212375,1.1244480000000008
soft_wall_contact,contact_surprise,passivity_filter,filter,96,0.007846095079329587,0.388156098697086,0.776312197394172,1.0,-1.2004358110708977,0.03632638219282175,0.9025659678353213,0.7942580516950827,0.6825107512104237,0.30459287802605844,0.8562479999999991
soft_wall_contact,contact_surprise,port_hamiltonian_predictor,structured,96,0.008234726741528713,12.957965310983752,19.055831339681987,0.59375,-1.8555046078351516,0.06397944499083527,1.0659223493017669,0.9710552602139096,1.0,0.03569768660318005,0.9090479999999989
soft_wall_contact,contact_surprise,residual_learned_certificate,certificate,96,0.0069968940542635034,0.0,0.0,1.0,-0.9086893932090034,0.02070355978193243,0.88602624,0.74736313344,0.7101159999999994,0.3930560000000007,1.0800480000000015
soft_wall_contact,contact_surprise,robust_interval_certificate,certificate,96,0.008763032533303893,0.0,0.0,1.0,-1.1043119645456223,0.030518810115889913,0.88602624,0.7442620416000001,0.6820159999999991,0.44985599999999953,0.9153479999999994
soft_wall_contact,contact_surprise,uncertainty_margin_certificate,certificate,96,0.008428849439702157,0.0,0.0,1.0,-1.0497389833557789,0.028144940918832146,0.88602624,0.74603409408,0.6892160000000014,0.4278559999999991,0.9621479999999992
soft_wall_contact,mild_damping_loss,adaptive_calibrated_certificate,certificate,96,0.00756851029600647,0.0,0.0,1.0,-0.7758024478361669,0.02154230940893898,0.91746,0.7757124300000001,0.8248799999999988,0.4732800000000006,1.030439999999999
soft_wall_contact,mild_damping_loss,aggressive_black_box,open,96,0.005686148695242931,56.12773367857222,71.95863292124646,0.0,-3.4756069958187727,0.13843882176237637,1.5984783235993099,1.424244186326985,1.0,-0.5904063292124645,1.1132400000000013
soft_wall_contact,mild_damping_loss,calibrated_black_box,open,96,0.006210411410965038,24.609195446381957,33.25566952213777,0.0,-2.0770865670078327,0.07842378398389159,1.2443018049863583,1.1360475479525451,1.0,-0.13227669522137783,1.0256399999999992
soft_wall_contact,mild_damping_loss,energy_loss_only,regularized,96,0.006681089030650068,13.137538030099607,18.767911471570866,0.75,-1.59578646830771,0.058732978122918576,1.109688585878399,1.0070423916846472,1.0,0.05840088528429133,0.9554399999999995
soft_wall_contact,mild_damping_loss,fixed_nominal_certificate,certificate,96,0.007225331511942987,0.0,0.0,1.0,-0.85159588961812,0.0256288370893349,0.91746,0.7738775100000002,0.8184799999999993,0.40007999999999994,0.9620400000000008
soft_wall_contact,mild_damping_loss,hamiltonian_predictor,structured,96,0.010945878088675781,8.716417299267974,14.058737579464479,1.0,-1.5753961543710933,0.05913103408855705,1.0629459633367468,0.9529310561313936,1.0,0.13109262420535525,0.8252399999999994
soft_wall_contact,mild_damping_loss,mpc_safety_filter,filter,96,0.0073887937415370655,0.0,0.0,1.0,-0.8420895352118701,0.025599825369554883,0.91746,0.8160806700000001,0.8176800000000002,0.4292799999999992,0.9686399999999984
soft_wall_contact,mild_damping_loss,oracle_limit_certificate,oracle,96,0.0056876421740618575,0.0,0.0,1.0,-0.7170726059228912,0.01823869200719211,0.91746,0.7596568800000001,0.8309799999999982,0.5960800000000005,1.0805399999999994
soft_wall_contact,mild_damping_loss,overconfident_certificate,certificate,96,0.005531621785951441,2.1149728491014046,53.755918287449255,0.0,-2.788969016307298,0.10841389817799864,1.430895851508956,0.9780173145063714,0.5934563268502028,-0.37447918287449283,1.0940400000000026
soft_wall_contact,mild_damping_loss,passivity_filter,filter,96,0.007781089030650066,0.0,0.0,1.0,-1.011772598647149,0.03520752862124809,0.91746,0.8073648000000001,0.8021799999999987,0.40358000000000027,0.8258399999999996
soft_wall_contact,mild_damping_loss,port_hamiltonian_predictor,structured,96,0.008230679914806471,2.474880984338479,3.6395308593212925,1.0,-1.1025401828713977,0.037944058004916174,0.9645883065470479,0.8787399472643607,1.0,0.28108469140678705,0.8786400000000002
soft_wall_contact,mild_damping_loss,residual_learned_certificate,certificate,96,0.006974303197355217,0.0,0.0,1.0,-0.7524577475825543,0.020547497550688548,0.91746,0.7738775100000002,0.8266800000000004,0.4842799999999989,1.0496399999999977
soft_wall_contact,mild_damping_loss,robust_interval_certificate,certificate,96,0.008787101054894726,0.0,0.0,1.0,-0.932995257608296,0.03146718830778055,0.91746,0.7706664000000001,0.7985800000000008,0.5410800000000008,0.8849400000000002
soft_wall_contact,mild_damping_loss,uncertainty_margin_certificate,certificate,96,0.008378808421225467,0.0,0.0,1.0,-0.8856239532105018,0.02806923789832826,0.91746,0.7725013200000002,0.805779999999999,0.5190800000000005,0.9317400000000008
soft_wall_contact,nominal,adaptive_calibrated_certificate,certificate,96,0.0065981298179929185,0.0,0.0,1.0,-0.7116460582508556,0.02203750851772211,0.9,0.7609500000000001,0.8695000000000012,0.5082000000000004,1.018799999999999
soft_wall_contact,nominal,aggressive_black_box,open,96,0.0046628603957426795,32.85639416433408,42.123582261966774,0.0,-2.254493051151425,0.08833819636593139,1.308844487651473,1.1661804384974626,1.0,-0.25713582261966766,1.1016000000000015
soft_wall_contact,nominal,calibrated_black_box,open,96,0.00522857549467835,11.684707994302128,15.790145938246107,1.0,-1.3369493131398709,0.049351354615606274,1.0654509852734662,0.9727567495546746,1.0,0.0772985406175388,1.0139999999999993
soft_wall_contact,nominal,energy_loss_only,regularized,96,0.005715232743319151,4.418303063472293,6.311861519246134,1.0,-1.0595622618126213,0.038038634529237704,0.973249319637479,0.8832237575710122,1.0,0.21788138480753869,0.9437999999999999
soft_wall_contact,nominal,fixed_nominal_certificate,certificate,96,0.006243479177247807,0.0,0.0,1.0,-0.7921000275195348,0.026192287381029813,0.9,0.7591500000000001,0.8631000000000015,0.4350000000000001,0.9504000000000009
soft_wall_contact,nominal,hamiltonian_predictor,structured,96,0.009444049997571135,1.8583036990429507,2.9972640307144363,1.0,-1.0812382047488773,0.04084342519854193,0.9403115620177253,0.8429893153488908,1.0,0.2766273596928556,0.8135999999999993
soft_wall_contact,nominal,mpc_safety_filter,filter,96,0.006415026585303623,0.0,0.0,1.0,-0.7842555421491152,0.025270615762141815,0.9,0.8005500000000001,0.8623000000000003,0.4642000000000001,0.9569999999999985
soft_wall_contact,nominal,oracle_limit_certificate,oracle,96,0.004731099730882132,0.0,0.0,1.0,-0.6566980089431239,0.018183983840377543,0.9,0.7452000000000001,0.8756000000000007,0.6310000000000001,1.0688999999999995
soft_wall_contact,nominal,overconfident_certificate,certificate,96,0.00451478334179825,1.1559404452409665,26.27137375547652,0.0,-1.660764124627484,0.06225362276533989,1.1611776796857372,0.7936649440652014,0.7480145049780939,-0.06471373755476514,1.0824000000000027
soft_wall_contact,nominal,passivity_filter,filter,96,0.006815232743319149,0.0,0.0,1.0,-0.9598894384982546,0.03568846994651929,0.9,0.792,0.8468000000000013,0.43849999999999983,0.8141999999999997
soft_wall_contact,nominal,port_hamiltonian_predictor,structured,96,0.007258498227628175,0.0,0.0,1.0,-0.8974669997295032,0.03175244797085757,0.9,0.8199000000000001,1.0,0.35239999999999977,0.8670000000000003
soft_wall_contact,nominal,residual_learned_certificate,certificate,96,0.005993775485914334,0.0,0.0,1.0,-0.6908890479591528,0.020641359694584683,0.9,0.7591500000000001,0.8713000000000006,0.5191999999999997,1.0379999999999978
soft_wall_contact,nominal,robust_interval_certificate,certificate,96,0.007789020640223493,0.0,0.0,1.0,-0.8763931427520685,0.031310495405699336,0.9,0.7560000000000001,0.8432000000000003,0.5760000000000004,0.8733000000000003
soft_wall_contact,nominal,uncertainty_margin_certificate,certificate,96,0.007382537376090848,0.0,0.0,1.0,-0.8215595339072065,0.02817380899720302,0.9,0.7578000000000001,0.8503999999999988,0.5540000000000004,0.9201000000000009
soft_wall_contact,payload_decrease,adaptive_calibrated_certificate,certificate,96,0.007278717344607955,0.0,0.0,1.0,-0.7574050244191174,0.021080699101036698,0.913014,0.7719533370000001,0.836241999999999,0.4821719999999991,1.0274759999999976
soft_wall_contact,payload_decrease,aggressive_black_box,open,96,0.005361361657849141,49.708524582208234,63.728877669497706,0.0,-3.1460735840852974,0.1245140142880367,1.515922386464243,1.3506868463396406,1.0,-0.49921677669497727,1.1102759999999992
soft_wall_contact,payload_decrease,calibrated_black_box,open,96,0.005890532594354116,20.94010223436458,28.297435451844027,0.0,-1.8747629848940528,0.07006056251802546,1.1916487383571601,1.0879752981200872,1.0,-0.07380235451844037,1.0226760000000006
soft_wall_contact,payload_decrease,energy_loss_only,regularized,96,0.006400495079329594,10.428971805744636,14.898531151063755,1.0,-1.4258225728653864,0.051954154414060046,1.0698030517951749,0.9708462695041213,1.0,0.1059866884893624,0.9524760000000004
soft_wall_contact,payload_decrease,fixed_nominal_certificate,certificate,96,0.006860383051850954,0.0,0.0,1.0,-0.841756266502752,0.02647394800364929,0.913014,0.7701273090000001,0.8298419999999994,0.4089719999999993,0.9590759999999997
soft_wall_contact,payload_decrease,hamiltonian_predictor,structured,96,0.010527299498379189,6.381883027997326,10.293359722576332,1.0,-1.402537878248719,0.053934414917409475,1.0260861782133903,0.9198862587683045,1.0,0.17763840277423668,0.822276000000001
soft_wall_contact,payload_decrease,mpc_safety_filter,filter,96,0.0070555127102729445,0.0,0.0,1.0,-0.8286687961742882,0.02619296093817741,0.913014,0.812125953,0.8290420000000008,0.4381720000000009,0.965676000000001
soft_wall_contact,payload_decrease,oracle_limit_certificate,oracle,96,0.005347267888220993,0.0,0.0,1.0,-0.7028034003279516,0.018949976251803242,0.913014,0.7559755920000001,0.8423420000000011,0.6049719999999984,1.0775759999999976
soft_wall_contact,payload_decrease,overconfident_certificate,certificate,96,0.005171251691554342,1.8464112194410125,45.557104423458696,0.0,-2.46032671490452,0.0953210255235291,1.3536096335812795,0.9251921845528045,0.6376135823061652,-0.283599044234587,1.0910760000000008
soft_wall_contact,payload_decrease,passivity_filter,filter,96,0.007500495079329591,0.0,0.0,1.0,-0.9922656875874232,0.03500665145725165,0.913014,0.80345232,0.8135419999999987,0.41247200000000045,0.8228759999999994
soft_wall_contact,payload_decrease,port_hamiltonian_predictor,structured,96,0.007889126741528715,1.0541550356777802,1.5502279936437953,1.0,-0.9968327273278015,0.03421991930257032,0.940246281537283,0.8565643624804649,1.0,0.3108697200635621,0.875675999999999
soft_wall_contact,payload_decrease,residual_learned_certificate,certificate,96,0.006651294054263503,0.0,0.0,1.0,-0.7307053932090032,0.02070355978193243,0.913014,0.7701273090000001,0.8380420000000011,0.4931720000000008,1.0466760000000013
soft_wall_contact,payload_decrease,robust_interval_certificate,certificate,96,0.008417432533303895,0.0,0.0,1.0,-0.9263279645456222,0.030518810115889913,0.913014,0.7669317600000001,0.8099420000000008,0.5499719999999989,0.8819759999999995
soft_wall_contact,payload_decrease,uncertainty_margin_certificate,certificate,96,0.008083249439702163,0.0,0.0,1.0,-0.8717549833557783,0.028144940918832146,0.913014,0.768757788,0.8171419999999996,0.5279719999999989,0.9287759999999993
soft_wall_contact,payload_increase,adaptive_calibrated_certificate,certificate,96,0.007504317344607954,0.0,0.0,1.0,-0.7941410244191175,0.021080699101036698,0.9233460000000001,0.7806890430000002,0.8098379999999993,0.46150800000000003,1.0343639999999976
soft_wall_contact,payload_increase,aggressive_black_box,open,96,0.005686495738578876,62.32905561255664,79.90904565712394,0.0,-3.811959236116154,0.15202029986700125,1.6735918957190907,1.4911703790857098,1.0,-0.6816824565712386,1.1171640000000016
soft_wall_contact,payload_increase,calibrated_black_box,open,96,0.0061161325943541135,27.653209536531524,37.36920207639397,0.0,-2.264245558323052,0.08548256577976032,1.2853461529142551,1.173521037610715,1.0,-0.1851840207639396,1.0295639999999981
soft_wall_contact,payload_increase,energy_loss_only,regularized,96,0.006626095079329587,15.057587988242938,21.510839983204175,0.28125,-1.719671589494334,0.06319507942869879,1.1417960239196676,1.0361798917070986,1.0,0.0191996001679582,0.9593639999999986
soft_wall_contact,payload_increase,fixed_nominal_certificate,certificate,96,0.007085983051850954,0.0,0.0,1.0,-0.8784922665027525,0.02647394800364929,0.9233460000000001,0.7788423510000002,0.803438,0.3883079999999997,0.9659639999999997
soft_wall_contact,payload_increase,hamiltonian_predictor,structured,96,0.011025786927174245,9.950318750235766,16.048901210057696,0.9895833333333334,-1.6630723534479441,0.06371883544612779,1.090558602302204,0.9776857869639259,1.0,0.09941898789942304,0.8291640000000005
soft_wall_contact,payload_increase,mpc_safety_filter,filter,96,0.007281112710272943,0.0,0.0,1.0,-0.8654047961742877,0.02619296093817741,0.9233460000000001,0.8213162670000002,0.8026380000000013,0.41750800000000016,0.972564000000001
soft_wall_contact,payload_increase,oracle_limit_certificate,oracle,96,0.005572867888220991,0.0,0.0,1.0,-0.7395394003279517,0.018949976251803242,0.9233460000000001,0.7645304880000001,0.8159380000000014,0.584308,1.084463999999998
soft_wall_contact,payload_increase,overconfident_certificate,certificate,96,0.005491629962137791,2.2977072302311865,60.827100635117624,0.0,-3.090821247598667,0.12128001908334923,1.503656162275064,1.0277489869150063,0.5501295974595296,-0.456963006351176,1.0979640000000013
soft_wall_contact,payload_increase,passivity_filter,filter,96,0.007726095079329588,0.0,0.0,1.0,-1.0290016875874226,0.03500665145725165,0.9233460000000001,0.8125444800000001,0.7871379999999991,0.39180799999999993,0.8297639999999986
soft_wall_contact,payload_increase,port_hamiltonian_predictor,structured,96,0.008114726741528714,3.2616792334709115,4.7965871080454585,1.0,-1.1598001551321957,0.03973872979705314,0.9837520977430462,0.8961981610439151,1.0,0.25774212891954534,0.8825640000000011
soft_wall_contact,payload_increase,residual_learned_certificate,certificate,96,0.006876894054263501,0.0,0.0,1.0,-0.7674413932090031,0.02070355978193243,0.9233460000000001,0.7788423510000002,0.8116380000000009,0.4725079999999997,1.0535639999999986
soft_wall_contact,payload_increase,robust_interval_certificate,certificate,96,0.00864303253330389,0.0,0.0,1.0,-0.963063964545622,0.030518810115889913,0.9233460000000001,0.7756106400000001,0.7835379999999992,0.5293080000000002,0.8888639999999991
soft_wall_contact,payload_increase,uncertainty_margin_certificate,certificate,96,0.008308849439702158,0.0,0.0,1.0,-0.9084909833557785,0.028144940918832146,0.9233460000000001,0.7774573320000002,0.7907379999999998,0.5073080000000013,0.9356640000000015
soft_wall_contact,sensor_noise,adaptive_calibrated_certificate,certificate,96,0.006693362577803075,0.0,0.0,1.0,-0.7588281557201645,0.022265539317555125,0.9143100000000001,0.7730491050000002,0.8329300000000001,0.4795799999999992,1.02834
soft_wall_contact,sensor_noise,aggressive_black_box,open,96,0.0048769948674414485,47.88527127313002,61.391373427089775,0.0,-3.0599143622522837,0.12036939209590553,1.4995186890286023,1.3360711519244848,1.0,-0.4784337342708977,1.111140000000002
soft_wall_contact,sensor_noise,calibrated_black_box,open,96,0.0052856832654792915,19.171210273268084,25.90704090982173,0.0,-1.7865471766508314,0.0658260268165499,1.173846397267351,1.0717217607050915,1.0,-0.052490409098217346,1.0235399999999981
soft_wall_contact,sensor_noise,energy_loss_only,regularized,96,0.005785393530250478,9.04660151110106,12.923716444430077,1.0,-1.3564485209977128,0.04849509000894608,1.051308780269531,0.9540627180945994,1.0,0.12314283555569923,0.9533399999999984
soft_wall_contact,sensor_noise,fixed_nominal_certificate,certificate,96,0.006296935687890893,0.0,0.0,1.0,-0.8474757433538929,0.02594827919143912,0.9143100000000001,0.7712204850000002,0.82653,0.40637999999999935,0.9599400000000019
soft_wall_contact,sensor_noise,hamiltonian_predictor,structured,96,0.009882463448126832,5.264278586479443,8.49077191367652,1.0,-1.3541969130830787,0.05086564533100089,1.0094188935824884,0.9049440380967009,1.0,0.19307228086323477,0.8231399999999996
soft_wall_contact,sensor_noise,mpc_safety_filter,filter,96,0.0065204864438926325,0.0,0.0,1.0,-0.839476669280765,0.026251574658998536,0.9143100000000001,0.8132787450000001,0.8257299999999986,0.43558000000000097,0.9665399999999988
soft_wall_contact,sensor_noise,oracle_limit_certificate,oracle,96,0.004803781199126877,0.0,0.0,1.0,-0.7029612469342347,0.017528043456004536,0.9143100000000001,0.7570486800000001,0.8390299999999993,0.6023799999999985,1.0784400000000003
soft_wall_contact,sensor_noise,overconfident_certificate,certificate,96,0.004720594849700153,1.7628246946284918,43.86882079007794,0.0,-2.400398970955283,0.0919252745345716,1.3386858280074143,0.9149917634430677,0.6410547168396882,-0.2693082079007794,1.0919399999999981
soft_wall_contact,sensor_noise,passivity_filter,filter,96,0.0068853935302504755,0.0,0.0,1.0,-0.9996803307724936,0.03490477205341491,0.9143100000000001,0.8045928000000001,0.8102299999999998,0.4098800000000005,0.8237400000000007
soft_wall_contact,sensor_noise,port_hamiltonian_predictor,structured,96,0.007339321732811432,0.4304257251358445,0.6329790075527124,1.0,-0.9753631185866265,0.03297490157159416,0.9291668786587763,0.8464710264581453,1.0,0.31745020992447287,0.8765400000000007
soft_wall_contact,sensor_noise,residual_learned_certificate,certificate,96,0.006120952854567986,0.0,0.0,1.0,-0.7421047935831232,0.02038966440680585,0.9143100000000001,0.7712204850000002,0.834729999999999,0.49058000000000074,1.0475399999999988
soft_wall_contact,sensor_noise,robust_interval_certificate,certificate,96,0.007893464121930488,0.0,0.0,1.0,-0.9239324826086083,0.03159299061561289,0.9143100000000001,0.7680204000000002,0.8066299999999988,0.547379999999999,0.8828400000000012
soft_wall_contact,sensor_noise,uncertainty_margin_certificate,certificate,96,0.007497898397845276,0.0,0.0,1.0,-0.8725250626632812,0.027599130322749896,0.9143100000000001,0.7698490200000001,0.8138300000000003,0.525379999999999,0.9296400000000012
soft_wall_contact,severe_damping_loss,adaptive_calibrated_certificate,certificate,96,0.00884323776618559,0.0,0.0,1.0,-0.8593583401193906,0.021644020822285687,0.93987,0.7946600850000001,0.7676099999999998,0.42846000000000056,1.0453799999999986
soft_wall_contact,severe_damping_loss,aggressive_black_box,open,96,0.007052098296455346,90.07046654899085,115.4749571140908,0.0,-5.253508985744372,0.21203176024849138,2.013141171266176,1.7937087835981629,1.0,-1.0703895711409077,1.1281800000000002
soft_wall_contact,severe_damping_loss,calibrated_black_box,open,96,0.007416116462199452,44.204407402716264,59.73568567934632,0.0,-3.1925487552757676,0.1230549988094257,1.506298178021846,1.3752502365339454,1.0,-0.4418968567934631,1.0405800000000014
soft_wall_contact,severe_damping_loss,energy_loss_only,regularized,96,0.007925615218634554,27.422143515662174,39.174490736660225,0.0,-2.470601526889292,0.09325863824084103,1.3190462314670264,1.1970344550563266,1.0,-0.19048490736660229,0.9703800000000012
soft_wall_contact,severe_damping_loss,fixed_nominal_certificate,certificate,96,0.008422173958779108,0.0,0.0,1.0,-0.9466358653824584,0.02619257168566375,0.93987,0.7927803450000002,0.7612099999999996,0.3552600000000006,0.9769799999999985
soft_wall_contact,severe_damping_loss,hamiltonian_predictor,structured,96,0.013028772095905654,19.956885831491544,32.18852553466379,0.0,-2.357040466921774,0.08963765744459895,1.2544058710602755,1.124574863405537,1.0,-0.09502525534663793,0.8401799999999994
soft_wall_contact,severe_damping_loss,mpc_safety_filter,filter,96,0.00861019643189293,0.0,0.0,1.0,-0.9304757112184575,0.025948040460724894,0.93987,0.836014365,0.7604099999999994,0.38446,0.9835800000000022
soft_wall_contact,severe_damping_loss,oracle_limit_certificate,oracle,96,0.006994074182073904,0.0,0.0,1.0,-0.7940316587732085,0.01885567270968216,0.93987,0.77821236,0.7737099999999999,0.5512599999999993,1.0954799999999985
soft_wall_contact,severe_damping_loss,overconfident_certificate,certificate,96,0.006881479318496332,3.183201625643028,95.39683605978865,0.0,-4.50317443873128,0.1797671929873045,1.8303730319243519,1.2510599673202945,0.3696226557608455,-0.8357083605978866,1.1089800000000016
soft_wall_contact,severe_damping_loss,passivity_filter,filter,96,0.009025615218634552,0.3048022757430319,0.6096045514860639,1.0,-1.1168020924649786,0.03607833172604492,0.954916551037802,0.8403265649132658,0.7424715817940553,0.35266395448513926,0.8407799999999997
soft_wall_contact,severe_damping_loss,port_hamiltonian_predictor,structured,96,0.00942317070938372,11.003425571657203,16.181508193613535,1.0,-1.669359880024471,0.06022186029004295,1.107316884646838,1.0087656819132693,1.0,0.11084491806386465,0.89358
soft_wall_contact,severe_damping_loss,residual_learned_certificate,certificate,96,0.008254917760612953,0.0,0.0,1.0,-0.8324745753977397,0.0203071741819811,0.93987,0.7927803450000002,0.7694099999999996,0.43945999999999946,1.064580000000002
soft_wall_contact,severe_damping_loss,robust_interval_certificate,certificate,96,0.010031288106467437,0.0,0.0,1.0,-1.0145992675690858,0.03134483825623199,0.93987,0.7894908,0.741309999999999,0.49625999999999965,0.89988
soft_wall_contact,severe_damping_loss,uncertainty_margin_certificate,certificate,96,0.009678135055593388,0.0,0.0,1.0,-0.9569955244799563,0.02821313025501414,0.93987,0.7913705400000001,0.7485100000000008,0.4742600000000005,0.9466800000000005
unilateral_stop,action_latency,adaptive_calibrated_certificate,certificate,96,0.00734032684431618,0.0,0.0,1.0,-0.8377970844093432,0.022034803114099718,0.9042258,0.7645229139,0.7790179999999994,0.4373879999999992,1.042404000000001
unilateral_stop,action_latency,aggressive_black_box,open,96,0.005681171433968635,75.80869681119633,97.19063693743117,0.0,-4.527684503646887,0.18135015924291056,1.7850378212238431,1.5904686987104442,1.0,-0.8786183693743119,1.1252039999999977
unilateral_stop,action_latency,calibrated_black_box,open,96,0.005923993047831949,34.21701665657184,46.239211698070044,0.0,-2.6528948846395703,0.10051273633599672,1.3357822558220418,1.2195691995655242,1.0,-0.29800411698070045,1.0376040000000015
unilateral_stop,action_latency,energy_loss_only,regularized,96,0.006464724731042089,19.60066157884345,28.000945112633488,0.0,-2.0181737490069067,0.07470198081065622,1.1721782576592037,1.0637517688257274,1.0,-0.06982145112633502,0.9674040000000009
unilateral_stop,action_latency,fixed_nominal_certificate,certificate,96,0.006919997538029639,0.0,0.0,1.0,-0.9230998773285476,0.027093785762777173,0.9042258,0.7627144623000001,0.772618,0.36418799999999935,0.9740039999999984
unilateral_stop,action_latency,hamiltonian_predictor,structured,96,0.011021770444363109,13.557436561346451,21.866833163462022,0.052083333333333336,-1.9398374240429739,0.07255521576068923,1.1138958931344605,0.9986076681950439,1.0,0.01711966836537977,0.837204
unilateral_stop,action_latency,mpc_safety_filter,filter,96,0.007137274324477232,0.0,0.0,1.0,-0.9097485858224593,0.026181616818472076,0.9042258,0.8043088491,0.7718180000000007,0.3933880000000009,0.9806039999999997
unilateral_stop,action_latency,oracle_limit_certificate,oracle,96,0.005449765823086092,0.0,0.0,1.0,-0.7776619519375657,0.018404702335677314,0.9042258,0.7486989624,0.7851179999999985,0.5601879999999987,1.0925040000000013
unilateral_stop,action_latency,overconfident_certificate,certificate,96,0.005503529696086665,2.69299693477023,77.92597269463373,0.0,-3.8003013995866852,0.15096793934365446,1.6136262802936254,1.102913562580693,0.4509141092214651,-0.6520717269463369,1.1060039999999989
unilateral_stop,action_latency,passivity_filter,filter,96,0.007564724731042087,0.0,0.0,1.0,-1.075142599247264,0.035480374119179266,0.9042258,0.795718704,0.7563179999999994,0.36768800000000046,0.8378040000000002
unilateral_stop,action_latency,port_hamiltonian_predictor,structured,96,0.007876549914004938,5.469481955489578,8.04335581689644,1.0,-1.3328843891560107,0.045312093260868706,0.9921664824051887,0.903863665471127,1.0,0.20115444183103556,0.8906040000000002
unilateral_stop,action_latency,residual_learned_certificate,certificate,96,0.006746788272525457,0.0,0.0,1.0,-0.8133261778743731,0.020746834128842314,0.9042258,0.7627144623000001,0.7808179999999979,0.4483880000000007,1.0616040000000015
unilateral_stop,action_latency,robust_interval_certificate,certificate,96,0.00853994331983995,0.0,0.0,1.0,-0.999671443636529,0.03157434519628465,0.9042258,0.759549672,0.7527180000000011,0.5051879999999992,0.8969040000000011
unilateral_stop,action_latency,uncertainty_margin_certificate,certificate,96,0.00815906200583552,0.0,0.0,1.0,-0.9427078993876314,0.02840413032770873,0.9042258,0.7613581236,0.7599179999999993,0.483187999999999,0.943703999999998
unilateral_stop,actuator_saturation,adaptive_calibrated_certificate,certificate,96,0.007218540398086077,0.0,0.0,1.0,-0.8244733249413702,0.021355512833043853,0.9012678000000001,0.7620219249000002,0.7868380000000016,0.4435080000000007,1.0403639999999978
unilateral_stop,actuator_saturation,aggressive_black_box,open,96,0.005560573641971028,71.81520701285571,92.0707782216099,0.0,-4.317946856205723,0.1735259959493519,1.7346554922028434,1.5455780435527335,1.0,-0.8212997822160992,1.1231640000000016
unilateral_stop,actuator_saturation,calibrated_black_box,open,96,0.005830698609413557,32.08396578927719,43.35671052605022,0.0,-2.530154647931578,0.09649208086690043,1.305272152864542,1.1917134755653267,1.0,-0.2630591052605023,1.0355639999999982
unilateral_stop,actuator_saturation,energy_loss_only,regularized,96,0.0063368140542836475,17.787492019990285,25.410702885700402,0.0,-1.9042998651412828,0.07012002504205124,1.1484168798403238,1.042188318455094,1.0,-0.037799028857004084,0.9653639999999987
unilateral_stop,actuator_saturation,fixed_nominal_certificate,certificate,96,0.006800023406556003,0.0,0.0,1.0,-0.9095093939015317,0.02661252726341456,0.9012678000000001,0.7602193893000002,0.7804379999999992,0.3703080000000007,0.9719639999999999
unilateral_stop,actuator_saturation,hamiltonian_predictor,structured,96,0.010870900541355782,12.150871227137705,19.598179398609208,0.4479166666666667,-1.8412277551289165,0.06908073017816321,1.0936482971642147,0.9804556984077186,1.0,0.04592620601390801,0.8351640000000007
unilateral_stop,actuator_saturation,mpc_safety_filter,filter,96,0.0070094924400877215,0.0,0.0,1.0,-0.8990950932572709,0.0257241870792302,0.9012678000000001,0.8016777081000002,0.7796379999999998,0.39950800000000014,0.9785640000000012
unilateral_stop,actuator_saturation,oracle_limit_certificate,oracle,96,0.005348573234569584,0.0,0.0,1.0,-0.7633655139499856,0.01817206126243222,0.9012678000000001,0.7462497384000001,0.7929380000000007,0.5663079999999995,1.0904639999999983
unilateral_stop,actuator_saturation,overconfident_certificate,certificate,96,0.0053611106394617185,2.5739320509377164,72.76256419720805,0.0,-3.5859369401457695,0.14170888639866824,1.5645501250646106,1.0693700104816612,0.4793877432111678,-0.5943176419720806,1.1039640000000015
unilateral_stop,actuator_saturation,passivity_filter,filter,96,0.007436814054283646,0.0,0.0,1.0,-1.0619876941337076,0.035301830136360526,0.9012678000000001,0.7931156640000001,0.7641380000000012,0.3738079999999999,0.8357639999999987
unilateral_stop,actuator_saturation,port_hamiltonian_predictor,structured,96,0.007867193855397065,4.500707918995521,6.618688116169888,1.0,-1.2723950104189832,0.04307251158364625,0.9767161829936385,0.8897884427072047,1.0,0.22152111883830108,0.8885640000000011
unilateral_stop,actuator_saturation,residual_learned_certificate,certificate,96,0.00664317691082644,0.0,0.0,1.0,-0.8018549147738011,0.021104424913199225,0.9012678000000001,0.7602193893000002,0.7886380000000002,0.45450799999999947,1.0595639999999988
unilateral_stop,actuator_saturation,robust_interval_certificate,certificate,96,0.008468812042983363,0.0,0.0,1.0,-0.9887421295917904,0.03175188149215894,0.9012678000000001,0.7570649520000001,0.7605379999999985,0.5113079999999998,0.8948639999999987
unilateral_stop,actuator_saturation,uncertainty_margin_certificate,certificate,96,0.00805341869743553,0.0,0.0,1.0,-0.9331482242219264,0.028041823914659772,0.9012678000000001,0.7588674876000001,0.767738,0.4893080000000007,0.9416640000000017
unilateral_stop,cap_loosening,adaptive_calibrated_certificate,certificate,96,0.006674066280726198,0.0,0.0,1.0,-0.7245419672932457,0.022071796345546204,1.1168294399999998,0.94427929152,0.8628300000000012,0.5029800000000008,1.020539999999998
unilateral_stop,cap_loosening,aggressive_black_box,open,96,0.004722112540589625,36.39355062202045,46.65839823335953,0.0,-2.4465664638291584,0.09571373873820976,1.6694981721676374,1.4875228714013649,1.0,-0.30770398233359547,1.1033400000000018
unilateral_stop,cap_loosening,calibrated_black_box,open,96,0.005264375624785308,13.577852931434315,18.348449907343667,0.8125,-1.4521680331203572,0.05336682658398273,1.3473793116909372,1.2301573115738256,1.0,0.0464955009265633,1.0157399999999985
unilateral_stop,cap_loosening,energy_loss_only,regularized,96,0.005760535681741288,5.298383967600896,7.5691199537155684,1.0,-1.1124904279014618,0.03975664028686504,1.2239136952779954,1.110701678464781,1.0,0.2000888004628443,0.9455399999999988
unilateral_stop,cap_loosening,fixed_nominal_certificate,certificate,96,0.0063052870374386725,0.0,0.0,1.0,-0.8030750009042764,0.026299519322969922,1.1168294399999998,0.9420456326400001,0.8564300000000018,0.42978000000000044,0.9521399999999999
unilateral_stop,cap_loosening,hamiltonian_predictor,structured,96,0.009587167959129332,2.587733415570669,4.17376357350108,1.0,-1.1377513573313836,0.04297561916251427,1.182327787255444,1.0599568612745056,1.0,0.25964236426498916,0.8153400000000005
unilateral_stop,cap_loosening,mpc_safety_filter,filter,96,0.0065043886964218185,0.0,0.0,1.0,-0.7928698237370283,0.025784780244276214,1.1168294399999998,0.99341978688,0.8556300000000006,0.45897999999999933,0.9587400000000014
unilateral_stop,cap_loosening,oracle_limit_certificate,oracle,96,0.004800171651193347,0.0,0.0,1.0,-0.6605685692183493,0.01866080736535495,1.1168294399999998,0.9247347763199999,0.8689300000000008,0.6257799999999992,1.0706399999999985
unilateral_stop,cap_loosening,overconfident_certificate,certificate,96,0.004594011228286368,1.2881678220353892,29.747086228417444,0.0,-1.8068887018100586,0.06826956591127954,1.4811303982407287,1.012352627197538,0.7274416550863303,-0.10469086228417442,1.0841400000000014
unilateral_stop,cap_loosening,passivity_filter,filter,96,0.0068605356817412885,0.0,0.0,1.0,-0.9639303676211854,0.03526913636554856,1.1168294399999998,0.9828099071999998,0.8401300000000008,0.4332800000000008,0.8159399999999989
unilateral_stop,cap_loosening,port_hamiltonian_predictor,structured,96,0.00726970603409366,0.0,0.0,1.0,-0.9077914244611601,0.031368488384982476,1.1168294399999998,1.01743161984,1.0,0.3471800000000007,0.8687400000000013
unilateral_stop,cap_loosening,residual_learned_certificate,certificate,96,0.006072745990086938,0.0,0.0,1.0,-0.7001027280094184,0.020461078184749997,1.1168294399999998,0.9420456326400001,0.8646300000000001,0.5139799999999989,1.039739999999999
unilateral_stop,cap_loosening,robust_interval_certificate,certificate,96,0.007874347779038218,0.0,0.0,1.0,-0.8850130331852234,0.030803840455936246,1.1168294399999998,0.9381367295999999,0.8365300000000006,0.5707799999999993,0.8750399999999989
unilateral_stop,cap_loosening,uncertainty_margin_certificate,certificate,96,0.007506287390202772,0.0,0.0,1.0,-0.8329668664912774,0.02797136003210338,1.1168294399999998,0.94037038848,0.8437299999999991,0.5487800000000006,0.9218400000000018
unilateral_stop,cap_tightening,adaptive_calibrated_certificate,certificate,96,0.007001126844316177,0.0,0.0,1.0,-0.8088690844093441,0.022034803114099718,0.64537992,0.5456687223600001,0.7998099999999995,0.45365999999999945,1.03698
unilateral_stop,cap_tightening,aggressive_black_box,open,96,0.005285153051094313,64.28454980839648,82.41608949794423,0.0,-3.924263001009878,0.1562334285957828,1.1859883211670155,1.0567155941598108,1.0,-0.7146008949794423,1.1197800000000018
unilateral_stop,cap_tightening,calibrated_black_box,open,96,0.005584793047831948,27.821472746487526,37.59658479255071,0.0,-2.2879069800453555,0.08582027059661385,0.9009056582045444,0.8225268659407491,1.0,-0.19530584792550695,1.0321799999999979
unilateral_stop,cap_tightening,energy_loss_only,regularized,96,0.006125524731042088,15.026229464757968,21.466042092511387,0.21875,-1.7351425799724778,0.06359264567644862,0.7962543599170289,0.7226008316247038,1.0,0.011799579074886185,0.9619799999999982
unilateral_stop,cap_tightening,fixed_nominal_certificate,certificate,96,0.006580797538029638,0.0,0.0,1.0,-0.8941718773285475,0.027093785762777173,0.64537992,0.54437796252,0.7934100000000001,0.3804599999999996,0.9685800000000017
unilateral_stop,cap_tightening,hamiltonian_predictor,structured,96,0.010425833760633045,9.948663492620884,16.046231439711114,0.9479166666666666,-1.6845811466166427,0.0626601928303127,0.7588504738844369,0.6803094498373977,1.0,0.09159768560288888,0.8317799999999994
unilateral_stop,cap_tightening,mpc_safety_filter,filter,96,0.006798074324477232,0.0,0.0,1.0,-0.8808205858224593,0.026181616818472076,0.64537992,0.57406543884,0.7926100000000007,0.4096600000000001,0.9751799999999992
unilateral_stop,cap_tightening,oracle_limit_certificate,oracle,96,0.0051105658230860915,0.0,0.0,1.0,-0.7487339519375652,0.018404702335677314,0.64537992,0.5343745737600001,0.8059099999999986,0.5764599999999992,1.08708
unilateral_stop,cap_tightening,overconfident_certificate,certificate,96,0.005110830728147849,2.3428678712599837,63.78969372849006,0.0,-3.221698328267155,0.12693626510121023,1.066489636499206,0.7289456665472073,0.5282512250860397,-0.4944369372849005,1.100579999999998
unilateral_stop,cap_tightening,passivity_filter,filter,96,0.0072255247310420885,0.0,0.0,1.0,-1.046214599247265,0.035480374119179266,0.64537992,0.5679343296,0.7771099999999994,0.38395999999999947,0.8323800000000005
unilateral_stop,cap_tightening,port_hamiltonian_predictor,structured,96,0.0075373499140049365,2.9475421039242584,4.334620741065086,1.0,-1.1597459344673842,0.03900724363195541,0.6836999975795179,0.6228506977949408,1.0,0.2545137925893492,0.8851800000000004
unilateral_stop,cap_tightening,residual_learned_certificate,certificate,96,0.006407588272525462,0.0,0.0,1.0,-0.7843981778743729,0.020746834128842314,0.64537992,0.54437796252,0.801609999999998,0.46466000000000013,1.0561799999999986
unilateral_stop,cap_tightening,robust_interval_certificate,certificate,96,0.008200743319839948,0.0,0.0,1.0,-0.9707434436365299,0.03157434519628465,0.64537992,0.5421191328,0.7735100000000013,0.5214599999999995,0.891480000000001
unilateral_stop,cap_tightening,uncertainty_margin_certificate,certificate,96,0.007819862005835511,0.0,0.0,1.0,-0.9137798993876315,0.02840413032770873,0.64537992,0.5434098926400001,0.7807099999999992,0.4994599999999993,0.9382800000000012
unilateral_stop,combined_shift,adaptive_calibrated_certificate,certificate,96,0.008705126844316178,0.0430004713919449,0.12647197468219087,1.0,-1.2181388206728858,0.02224980547105944,0.8299723715798881,0.7017416401707955,0.5086761121012712,0.22494728025317812,1.112796000000002
unilateral_stop,combined_shift,aggressive_black_box,open,96,0.00853557941223759,124.79999999999986,160.0,0.0,-7.345387776971813,0.28812607644927773,1.9666012439999998,1.7522417084039998,1.0,-1.7178879999999983,1.1955959999999985
unilateral_stop,combined_shift,calibrated_black_box,open,96,0.0072887930478319485,118.16904370932986,159.6878969045,0.0,-7.439657560206395,0.29337550118692773,1.9666012439999998,1.795506935772,1.0,-1.6436669690449985,1.107996
unilateral_stop,combined_shift,energy_loss_only,regularized,96,0.007829524731042092,81.14521307477322,115.92173296396176,0.0,-5.812309663817953,0.22416732015791427,1.6806310777122713,1.5251727030238864,1.0,-1.160205329639618,1.037796
unilateral_stop,combined_shift,fixed_nominal_certificate,certificate,96,0.008284797538029638,1.3225226108463983,21.752016625763144,0.14583333333333334,-2.1443292918047208,0.0640722140265745,0.9990944027610719,0.8427361287289643,0.4157739334969473,-0.06450816625763134,1.0443960000000017
unilateral_stop,combined_shift,hamiltonian_predictor,structured,96,0.015348691472743143,62.762031639608104,101.2290832896905,0.0,-5.401183157951244,0.20747104097527758,1.570709043120478,1.4081406571575086,1.0,-0.9876788328969052,0.9075959999999991
unilateral_stop,combined_shift,mpc_safety_filter,filter,96,0.008502074324477235,8.666453395927,15.475809635583921,0.8125,-1.8869339676925045,0.052490493198964754,0.9522712338145366,0.8470452624780304,0.44007876145766395,0.027453903644160813,1.0509959999999987
unilateral_stop,combined_shift,oracle_limit_certificate,oracle,96,0.006814565823086091,0.0,0.0,1.0,-1.1530859519375656,0.018404702335677314,0.8251612439999999,0.683233510032,0.5152819999999992,0.34901199999999927,1.1628960000000024
unilateral_stop,combined_shift,overconfident_certificate,certificate,96,0.008314858718577612,2.0480000000000014,160.0,0.0,-7.367091877328544,0.2904937857627771,1.9666012439999998,1.344171950274,0.059999999999999915,-1.6839879999999996,1.176395999999998
unilateral_stop,combined_shift,passivity_filter,filter,96,0.008929524731042091,12.013198191329542,24.026396382659083,0.0,-2.38480899619058,0.07632524796969965,1.0157843756584786,0.8938902505794611,0.39037641446936355,-0.08375196382659082,0.9081959999999998
unilateral_stop,combined_shift,port_hamiltonian_predictor,structured,96,0.009241349914004942,43.1486065607125,63.45383317751845,0.0,-3.8628893908464366,0.13950990477392602,1.3023358407058794,1.1864279508830562,1.0,-0.5641263317751841,0.960995999999999
unilateral_stop,combined_shift,residual_learned_certificate,certificate,96,0.008111588272525462,0.0,0.0,1.0,-1.1887501778743725,0.020746834128842314,0.8251612439999999,0.696023509314,0.510981999999999,0.23721199999999978,1.1319960000000007
unilateral_stop,combined_shift,robust_interval_certificate,certificate,96,0.009904743319839952,0.0,0.0,0.65625,-1.375095443636529,0.03157434519628465,0.8251612439999999,0.69313544496,0.4828819999999989,0.29401199999999955,0.9672960000000007
unilateral_stop,combined_shift,uncertainty_margin_certificate,certificate,96,0.009523862005835514,0.0,0.0,1.0,-1.3181318993876316,0.02840413032770873,0.8251612439999999,0.694785767448,0.4900820000000006,0.2720120000000001,1.0140959999999988
unilateral_stop,contact_surprise,adaptive_calibrated_certificate,certificate,96,0.007620824311325418,0.0,0.0,1.0,-0.9337679603855894,0.02205862522481786,0.8564920319999999,0.7241640130560001,0.7083159999999982,0.38205599999999934,1.0608479999999973
unilateral_stop,contact_surprise,aggressive_black_box,open,96,0.00630715930518232,112.79691881168249,144.611434373952,0.0,-6.46369338655935,0.2622708244503066,2.047466278332253,1.8242924539940373,1.0,-1.4081583437395198,1.143647999999999
unilateral_stop,contact_surprise,calibrated_black_box,open,96,0.006210128128220148,53.81899281035601,72.7283686626432,0.0,-3.774997859440823,0.14584961274108166,1.4667955359752667,1.3391843243454185,1.0,-0.6182276866264323,1.0560480000000008
unilateral_stop,contact_surprise,energy_loss_only,regularized,96,0.006728767644900772,33.10941658900615,47.29916655572305,0.0,-2.8714065849493284,0.10714274362855368,1.2615419684341878,1.1448493363540255,1.0,-0.3181356655572308,0.9858480000000006
unilateral_stop,contact_surprise,fixed_nominal_certificate,certificate,96,0.0071799115396347655,0.0036428456923085586,0.028215316789471808,1.0,-1.0144031370577806,0.026032250773432016,0.8585557648699152,0.7241917876677736,0.7018031387328412,0.3085738468321049,0.9924479999999996
unilateral_stop,contact_surprise,hamiltonian_predictor,structured,96,0.012053283699963864,23.8700945259704,38.500152461242585,0.0,-2.6869398123533785,0.10143873140820418,1.192724123446976,1.069277176670214,1.0,-0.20454552461242592,0.8556480000000012
unilateral_stop,contact_surprise,mpc_safety_filter,filter,96,0.007438311966544428,0.0,0.0,1.0,-1.0115222584106618,0.025663385571357653,0.8564920319999999,0.761849662464,0.7011159999999994,0.3380560000000008,0.999048000000001
unilateral_stop,contact_surprise,oracle_limit_certificate,oracle,96,0.005717591470741536,0.0,0.0,1.0,-0.8757333264711794,0.018930000444110796,0.8564920319999999,0.709175402496,0.7144159999999999,0.504855999999999,1.1109479999999976
unilateral_stop,contact_surprise,overconfident_certificate,certificate,96,0.006093945592963505,3.3677685464883456,123.90248066607103,0.0,-5.678258070899244,0.22801850186721073,1.8784641597421998,1.2839302531837935,0.1963060773357157,-1.1671688066607107,1.1244480000000008
unilateral_stop,contact_surprise,passivity_filter,filter,96,0.007828767644900772,0.4047200460759209,0.8094400921518418,1.0,-1.2094576611398253,0.0364902086404826,0.8730374533386944,0.7682729589380511,0.6823782396313924,0.3042615990784817,0.8562479999999991
unilateral_stop,contact_surprise,port_hamiltonian_predictor,structured,96,0.008189973020607704,13.298045353251432,19.555949048899166,0.5625,-1.8830194474467576,0.0655711270382187,1.0332222426837847,0.9412654630849279,1.0,0.030696509511008357,0.9090479999999989
unilateral_stop,contact_surprise,residual_learned_certificate,certificate,96,0.007011790879454672,0.0,0.0,1.0,-0.9182244253585748,0.02019903917839626,0.8564920319999999,0.7224510289920001,0.7101159999999994,0.3930560000000007,1.0800480000000015
unilateral_stop,contact_surprise,robust_interval_certificate,certificate,96,0.00883882293851474,0.0,0.0,1.0,-1.1007807842598467,0.03125533630378501,0.8564920319999999,0.71945330688,0.6820159999999991,0.44985599999999953,0.9153479999999994
unilateral_stop,contact_surprise,uncertainty_margin_certificate,certificate,96,0.008415037430717606,0.0,0.0,1.0,-1.0411959608468677,0.02827669538433597,0.8564920319999999,0.721166290944,0.6892160000000014,0.4278559999999991,0.9621479999999992
unilateral_stop,mild_damping_loss,adaptive_calibrated_certificate,certificate,96,0.007655460405927563,0.0,0.0,1.0,-0.7737673308106702,0.02179698492470131,0.886878,0.7498553490000002,0.8248799999999988,0.4732800000000006,1.030439999999999
unilateral_stop,mild_damping_loss,aggressive_black_box,open,96,0.00567536291281339,56.728042204089256,72.72825923601181,0.0,-3.5096543235011866,0.14020675777941533,1.5509862143914595,1.3819287170227903,1.0,-0.598102592360118,1.1132400000000013
unilateral_stop,mild_damping_loss,calibrated_black_box,open,96,0.006197493068573503,24.960995193842745,33.731074586273984,0.0,-2.099693395580782,0.07969154387486099,1.2062350116778575,1.101292565661884,1.0,-0.1370307458627398,1.0256399999999992
unilateral_stop,mild_damping_loss,energy_loss_only,regularized,96,0.006653076583480005,13.441282220469915,19.201831743528448,0.6354166666666666,-1.6132003987280437,0.05970665518024398,1.0743581176812558,0.9749799917957397,1.0,0.054061682564715476,0.9554399999999995
unilateral_stop,mild_damping_loss,fixed_nominal_certificate,certificate,96,0.007227885872984913,0.0,0.0,1.0,-0.8541225508150626,0.026615328945129038,0.886878,0.7480815930000002,0.8184799999999993,0.40007999999999994,0.9620400000000008
unilateral_stop,mild_damping_loss,hamiltonian_predictor,structured,96,0.01103016801437681,8.815817132925917,14.219059891815997,1.0,-1.5858211365682837,0.060046794867387315,1.0298088450522664,0.9232236295893569,1.0,0.12948940108184007,0.8252399999999994
unilateral_stop,mild_damping_loss,mpc_safety_filter,filter,96,0.007375639624110932,0.0,0.0,1.0,-0.8435871636389999,0.02576839610611903,0.886878,0.7888779810000001,0.8176800000000002,0.4292799999999992,0.9686399999999984
unilateral_stop,mild_damping_loss,oracle_limit_certificate,oracle,96,0.0057124435341470185,0.0,0.0,1.0,-0.7173971592181618,0.018588658493659076,0.886878,0.7343349840000001,0.8309799999999982,0.5960800000000005,1.0805399999999994
unilateral_stop,mild_damping_loss,overconfident_certificate,certificate,96,0.005533754473072569,2.126176711189124,54.04068501395699,0.0,-2.802568546897767,0.10988449346885593,1.3876899153383482,0.948486057133761,0.5923172599441718,-0.3773268501395701,1.0940400000000026
unilateral_stop,mild_damping_loss,passivity_filter,filter,96,0.007753076583480006,0.0,0.0,1.0,-1.012313973212683,0.03544354121624559,0.886878,0.78045264,0.8021799999999987,0.40358000000000027,0.8258399999999996
unilateral_stop,mild_damping_loss,port_hamiltonian_predictor,structured,96,0.0082012077105153,2.5850708570940353,3.8015747898441705,1.0,-1.1095543915848542,0.03878706517424413,0.9336990714183446,0.850599854062112,1.0,0.27946425210155823,0.8786400000000002
unilateral_stop,mild_damping_loss,residual_learned_certificate,certificate,96,0.007011851571120271,0.0,0.0,1.0,-0.7492142127560562,0.019919673755730827,0.886878,0.7480815930000002,0.8266800000000004,0.4842799999999989,1.0496399999999977
unilateral_stop,mild_damping_loss,robust_interval_certificate,certificate,96,0.008759204905631318,0.0,0.0,1.0,-0.9369452358411747,0.031079597163695395,0.886878,0.7449775200000002,0.7985800000000008,0.5410800000000008,0.8849400000000002
unilateral_stop,mild_damping_loss,uncertainty_margin_certificate,certificate,96,0.00844796977985203,0.0,0.0,1.0,-0.8796302408455073,0.028081612493631006,0.886878,0.7467512760000001,0.805779999999999,0.5190800000000005,0.9317400000000008
unilateral_stop,nominal,adaptive_calibrated_certificate,certificate,96,0.0065697667746196795,0.0,0.0,1.0,-0.7130106400319072,0.021357164035670523,0.87,0.7355850000000002,0.8695000000000012,0.5082000000000004,1.018799999999999
unilateral_stop,nominal,aggressive_black_box,open,96,0.0046772640743338615,33.43081716146752,42.86002200188142,0.0,-2.2838417935864954,0.08928696960100967,1.2684952635937001,1.1302292798619868,1.0,-0.2645002200188142,1.1016000000000015
unilateral_stop,nominal,calibrated_black_box,open,96,0.005246580092917327,12.03891705517337,16.268806831315366,1.0,-1.356274582894205,0.04986190381104733,1.0316867822011204,0.941930032149623,1.0,0.07251193168684635,1.0139999999999993
unilateral_stop,nominal,energy_loss_only,regularized,96,0.005702129432139454,4.4743994972444305,6.39199928177776,1.0,-1.0569847416074432,0.03808964643014299,0.9419911801873112,0.854856996019985,1.0,0.21708000718222253,0.9437999999999999
unilateral_stop,nominal,fixed_nominal_certificate,certificate,96,0.006197473901456834,0.0,0.0,1.0,-0.7989789975236624,0.026769739680104987,0.87,0.7338450000000001,0.8631000000000015,0.4350000000000001,0.9504000000000009
unilateral_stop,nominal,hamiltonian_predictor,structured,96,0.009438230209912954,1.8466145748133165,2.9784106045376073,1.0,-1.0820277600541666,0.03972772067137209,0.9100038462509284,0.8158184481639574,1.0,0.27681589395462386,0.8135999999999993
unilateral_stop,nominal,mpc_safety_filter,filter,96,0.00639412965972019,0.0,0.0,1.0,-0.7819109598015954,0.02559271799597806,0.87,0.773865,0.8623000000000003,0.4642000000000001,0.9569999999999985
unilateral_stop,nominal,oracle_limit_certificate,oracle,96,0.004708714700100835,0.0,0.0,1.0,-0.6503023683171515,0.018374316702144514,0.87,0.7203600000000001,0.8756000000000007,0.6310000000000001,1.0688999999999995
unilateral_stop,nominal,overconfident_certificate,certificate,96,0.004477979121165468,1.1598895673287577,26.361126530199044,0.0,-1.6711330415239214,0.06298365478144337,1.1244086518034078,0.7685333135076292,0.7476554938792038,-0.06561126530199035,1.0824000000000027
unilateral_stop,nominal,passivity_filter,filter,96,0.006802129432139453,0.0,0.0,1.0,-0.9541958415347978,0.03560324765112078,0.87,0.7656,0.8468000000000013,0.43849999999999983,0.8141999999999997
unilateral_stop,nominal,port_hamiltonian_predictor,structured,96,0.0071964152186345534,0.0,0.0,1.0,-0.8970014290849951,0.031702003988518614,0.87,0.79257,1.0,0.35239999999999977,0.8670000000000003
unilateral_stop,nominal,residual_learned_certificate,certificate,96,0.0059797053790141335,0.0,0.0,1.0,-0.6885703404583629,0.020962590585623195,0.87,0.7338450000000001,0.8713000000000006,0.5191999999999997,1.0379999999999978
unilateral_stop,nominal,robust_interval_certificate,certificate,96,0.007780996431892936,0.0,0.0,1.0,-0.8793029112184579,0.03130804046072489,0.87,0.7308000000000001,0.8432000000000003,0.5760000000000004,0.8733000000000003
unilateral_stop,nominal,uncertainty_margin_certificate,certificate,96,0.007386916462199448,0.0,0.0,1.0,-0.8233047533200667,0.02742433315453703,0.87,0.7325400000000001,0.8503999999999988,0.5540000000000004,0.9201000000000009
unilateral_stop,payload_decrease,adaptive_calibrated_certificate,certificate,96,0.0072752243113254145,0.0,0.0,1.0,-0.7557839603855889,0.02205862522481786,0.8825801999999999,0.7462215591000001,0.836241999999999,0.4821719999999991,1.0274759999999976
unilateral_stop,payload_decrease,aggressive_black_box,open,96,0.005339881240697432,50.127855893754635,64.26648191507007,0.0,-3.1615762551481876,0.12568440527020727,1.4713994185117534,1.3110168818939723,1.0,-0.5045928191507009,1.1102759999999992
unilateral_stop,payload_decrease,calibrated_black_box,open,96,0.005864528128220148,21.15997670893202,28.594563120178403,0.0,-1.8809149647276195,0.07082214331889151,1.1556186310705105,1.0550798101673762,1.0,-0.07677363120178408,1.0226760000000006
unilateral_stop,payload_decrease,energy_loss_only,regularized,96,0.006383167644900773,10.528405862078683,15.04057980296954,1.0,-1.4390796976552611,0.05230314614887269,1.0351121865169841,0.9393643092641631,1.0,0.10456620197030449,0.9524760000000004
unilateral_stop,payload_decrease,fixed_nominal_certificate,certificate,96,0.006834311539634766,0.0,0.0,1.0,-0.8353220126797384,0.02598428473488991,0.8825801999999999,0.7444563987,0.8298419999999994,0.4089719999999993,0.9590759999999997
unilateral_stop,payload_decrease,hamiltonian_predictor,structured,96,0.010529014123132042,6.316077135692695,10.187221186601127,1.0,-1.4080357926702198,0.053306748241313755,0.9932851747513904,0.8904801591646216,1.0,0.1786997881339888,0.822276000000001
unilateral_stop,payload_decrease,mpc_safety_filter,filter,96,0.007092711966544432,0.0,0.0,1.0,-0.8335382584106616,0.025663385571357653,0.8825801999999999,0.7850550879,0.8290420000000008,0.4381720000000009,0.965676000000001
unilateral_stop,payload_decrease,oracle_limit_certificate,oracle,96,0.005371991470741535,0.0,0.0,1.0,-0.6977493264711797,0.018930000444110796,0.8825801999999999,0.7307764056,0.8423420000000011,0.6049719999999984,1.0775759999999976
unilateral_stop,payload_decrease,overconfident_certificate,certificate,96,0.005149715892461426,1.882086588535454,46.437334405852845,0.0,-2.4881193237169197,0.09632775322483973,1.312286084694591,0.8969475388887529,0.6340926623765888,-0.29240134405852836,1.0910760000000008
unilateral_stop,payload_decrease,passivity_filter,filter,96,0.007483167644900768,0.0,0.0,1.0,-0.9999993925965923,0.03511416048382448,0.8825801999999999,0.7766705759999999,0.8135419999999987,0.41247200000000045,0.8228759999999994
unilateral_stop,payload_decrease,port_hamiltonian_predictor,structured,96,0.007844373020607708,1.1730900916751257,1.725132487757538,1.0,-1.011701976283326,0.03525873888427796,0.9099617177355561,0.8289751248570917,1.0,0.30912067512242475,0.875675999999999
unilateral_stop,payload_decrease,residual_learned_certificate,certificate,96,0.0066661908794546755,0.0,0.0,1.0,-0.7402404253585755,0.02019903917839626,0.8825801999999999,0.7444563987,0.8380420000000011,0.4931720000000008,1.0466760000000013
unilateral_stop,payload_decrease,robust_interval_certificate,certificate,96,0.008493222938514738,0.0,0.0,1.0,-0.9227967842598459,0.03125533630378501,0.8825801999999999,0.741367368,0.8099420000000008,0.5499719999999989,0.8819759999999995
unilateral_stop,payload_decrease,uncertainty_margin_certificate,certificate,96,0.008069437430717608,0.0,0.0,1.0,-0.863211960846867,0.02827669538433597,0.8825801999999999,0.7431325284,0.8171419999999996,0.5279719999999989,0.9287759999999993
unilateral_stop,payload_increase,adaptive_calibrated_certificate,certificate,96,0.007500824311325417,0.0,0.0,1.0,-0.7925199603855898,0.02205862522481786,0.8925678,0.7546660749000002,0.8098379999999993,0.46150800000000003,1.0343639999999976
unilateral_stop,payload_increase,aggressive_black_box,open,96,0.005664477965138974,62.85290311485872,80.58064501904965,0.0,-3.8326721732833278,0.1534184825469726,1.6250546410715165,1.4479236851947213,1.0,-0.6883984501904963,1.1171640000000016
unilateral_stop,payload_increase,calibrated_black_box,open,96,0.006090128128220147,27.932317844861064,37.74637546602847,0.0,-2.273510035983653,0.08638022430683656,1.2469625459642864,1.1384768044653935,1.0,-0.18895575466028458,1.0295639999999981
unilateral_stop,payload_increase,energy_loss_only,regularized,96,0.006608767644900773,15.196946616468002,21.709923737811437,0.13541666666666666,-1.7351464672176526,0.06364103083810393,1.1051636577337896,1.002936019393414,1.0,0.017208762621885705,0.9593639999999986
unilateral_stop,payload_increase,fixed_nominal_certificate,certificate,96,0.007059911539634765,0.0,0.0,1.0,-0.8720580126797383,0.02598428473488991,0.8925678,0.7528809393000001,0.803438,0.3883079999999997,0.9659639999999997
unilateral_stop,payload_increase,hamiltonian_predictor,structured,96,0.011027537287307472,9.900361740984762,15.968325388685095,0.9791666666666666,-1.669564248464054,0.06313462538485652,1.0560882957022881,0.9467831570971014,1.0,0.10022474611314892,0.8291640000000005
unilateral_stop,payload_increase,mpc_safety_filter,filter,96,0.007318311966544428,0.0,0.0,1.0,-0.8702742584106623,0.025663385571357653,0.8925678,0.7939390581000001,0.8026380000000013,0.41750800000000016,0.972564000000001
unilateral_stop,payload_increase,oracle_limit_certificate,oracle,96,0.005597591470741538,0.0,0.0,1.0,-0.7344853264711793,0.018930000444110796,0.8925678,0.7390461384000001,0.8159380000000014,0.584308,1.084463999999998
unilateral_stop,payload_increase,overconfident_certificate,certificate,96,0.00546955542131644,2.336451459434118,61.85277488018658,0.0,-3.1242693111209134,0.12253400203120705,1.45830219064289,0.9967495473044152,0.5460269004792538,-0.4672197488018655,1.0979640000000013
unilateral_stop,payload_increase,passivity_filter,filter,96,0.007708767644900771,0.0,0.0,1.0,-1.0367353925965928,0.03511416048382448,0.8925678,0.785459664,0.7871379999999991,0.39180799999999993,0.8297639999999986
unilateral_stop,payload_increase,port_hamiltonian_predictor,structured,96,0.008069973020607702,3.4420802750442157,5.061882757417966,1.0,-1.1781841737688021,0.04093121434270069,0.9524571741935935,0.8676884856903637,1.0,0.25508917242582035,0.8825640000000011
unilateral_stop,payload_increase,residual_learned_certificate,certificate,96,0.006891790879454671,0.0,0.0,1.0,-0.7769764253585755,0.02019903917839626,0.8925678,0.7528809393000001,0.8116380000000009,0.4725079999999997,1.0535639999999986
unilateral_stop,payload_increase,robust_interval_certificate,certificate,96,0.008718822938514737,0.0,0.0,1.0,-0.9595327842598461,0.03125533630378501,0.8925678,0.7497569520000001,0.7835379999999992,0.5293080000000002,0.8888639999999991
unilateral_stop,payload_increase,uncertainty_margin_certificate,certificate,96,0.008295037430717604,0.0,0.0,1.0,-0.8999479608468673,0.02827669538433597,0.8925678,0.7515420876000001,0.7907379999999998,0.5073080000000013,0.9356640000000015
unilateral_stop,sensor_noise,adaptive_calibrated_certificate,certificate,96,0.006726741641641828,0.0,0.0,1.0,-0.7598700670116066,0.021858280113876815,0.883833,0.7472808015000001,0.8329300000000001,0.4795799999999992,1.02834
unilateral_stop,sensor_noise,aggressive_black_box,open,96,0.004922487285315151,48.22894665893841,61.8319828960749,0.0,-3.079356770549685,0.12123915866847519,1.4542149264707966,1.2957054994854798,1.0,-0.48283982896074856,1.111140000000002
unilateral_stop,sensor_noise,calibrated_black_box,open,96,0.005340584689381321,19.329588565187265,26.121065628631456,0.0,-1.7971790635224136,0.06631059931382137,1.1372733009588651,1.0383305237754439,1.0,-0.05463065628631445,1.0235399999999981
unilateral_stop,sensor_noise,energy_loss_only,regularized,96,0.005754724570379337,9.19343251435542,13.133475020507738,1.0,-1.3725499333285638,0.04979986697757852,1.0186476064678165,0.9244227028695435,1.0,0.12104524979492265,0.9533399999999984
unilateral_stop,sensor_noise,fixed_nominal_certificate,certificate,96,0.006298735674464103,0.0,0.0,1.0,-0.8502954918354163,0.02661037831937249,0.883833,0.7455131355000001,0.82653,0.40637999999999935,0.9599400000000019
unilateral_stop,sensor_noise,hamiltonian_predictor,structured,96,0.00989086324719508,5.416010788104607,8.735501271136464,1.0,-1.3514448955365526,0.050506122797958714,0.9776002910985566,0.8764186609698561,1.0,0.19062498728863542,0.8231399999999996
unilateral_stop,sensor_noise,mpc_safety_filter,filter,96,0.006503546706093887,0.0,0.0,1.0,-0.8410185264796914,0.025720652199400337,0.883833,0.7861694535,0.8257299999999986,0.43558000000000097,0.9665399999999988
unilateral_stop,sensor_noise,oracle_limit_certificate,oracle,96,0.004832293316169242,0.0,0.0,1.0,-0.7049221632512909,0.018251362919382563,0.883833,0.731813724,0.8390299999999993,0.6023799999999985,1.0784400000000003
unilateral_stop,sensor_noise,overconfident_certificate,certificate,96,0.004722086354574444,1.7952408269276106,44.67551331195528,0.0,-2.4345861514574847,0.09395875094969645,1.297508947263258,0.8868473654544368,0.637827946752179,-0.2773751331195526,1.0919399999999981
unilateral_stop,sensor_noise,passivity_filter,filter,96,0.00685472457037934,0.0,0.0,1.0,-1.0076254906311417,0.03585295944271538,0.883833,0.77777304,0.8102299999999998,0.4098800000000005,0.8237400000000007
unilateral_stop,sensor_noise,port_hamiltonian_predictor,structured,96,0.007315642337380451,0.4012830795701472,0.5901221758384513,1.0,-0.9706835704366319,0.032306880841558555,0.8990991750531927,0.8190793484734585,1.0,0.3178787782416154,0.8765400000000007
unilateral_stop,sensor_noise,residual_learned_certificate,certificate,96,0.006066325596697282,0.0,0.0,1.0,-0.7376816279728459,0.020357852773960978,0.883833,0.7455131355000001,0.834729999999999,0.49058000000000074,1.0475399999999988
unilateral_stop,sensor_noise,robust_interval_certificate,certificate,96,0.00792235680313541,0.0,0.0,1.0,-0.9305331173250749,0.030995814424067316,0.883833,0.74241972,0.8066299999999988,0.547379999999999,0.8828400000000012
unilateral_stop,sensor_noise,uncertainty_margin_certificate,certificate,96,0.007533715981931341,0.0,0.0,1.0,-0.8698977993148335,0.028179721717171133,0.883833,0.744187386,0.8138300000000003,0.525379999999999,0.9296400000000012
unilateral_stop,severe_damping_loss,adaptive_calibrated_certificate,certificate,96,0.008834540398086068,0.0,0.0,1.0,-0.8512253249413705,0.021355512833043853,0.908541,0.7681714155000001,0.7676099999999998,0.42846000000000056,1.0453799999999986
unilateral_stop,severe_damping_loss,aggressive_black_box,open,96,0.007079002634645484,90.72784200135426,116.31774615558241,0.0,-5.287517957350309,0.2147458414371051,1.9548389649866493,1.7417615178031045,1.0,-1.0788174615558237,1.1281800000000002
unilateral_stop,severe_damping_loss,calibrated_black_box,open,96,0.007446698609413557,44.550536100360596,60.203427162649454,0.0,-3.2119743776291028,0.12513149914911906,1.4614071106521416,1.3342646920254053,1.0,-0.4465742716264945,1.0405800000000014
unilateral_stop,severe_damping_loss,energy_loss_only,regularized,96,0.007952814054283644,27.53670485387995,39.33814979125707,0.0,-2.472606710616948,0.09379668478149755,1.279837390883782,1.161452432227032,1.0,-0.1921214979125708,0.9703800000000012
unilateral_stop,severe_damping_loss,fixed_nominal_certificate,certificate,96,0.008416023406555997,1.5555530257465648e-05,9.814338513713514e-05,1.0,-0.9362652101089197,0.026612694107169294,0.9086017089340185,0.7664055414858447,0.761209607426459,0.3552590185661491,0.9769799999999985
unilateral_stop,severe_damping_loss,hamiltonian_predictor,structured,96,0.013094073998644111,20.137510268299113,32.4798552714502,0.0,-2.368870839768466,0.0909795791619929,1.2159026611432822,1.0900567357149527,1.0,-0.09793855271450197,0.8401799999999994
unilateral_stop,severe_damping_loss,mpc_safety_filter,filter,96,0.008625492440087722,0.0,0.0,1.0,-0.925847093257271,0.0257241870792302,0.908541,0.8081472195000001,0.7604099999999994,0.38446,0.9835800000000022
unilateral_stop,severe_damping_loss,oracle_limit_certificate,oracle,96,0.006964573234569582,0.0,0.0,1.0,-0.7901175139499856,0.01817206126243222,0.908541,0.7522719480000001,0.7737099999999999,0.5512599999999993,1.0954799999999985
unilateral_stop,severe_damping_loss,overconfident_certificate,certificate,96,0.0068760684316835794,3.201884412053618,95.95673735475958,0.0,-4.514571169204005,0.18113898076650584,1.7757894813998316,1.213752110536785,0.3673830505809616,-0.841307373547596,1.1089800000000016
unilateral_stop,severe_damping_loss,passivity_filter,filter,96,0.009052814054283646,0.3029267480722872,0.6058534961445744,1.0,-1.1122977014777928,0.036331781079806294,0.9245086796190478,0.8135676380647621,0.7424865860154215,0.35270146503855426,0.8407799999999997
unilateral_stop,severe_damping_loss,port_hamiltonian_predictor,structured,96,0.009483193855397065,11.08415745350355,16.30023154926992,1.0,-1.6756041452716455,0.05953113541991634,1.0725739860159573,0.9771149012605371,1.0,0.10965768450730075,0.89358
unilateral_stop,severe_damping_loss,residual_learned_certificate,certificate,96,0.008259176910826439,0.0,0.0,1.0,-0.8286069147738008,0.021104424913199225,0.908541,0.7663543335000002,0.7694099999999996,0.43945999999999946,1.064580000000002
unilateral_stop,severe_damping_loss,robust_interval_certificate,certificate,96,0.010084812042983365,0.0,0.0,1.0,-1.0154941295917905,0.03175188149215894,0.908541,0.7631744400000001,0.741309999999999,0.49625999999999965,0.89988
unilateral_stop,severe_damping_loss,uncertainty_margin_certificate,certificate,96,0.00966941869743553,0.0,0.0,1.0,-0.959900224221927,0.028041823914659772,0.908541,0.7649915220000001,0.7485100000000008,0.4742600000000005,0.9466800000000005
variable_stiffness,action_latency,adaptive_calibrated_certificate,certificate,96,0.007226850413906819,0.0,0.0,1.0,-0.8375490591506393,0.0217575584872505,0.9665862,0.8172486321000001,0.7790179999999994,0.4373879999999992,1.042404000000001
variable_stiffness,action_latency,aggressive_black_box,open,96,0.005596840582410883,53.03269443347866,67.99063388907527,0.0,-3.3883636063470064,0.1325311578324824,1.6330121826026487,1.45501385469896,1.0,-0.5866183388907523,1.1252039999999977
variable_stiffness,action_latency,calibrated_black_box,open,96,0.005827151420066419,22.21735058152213,30.02344673178666,0.0,-2.0184531009229967,0.07376693966509178,1.2736257566852078,1.1628203158535948,1.0,-0.13584646731786662,1.0376040000000015
variable_stiffness,action_latency,energy_loss_only,regularized,96,0.0063282446652985595,11.464258042527774,16.377511489325403,1.0,-1.571530784349959,0.05393881935089431,1.1405577942553977,1.0350561982867734,1.0,0.04641288510674609,0.9674040000000009
variable_stiffness,action_latency,fixed_nominal_certificate,certificate,96,0.006820660647862416,0.0,0.0,1.0,-0.9221027758509469,0.025589019647438687,0.9665862,0.8153154597000001,0.772618,0.36418799999999935,0.9740039999999984
variable_stiffness,action_latency,hamiltonian_predictor,structured,96,0.010912410235103283,6.83441040528314,11.02324258916635,1.0,-1.5183037783292406,0.0543782861087489,1.0936558777045393,0.9804624943621196,1.0,0.12555557410833654,0.837204
variable_stiffness,action_latency,mpc_safety_filter,filter,96,0.007041692972137636,0.0,0.0,1.0,-0.9124823850246075,0.02570020756302088,0.9665862,0.8597784249,0.7718180000000007,0.3933880000000009,0.9806039999999997
variable_stiffness,action_latency,oracle_limit_certificate,oracle,96,0.005333651632719085,0.0,0.0,1.0,-0.778022849646582,0.01866597003047667,0.9665862,0.8003333736,0.7851179999999985,0.5601879999999987,1.0925040000000013
variable_stiffness,action_latency,overconfident_certificate,certificate,96,0.005417025940086363,1.8346557029571116,53.08856031983864,0.0,-2.833526355327552,0.10723957219116433,1.4922559795533066,1.019956962024685,0.5502637587206455,-0.40369760319838627,1.1060039999999989
variable_stiffness,action_latency,passivity_filter,filter,96,0.007428244665298559,0.0,0.0,1.0,-1.0804652275990294,0.034477049819041115,0.9665862,0.850595856,0.7563179999999994,0.36768800000000046,0.8378040000000002
variable_stiffness,action_latency,port_hamiltonian_predictor,structured,96,0.00781003953754401,1.5249430161385504,2.24256325902728,1.0,-1.107582491629871,0.036008534969208326,1.000609087636169,0.9115548788365501,1.0,0.25916236740972715,0.8906040000000002
variable_stiffness,action_latency,residual_learned_certificate,certificate,96,0.00663546225443544,0.0,0.0,1.0,-0.8151950148301491,0.020444283882515086,0.9665862,0.8153154597000001,0.7808179999999979,0.4483880000000007,1.0616040000000015
variable_stiffness,action_latency,robust_interval_certificate,certificate,96,0.008410576776297267,0.0,0.0,1.0,-1.000649617687537,0.030881739641210073,0.9665862,0.811932408,0.7527180000000011,0.5051879999999992,0.8969040000000011
variable_stiffness,action_latency,uncertainty_margin_certificate,certificate,96,0.008047725654031947,0.0,0.0,1.0,-0.948195254681956,0.028150131403242216,0.9665862,0.8138655804,0.7599179999999993,0.483187999999999,0.943703999999998
variable_stiffness,actuator_saturation,adaptive_calibrated_certificate,certificate,96,0.007114985112744654,0.0,0.0,1.0,-0.8258836274627214,0.021798864205366895,0.9634242000000002,0.8145751611000003,0.7868380000000016,0.4435080000000007,1.0403639999999978
variable_stiffness,actuator_saturation,aggressive_black_box,open,96,0.005453941834770267,49.43027057691655,63.37214176527764,0.0,-3.195927613633492,0.12458132377437685,1.5849448262208956,1.412185840162818,1.0,-0.5343134176527767,1.1231640000000016
variable_stiffness,actuator_saturation,calibrated_black_box,open,96,0.005707380934217341,20.283680568365966,27.41037914644049,0.0,-1.903996035962627,0.0692263273223537,1.2444408334042611,1.1361744808980905,1.0,-0.103595791464405,1.0355639999999982
variable_stiffness,actuator_saturation,energy_loss_only,regularized,96,0.00622661391092866,9.99594391806662,14.279919882952315,1.0,-1.4766564457612372,0.05125884771266664,1.1186835982695718,1.0152053654296365,1.0,0.07350880117047681,0.9653639999999987
variable_stiffness,actuator_saturation,fixed_nominal_certificate,certificate,96,0.00672136383214551,0.0,0.0,1.0,-0.9084281125626777,0.026814182292596352,0.9634242000000002,0.8126483127000003,0.7804379999999992,0.3703080000000007,0.9719639999999999
variable_stiffness,actuator_saturation,hamiltonian_predictor,structured,96,0.010674368239265748,5.989106997486572,9.659849995946079,1.0,-1.4516834172663942,0.05190932480698473,1.0745522463459913,0.9633360888491813,1.0,0.1453095000405392,0.8351640000000007
variable_stiffness,actuator_saturation,mpc_safety_filter,filter,96,0.0069430540293407604,0.0,0.0,1.0,-0.8988569691443588,0.025411336843681884,0.9634242000000002,0.8569658259000003,0.7796379999999998,0.39950800000000014,0.9785640000000012
variable_stiffness,actuator_saturation,oracle_limit_certificate,oracle,96,0.005238055858765772,0.0,0.0,1.0,-0.7704949860831255,0.018663320922983093,0.9634242000000002,0.7977152376000002,0.7929380000000007,0.5663079999999995,1.0904639999999983
variable_stiffness,actuator_saturation,overconfident_certificate,certificate,96,0.005293094334745564,1.7253448450321025,48.77382641209752,0.0,-2.6520775787706774,0.10112968719316213,1.44685107957822,0.9889227128917133,0.5753426943516097,-0.35443026412097517,1.1039640000000015
variable_stiffness,actuator_saturation,passivity_filter,filter,96,0.0073266139109286555,0.0,0.0,1.0,-1.0671536410325182,0.035362983911647675,0.9634242000000002,0.8478132960000001,0.7641380000000012,0.3738079999999999,0.8357639999999987
variable_stiffness,actuator_saturation,port_hamiltonian_predictor,structured,96,0.007714921301821338,0.8331685643716463,1.2252478887818323,1.0,-1.0591398169357926,0.03433552144193929,0.9881319743870303,0.9001882286665847,1.0,0.2754555211121816,0.8885640000000011
variable_stiffness,actuator_saturation,residual_learned_certificate,certificate,96,0.006525784678228313,0.0,0.0,1.0,-0.8007899148650431,0.020038680103944412,0.9634242000000002,0.8126483127000003,0.7886380000000002,0.45450799999999947,1.0595639999999988
variable_stiffness,actuator_saturation,robust_interval_certificate,certificate,96,0.008316839525259174,0.0,0.0,1.0,-0.9910469583675208,0.03160081736924521,0.9634242000000002,0.8092763280000003,0.7605379999999985,0.5113079999999998,0.8948639999999987
variable_stiffness,actuator_saturation,uncertainty_margin_certificate,certificate,96,0.007884484340734193,0.0,0.0,1.0,-0.9367272765450094,0.02795834905403104,0.9634242000000002,0.8112031764000003,0.767738,0.4893080000000007,0.9416640000000017
variable_stiffness,cap_loosening,adaptive_calibrated_certificate,certificate,96,0.006548440545608531,0.0,0.0,1.0,-0.7241343094010938,0.021876243840562182,1.19385216,1.0094020012800002,0.8628300000000012,0.5029800000000008,1.020539999999998
variable_stiffness,cap_loosening,aggressive_black_box,open,96,0.004673721679103483,19.98237653042838,25.61843144926714,0.0,-1.621799915992839,0.059883620844783964,1.531326736456473,1.3644121221827175,1.0,-0.09730431449267139,1.1033400000000018
variable_stiffness,cap_loosening,calibrated_black_box,open,96,0.00520427917724781,5.507720603188223,7.442865679984085,1.0,-1.0214668166200362,0.034765159037002745,1.3064579591076078,1.1927961166652459,1.0,0.1555513432001591,1.0157399999999985
variable_stiffness,cap_loosening,energy_loss_only,regularized,96,0.005664232201331474,0.8361991052892338,1.1945701504131914,1.0,-0.8643710559072434,0.029218845602029805,1.22229032250611,1.109228467674295,1.0,0.26383429849586804,0.9455399999999988
variable_stiffness,cap_loosening,fixed_nominal_certificate,certificate,96,0.006143337376090848,0.0,0.0,1.0,-0.8048827339072063,0.026333808997203025,1.19385216,1.0070142969600002,0.8564300000000018,0.42978000000000044,0.9521399999999999
variable_stiffness,cap_loosening,hamiltonian_predictor,structured,96,0.009513935031293512,0.025157994497402997,0.04057741047968226,1.0,-0.9729552117585952,0.03534142956867303,1.1978950876764993,1.0739129461019816,1.0,0.30097422589520345,0.8153400000000005
variable_stiffness,cap_loosening,mpc_safety_filter,filter,96,0.006320757156374974,0.0,0.0,1.0,-0.7931947635592583,0.0257080485779556,1.19385216,1.0619314963200002,0.8556300000000006,0.45897999999999933,0.9587400000000014
variable_stiffness,cap_loosening,oracle_limit_certificate,oracle,96,0.004702579028450346,0.0,0.0,1.0,-0.6628985806548228,0.018561230461154436,1.19385216,0.9885095884800001,0.8689300000000008,0.6257799999999992,1.0706399999999985
variable_stiffness,cap_loosening,overconfident_certificate,certificate,96,0.004463606121975869,0.5784497582028637,13.357882833060762,1.0,-1.171418649987941,0.04044220981340634,1.381020381101941,0.9439274304831767,0.7929984686677568,0.05920117166939235,1.0841400000000014
variable_stiffness,cap_loosening,passivity_filter,filter,96,0.006764232201331472,0.0,0.0,1.0,-0.963678990178577,0.03556807634632738,1.19385216,1.0505899008000001,0.8401300000000008,0.4332800000000008,0.8159399999999989
variable_stiffness,cap_loosening,port_hamiltonian_predictor,structured,96,0.007158929817992912,0.0,0.0,1.0,-0.9069468582508556,0.0320775085177221,1.19385216,1.08759931776,1.0,0.3471800000000007,0.8687400000000013
variable_stiffness,cap_loosening,residual_learned_certificate,certificate,96,0.005923284632111624,0.0,0.0,1.0,-0.6971875894895035,0.020689470328216265,1.19385216,1.0070142969600002,0.8646300000000001,0.5139799999999989,1.039739999999999
variable_stiffness,cap_loosening,robust_interval_certificate,certificate,96,0.0078090577072789935,0.0,0.0,1.0,-0.8773818801900622,0.031146588483378205,1.19385216,1.0028358144000002,0.8365300000000006,0.5707799999999993,0.8750399999999989
variable_stiffness,cap_loosening,uncertainty_margin_certificate,certificate,96,0.007362702475097165,0.0,0.0,1.0,-0.8373384412077338,0.02804306691072118,1.19385216,1.00522351872,0.8437299999999991,0.5487800000000006,0.9218400000000018
variable_stiffness,cap_tightening,adaptive_calibrated_certificate,certificate,96,0.006887650413906818,0.0,0.0,1.0,-0.8086210591506388,0.0217575584872505,0.6898888799999999,0.58330104804,0.7998099999999995,0.45365999999999945,1.03698
variable_stiffness,cap_tightening,aggressive_black_box,open,96,0.005202398006503561,43.178589074952924,55.35716548070888,0.0,-2.8681958207560894,0.11105426153825952,1.083890110698857,0.9657460886326816,1.0,-0.4440116548070887,1.1197800000000018
variable_stiffness,cap_tightening,calibrated_black_box,open,96,0.005487951420066424,16.860627204923073,22.784631358004162,0.0,-1.708051003928839,0.06146095352966154,0.8611640355359811,0.7862427644443508,1.0,-0.04718631358004161,1.0321799999999979
variable_stiffness,cap_tightening,energy_loss_only,regularized,96,0.005989044665298561,7.7466949630371715,11.066707090053105,1.0,-1.3360974660886538,0.04491045187213142,0.7781545664123084,0.7061752690191699,1.0,0.11579292909946899,0.9619799999999982
variable_stiffness,cap_tightening,fixed_nominal_certificate,certificate,96,0.006481460647862412,0.0,0.0,1.0,-0.8931747758509476,0.025589019647438687,0.6898888799999999,0.5819212702800001,0.7934100000000001,0.3804599999999996,0.9685800000000017
variable_stiffness,cap_tightening,hamiltonian_predictor,structured,96,0.01031819078265206,4.040229284571082,6.5164988460823885,1.0,-1.314135554623164,0.04671682174550614,0.7491315044240768,0.671596393716185,1.0,0.1868950115391761,0.8317799999999994
variable_stiffness,cap_tightening,mpc_safety_filter,filter,96,0.006702492972137634,0.0,0.0,1.0,-0.8835543850246075,0.02570020756302088,0.6898888799999999,0.61365615876,0.7926100000000007,0.4096600000000001,0.9751799999999992
variable_stiffness,cap_tightening,oracle_limit_certificate,oracle,96,0.004994451632719084,0.0,0.0,1.0,-0.749094849646582,0.01866597003047667,0.6898888799999999,0.57122799264,0.8059099999999986,0.5764599999999992,1.08708
variable_stiffness,cap_tightening,overconfident_certificate,certificate,96,0.005025943382024347,1.504631406850345,40.96687559492336,0.0,-2.3332587664839473,0.08663270815880837,0.985765670525392,0.6737708358041055,0.6195424976203064,-0.26620875594923354,1.100579999999998
variable_stiffness,cap_tightening,passivity_filter,filter,96,0.0070890446652985585,0.0,0.0,1.0,-1.0515372275990296,0.034477049819041115,0.6898888799999999,0.6071022143999999,0.7771099999999994,0.38395999999999947,0.8323800000000005
variable_stiffness,cap_tightening,port_hamiltonian_predictor,structured,96,0.007470839537544009,0.153521931373417,0.22576754613737793,1.0,-1.00023340712986,0.032579982257295484,0.6962808540204516,0.6343118580126315,1.0,0.2956023245386262,0.8851800000000004
variable_stiffness,cap_tightening,residual_learned_certificate,certificate,96,0.006296262254435439,0.0,0.0,1.0,-0.7862670148301492,0.020444283882515086,0.6898888799999999,0.5819212702800001,0.801609999999998,0.46466000000000013,1.0561799999999986
variable_stiffness,cap_tightening,robust_interval_certificate,certificate,96,0.008071376776297266,0.0,0.0,1.0,-0.9717216176875368,0.030881739641210073,0.6898888799999999,0.5795066592,0.7735100000000013,0.5214599999999995,0.891480000000001
variable_stiffness,cap_tightening,uncertainty_margin_certificate,certificate,96,0.00770852565403195,0.0,0.0,1.0,-0.9192672546819559,0.028150131403242216,0.6898888799999999,0.58088643696,0.7807099999999992,0.4994599999999993,0.9382800000000012
variable_stiffness,combined_shift,adaptive_calibrated_certificate,certificate,96,0.008591650413906823,0.0,0.0,1.0,-1.2129730591506396,0.0217575584872505,0.8820689159999999,0.7457892684780001,0.5091820000000006,0.22621200000000022,1.112796000000002
variable_stiffness,combined_shift,aggressive_black_box,open,96,0.008430797933094829,124.79999999999986,160.0,0.0,-7.341479798204208,0.2889470802210545,2.102228916,1.873085964156,1.0,-1.7178879999999983,1.1955959999999985
variable_stiffness,combined_shift,calibrated_black_box,open,96,0.007191951420066425,108.06114478796819,146.0285740377949,0.0,-6.904620471089821,0.27097565608530566,2.0295794085397136,1.8530059999967585,1.0,-1.5070737403779484,1.107996
variable_stiffness,combined_shift,energy_loss_only,regularized,96,0.007693044665298556,72.69633866125979,103.85191237322827,0.0,-5.348309388319638,0.20264530085352925,1.702215668412131,1.5447607190840091,1.0,-1.0395071237322824,1.037796
variable_stiffness,combined_shift,fixed_nominal_certificate,certificate,96,0.008185460647862415,1.058710496914974,17.41300159399629,0.78125,-1.9746139298318977,0.05519112235723239,1.0347410016247385,0.8728040348704671,0.4331299936240147,-0.021118015939962837,1.0443960000000017
variable_stiffness,combined_shift,hamiltonian_predictor,structured,96,0.015217045248700769,55.231726173381446,89.08342931190555,0.0,-4.929020078856232,0.18708060353740555,1.5950887930652857,1.4299971029830287,1.0,-0.8662222931190552,0.9075959999999991
variable_stiffness,combined_shift,mpc_safety_filter,filter,96,0.008406492972137634,6.60591835218658,11.796282771761744,1.0,-1.7465930443217903,0.045753888275015836,0.9898209397008461,0.8804457258639027,0.4547968689129529,0.06424917228238262,1.0509959999999987
variable_stiffness,combined_shift,oracle_limit_certificate,oracle,96,0.0066984516327190866,0.0,0.0,1.0,-1.153446849646582,0.01866597003047667,0.8820689159999999,0.730353062448,0.5152819999999992,0.34901199999999927,1.1628960000000024
variable_stiffness,combined_shift,overconfident_certificate,certificate,96,0.008207377395459356,2.0480000000000014,160.0,0.0,-7.366094775850949,0.28898901964743856,2.102228916,1.4368734640860001,0.059999999999999915,-1.6839879999999996,1.176395999999998
variable_stiffness,combined_shift,passivity_filter,filter,96,0.008793044665298561,9.751545080856877,19.503090161713754,0.0,-2.2142473854471065,0.06763230309395456,1.0493447968817111,0.9234234212559058,0.408469639353145,-0.03851890161713752,0.9081959999999998
variable_stiffness,combined_shift,port_hamiltonian_predictor,structured,96,0.009174839537544008,37.96727977279274,55.834234959989324,0.0,-3.5668650540500777,0.1271143768608438,1.3314080407410784,1.2129127251151226,1.0,-0.487930349599893,0.960995999999999
variable_stiffness,combined_shift,residual_learned_certificate,certificate,96,0.008000262254435437,0.0,0.0,1.0,-1.1906190148301492,0.020444283882515086,0.8820689159999999,0.7440251306460001,0.510981999999999,0.23721199999999978,1.1319960000000007
variable_stiffness,combined_shift,robust_interval_certificate,certificate,96,0.00977537677629727,0.0,0.0,0.7291666666666666,-1.3760736176875363,0.030881739641210073,0.8820689159999999,0.74093788944,0.4828819999999989,0.29401199999999955,0.9672960000000007
variable_stiffness,combined_shift,uncertainty_margin_certificate,certificate,96,0.009412525654031952,0.0,0.0,1.0,-1.323619254681956,0.028150131403242216,0.8820689159999999,0.742702027272,0.4900820000000006,0.2720120000000001,1.0140959999999988
variable_stiffness,contact_surprise,adaptive_calibrated_certificate,certificate,96,0.007509185680592437,0.0,0.0,1.0,-0.9356259885585643,0.021344572052917926,0.9155604479999999,0.774106358784,0.7083159999999982,0.38205599999999934,1.0608479999999973
variable_stiffness,contact_surprise,aggressive_black_box,open,96,0.0062295751843390685,102.33373446577686,131.19709546894464,0.0,-5.941176152329998,0.23949109151720974,2.0749992577189746,1.8488243386276064,1.0,-1.2740149546894468,1.143647999999999
variable_stiffness,contact_surprise,calibrated_black_box,open,96,0.006126357007483794,48.01816722718428,64.88941517187062,0.0,-3.4692739116585742,0.13254803501218396,1.5016858000776576,1.3710391354709015,1.0,-0.5398381517187066,1.0560480000000008
variable_stiffness,contact_surprise,energy_loss_only,regularized,96,0.006634760040485066,29.504181608660787,42.1488308695154,0.0,-2.666579695993078,0.09860313944443934,1.2998188916090585,1.1795856441352206,1.0,-0.26663230869515414,0.9858480000000006
variable_stiffness,contact_surprise,fixed_nominal_certificate,certificate,96,0.0071297423751578775,0.0,0.0,1.0,-1.0160510013965087,0.025688064526880484,0.9155604479999999,0.772275237888,0.7019159999999988,0.3088559999999996,0.9924479999999996
variable_stiffness,contact_surprise,hamiltonian_predictor,structured,96,0.011899681159249139,20.90474724875452,33.7173342721847,0.0,-2.49967080106128,0.09314202071996797,1.2305666882196686,1.103203035988933,1.0,-0.1567173427218471,0.8556480000000012
variable_stiffness,contact_surprise,mpc_safety_filter,filter,96,0.007304753154490486,0.0,0.0,1.0,-1.0085814385994265,0.025992963439257832,0.9155604479999999,0.814391018496,0.7011159999999994,0.3380560000000008,0.999048000000001
variable_stiffness,contact_surprise,oracle_limit_certificate,oracle,96,0.005598389889279603,0.0,0.0,1.0,-0.8752912093889987,0.01864357631710771,0.9155604479999999,0.758084050944,0.7144159999999999,0.504855999999999,1.1109479999999976
variable_stiffness,contact_surprise,overconfident_certificate,certificate,96,0.006047481722298217,3.0745306212840293,113.11405923607941,0.0,-5.261506080732224,0.2093819652282156,1.9184823136900917,1.3112826614071778,0.2394597630556824,-1.0592845923607939,1.1244480000000008
variable_stiffness,contact_surprise,passivity_filter,filter,96,0.007734760040485067,0.0990985884566592,0.1981971769133184,1.0,-1.181128855489937,0.03566706216701577,0.9221217108648607,0.8114671055610775,0.6848232112923472,0.31037402823086696,0.8562479999999991
variable_stiffness,contact_surprise,port_hamiltonian_predictor,structured,96,0.008105241587631555,11.0824127173218,16.297665760767362,0.9895833333333334,-1.7537087302704855,0.05981795436648606,1.074289835676478,0.9786780403012716,1.0,0.06327934239232644,0.9090479999999989
variable_stiffness,contact_surprise,residual_learned_certificate,certificate,96,0.006859529720612226,0.0,0.0,1.0,-0.9126645353912618,0.019594882494725428,0.9155604479999999,0.772275237888,0.7101159999999994,0.3930560000000007,1.0800480000000015
variable_stiffness,contact_surprise,robust_interval_certificate,certificate,96,0.0087213152402385,0.0,0.0,1.0,-1.099494900223764,0.031699414186068024,0.9155604479999999,0.76907077632,0.6820159999999991,0.44985599999999953,0.9153479999999994
variable_stiffness,contact_surprise,uncertainty_margin_certificate,certificate,96,0.008282319053593038,0.0,0.0,1.0,-1.046061905610337,0.0278543769086448,0.9155604479999999,0.770901897216,0.6892160000000014,0.4278559999999991,0.9621479999999992
variable_stiffness,mild_damping_loss,adaptive_calibrated_certificate,certificate,96,0.007489662320515195,0.0,0.0,1.0,-0.7754919146456046,0.02213768954988458,0.9480420000000002,0.8015695110000003,0.8248799999999988,0.4732800000000006,1.030439999999999
variable_stiffness,mild_damping_loss,aggressive_black_box,open,96,0.005587765552323769,37.15940563203845,47.64026363081851,0.0,-2.5322777503244724,0.09790528170171064,1.419933081150586,1.2651603753051721,1.0,-0.34722263630818534,1.1132400000000013
variable_stiffness,mild_damping_loss,calibrated_black_box,open,96,0.0060925759980881575,14.781703550736786,19.975275068563224,0.4895833333333333,-1.5629579350697382,0.05665480114587664,1.1570384238843796,1.0563760810064386,1.0,0.0005272493143677259,1.0256399999999992
variable_stiffness,mild_damping_loss,energy_loss_only,regularized,96,0.006594211363579203,6.57176729897152,9.38823899853074,1.0,-1.230540349442488,0.04251259438464946,1.0565279299747865,0.9587990964521188,1.0,0.15219761001469265,0.9554399999999995
variable_stiffness,mild_damping_loss,fixed_nominal_certificate,certificate,96,0.0070863248250862656,0.0,0.0,1.0,-0.8621378442316888,0.026063920928334833,0.9480420000000002,0.7996734270000002,0.8184799999999993,0.40007999999999994,0.9620400000000008
variable_stiffness,mild_damping_loss,hamiltonian_predictor,structured,96,0.010890327643458144,3.552749599182278,5.730241289003676,1.0,-1.2449769587055823,0.04502387019239162,1.0191325684084265,0.9136523475781544,1.0,0.21437758710996327,0.8252399999999994
variable_stiffness,mild_damping_loss,mpc_safety_filter,filter,96,0.007301232287186169,0.0,0.0,1.0,-0.8463463054322918,0.02612102417361115,0.9480420000000002,0.8432833590000002,0.8176800000000002,0.4292799999999992,0.9686399999999984
variable_stiffness,mild_damping_loss,oracle_limit_certificate,oracle,96,0.0055753343949605134,0.0,0.0,1.0,-0.708042427379095,0.01844708926925583,0.9480420000000002,0.7849787760000002,0.8309799999999982,0.5960800000000005,1.0805399999999994
variable_stiffness,mild_damping_loss,overconfident_certificate,certificate,96,0.005415562322961027,1.3243604243485825,33.66105185920554,0.0,-2.0181421847250354,0.07468770908898424,1.2855425347126188,0.878668322476075,0.6738357925631777,-0.17353051859205534,1.0940400000000026
variable_stiffness,mild_damping_loss,passivity_filter,filter,96,0.007694211363579205,0.0,0.0,1.0,-1.0112456642236183,0.034932588087147165,0.9480420000000002,0.8342769600000002,0.8021799999999987,0.40358000000000027,0.8258399999999996
variable_stiffness,mild_damping_loss,port_hamiltonian_predictor,structured,96,0.00809303742891407,0.10535421797490169,0.15493267349250245,1.0,-0.9667576289807549,0.032138108349668744,0.9544637317774842,0.8695164596492881,1.0,0.315930673265075,0.8786400000000002
variable_stiffness,mild_damping_loss,residual_learned_certificate,certificate,96,0.006871145153120432,0.0,0.0,1.0,-0.75208929817865,0.020434212557205667,0.9480420000000002,0.7996734270000002,0.8266800000000004,0.4842799999999989,1.0496399999999977
variable_stiffness,mild_damping_loss,robust_interval_certificate,certificate,96,0.00870166834026277,0.0,0.0,1.0,-0.9424884911829152,0.03157978540130735,0.9480420000000002,0.7963552800000002,0.7985800000000008,0.5410800000000008,0.8849400000000002
variable_stiffness,mild_damping_loss,uncertainty_margin_certificate,certificate,96,0.008308302551673497,0.0,0.0,1.0,-0.8870190912408368,0.028291150470202604,0.9480420000000002,0.7982513640000002,0.805779999999999,0.5190800000000005,0.9317400000000008
variable_stiffness,nominal,adaptive_calibrated_certificate,certificate,96,0.006498302349600234,0.0,0.0,1.0,-0.7085884831725955,0.021921764170835963,0.93,0.7863150000000002,0.8695000000000012,0.5082000000000004,1.018799999999999
variable_stiffness,nominal,aggressive_black_box,open,96,0.004530147767334159,17.630445865600276,22.60313572512855,0.0,-1.504316504631804,0.05525005104441034,1.1656612028179323,1.0386041317107777,1.0,-0.06193135725128554,1.1016000000000015
variable_stiffness,nominal,calibrated_black_box,open,96,0.005062684709167699,4.3903152300007955,5.9328584189199915,1.0,-0.9625150418571903,0.03269057962385578,1.003579789496054,0.9162683478098974,1.0,0.1758714158108001,1.0139999999999993
variable_stiffness,nominal,energy_loss_only,regularized,96,0.005617261981007097,0.36425418127076115,0.5203631161010872,1.0,-0.8326144434106512,0.028014899518010606,0.9444246151140553,0.8570653382160053,1.0,0.27579636883898917,0.9437999999999999
variable_stiffness,nominal,fixed_nominal_certificate,certificate,96,0.006117658601891167,0.0,0.0,1.0,-0.7908417238348315,0.026136228642778786,0.93,0.7844550000000001,0.8631000000000015,0.4350000000000001,0.9504000000000009
variable_stiffness,nominal,hamiltonian_predictor,structured,96,0.009362872782366536,0.0,0.0,1.0,-0.9637124861332426,0.03575489070667649,0.93,0.8337450000000001,1.0,0.3065999999999996,0.8135999999999993
variable_stiffness,nominal,mpc_safety_filter,filter,96,0.006295895049728804,0.0,0.0,1.0,-0.785361177922939,0.025755965455910298,0.93,0.827235,0.8623000000000003,0.4642000000000001,0.9569999999999985
variable_stiffness,nominal,oracle_limit_certificate,oracle,96,0.0046355511775960975,0.0,0.0,1.0,-0.6572482947865482,0.01838533988733149,0.93,0.7700400000000001,0.8756000000000007,0.6310000000000001,1.0688999999999995
variable_stiffness,nominal,overconfident_certificate,certificate,96,0.004414126881512934,0.48572992102191753,11.039316386861763,1.0,-1.0672225022215647,0.036303066500443765,1.0514491532275558,0.7186654962310344,0.8089427344525526,0.08760683613138238,1.0824000000000027
variable_stiffness,nominal,passivity_filter,filter,96,0.0067172619810071,0.0,0.0,1.0,-0.9581382440041768,0.035510282220638754,0.93,0.8184,0.8468000000000013,0.43849999999999983,0.8141999999999997
variable_stiffness,nominal,port_hamiltonian_predictor,structured,96,0.007085832787513617,0.0,0.0,1.0,-0.9009832942358859,0.03155870431747685,0.93,0.84723,1.0,0.35239999999999977,0.8670000000000003
variable_stiffness,nominal,residual_learned_certificate,certificate,96,0.005922473116224627,0.0,0.0,1.0,-0.6894837173942591,0.021031323923094366,0.93,0.7844550000000001,0.8713000000000006,0.5191999999999997,1.0379999999999978
variable_stiffness,nominal,robust_interval_certificate,certificate,96,0.007693478673047329,0.0,0.0,1.0,-0.8682600891951942,0.031158335431187355,0.93,0.7812000000000001,0.8432000000000003,0.5760000000000004,0.8733000000000003
variable_stiffness,nominal,uncertainty_margin_certificate,certificate,96,0.007313663221553152,0.0,0.0,1.0,-0.8218898187509139,0.028028395900907912,0.93,0.7830600000000001,0.8503999999999988,0.5540000000000004,0.9201000000000009
variable_stiffness,payload_decrease,adaptive_calibrated_certificate,certificate,96,0.007163585680592439,0.0,0.0,1.0,-0.7576419885585638,0.021344572052917926,0.9434478,0.7976851149,0.836241999999999,0.4821719999999991,1.0274759999999976
variable_stiffness,payload_decrease,aggressive_black_box,open,96,0.005270683949377822,31.332064461093484,40.16931341165835,0.0,-2.223667874814478,0.08474386201982302,1.3468452903006771,1.2000391536579034,1.0,-0.2636211341165835,1.1102759999999992
variable_stiffness,payload_decrease,calibrated_black_box,open,96,0.005780757007483789,11.468748087993035,15.498308227017619,1.0,-1.370766109214908,0.04858315320593376,1.111141907035624,1.0144725611235248,1.0,0.05418891772982382,1.0226760000000006
variable_stiffness,payload_decrease,energy_loss_only,regularized,96,0.006289160040485069,4.575706654480922,6.536723792115603,1.0,-1.1038545243954634,0.03806255741285967,1.0204400580481496,0.9260493526786959,1.0,0.18960476207884402,0.9524760000000004
variable_stiffness,payload_decrease,fixed_nominal_certificate,certificate,96,0.006784142375157874,0.0,0.0,1.0,-0.8380670013965087,0.025688064526880484,0.9434478,0.7957982193,0.8298419999999994,0.4089719999999993,0.9590759999999997
variable_stiffness,payload_decrease,hamiltonian_predictor,structured,96,0.010389499244983584,1.8990698472456407,3.063015882654259,1.0,-1.1297242848027789,0.04102967945776623,0.9881092310494657,0.885839925635846,1.0,0.24994184117345733,0.822276000000001
variable_stiffness,payload_decrease,mpc_safety_filter,filter,96,0.0069591531544904795,0.0,0.0,1.0,-0.830597438599427,0.025992963439257832,0.9434478,0.8391968181,0.8290420000000008,0.4381720000000009,0.965676000000001
variable_stiffness,payload_decrease,oracle_limit_certificate,oracle,96,0.005252789889279602,0.0,0.0,1.0,-0.6973072093889976,0.01864357631710771,0.9434478,0.7811747784,0.8423420000000011,0.6049719999999984,1.0775759999999976
variable_stiffness,payload_decrease,overconfident_certificate,certificate,96,0.005108274757866909,1.0760372205149242,26.549416241831253,0.0,-1.7175425025438755,0.062222072137993634,1.2169328680777929,0.8317736153311714,0.7136443350326748,-0.09352216241831252,1.0910760000000008
variable_stiffness,payload_decrease,passivity_filter,filter,96,0.0073891600404850655,0.0,0.0,1.0,-0.9954381564628397,0.03533012696626315,0.9434478,0.830234064,0.8135419999999987,0.41247200000000045,0.8228759999999994
variable_stiffness,payload_decrease,port_hamiltonian_predictor,structured,96,0.007759641587631556,0.0,0.0,1.0,-0.9420062948288072,0.03211192257318154,0.9434478,0.8594809458,1.0,0.32637199999999944,0.875675999999999
variable_stiffness,payload_decrease,residual_learned_certificate,certificate,96,0.006513929720612227,0.0,0.0,1.0,-0.7346805353912617,0.019594882494725428,0.9434478,0.7957982193,0.8380420000000011,0.4931720000000008,1.0466760000000013
variable_stiffness,payload_decrease,robust_interval_certificate,certificate,96,0.008375715240238502,0.0,0.0,1.0,-0.9215109002237648,0.031699414186068024,0.9434478,0.792496152,0.8099420000000008,0.5499719999999989,0.8819759999999995
variable_stiffness,payload_decrease,uncertainty_margin_certificate,certificate,96,0.00793671905359304,0.0,0.0,1.0,-0.8680779056103374,0.0278543769086448,0.9434478,0.7943830476,0.8171419999999996,0.5279719999999989,0.9287759999999993
variable_stiffness,payload_increase,adaptive_calibrated_certificate,certificate,96,0.007389185680592435,0.0,0.0,1.0,-0.7943779885585639,0.021344572052917926,0.9541242000000001,0.8067120111000002,0.8098379999999993,0.46150800000000003,1.0343639999999976
variable_stiffness,payload_increase,aggressive_black_box,open,96,0.005593549627380468,41.9952063920203,53.8400081948978,0.0,-2.791975170765961,0.10798404315133008,1.4869224296597412,1.3248478848268295,1.0,-0.42099208194897814,1.1171640000000016
variable_stiffness,payload_increase,calibrated_black_box,open,96,0.006006357007483793,16.97386169636064,22.937650941027883,0.0,-1.696773511306483,0.061230035819751207,1.1933931492608763,1.08956794527518,1.0,-0.040868509410278864,1.0295639999999981
variable_stiffness,payload_increase,energy_loss_only,regularized,96,0.0065147600404850655,8.225573779631821,11.750819685188324,1.0,-1.3433354291017021,0.04692652043108325,1.0821078124182082,0.982012839769524,1.0,0.11679980314811693,0.9593639999999986
variable_stiffness,payload_increase,fixed_nominal_certificate,certificate,96,0.00700974237515788,0.0,0.0,1.0,-0.874803001396509,0.025688064526880484,0.9541242000000001,0.8048037627000002,0.803438,0.3883079999999997,0.9659639999999997
variable_stiffness,payload_increase,hamiltonian_predictor,structured,96,0.010885114707500242,4.52411835052538,7.2969650814925435,1.0,-1.3310931654504063,0.04822739309579132,1.0418224654257204,0.9339938402541584,1.0,0.18693834918507457,0.8291640000000005
variable_stiffness,payload_increase,mpc_safety_filter,filter,96,0.007184753154490485,0.0,0.0,1.0,-0.8673334385994268,0.025992963439257832,0.9541242000000001,0.8486934759000001,0.8026380000000013,0.41750800000000016,0.972564000000001
variable_stiffness,payload_increase,oracle_limit_certificate,oracle,96,0.005478389889279601,0.0,0.0,1.0,-0.7340432093889978,0.01864357631710771,0.9541242000000001,0.7900148376000001,0.8159380000000014,0.584308,1.084463999999998
variable_stiffness,payload_increase,overconfident_certificate,certificate,96,0.005427077591107177,1.4889747019421111,39.41756062153499,0.0,-2.2546434286042745,0.08409791758348993,1.3500231240317242,0.9227408052756835,0.63576775751386,-0.24286760621534983,1.0979640000000013
variable_stiffness,payload_increase,passivity_filter,filter,96,0.0076147600404850675,0.0,0.0,1.0,-1.0321741564628408,0.03533012696626315,0.9541242000000001,0.8396292960000001,0.7871379999999991,0.39180799999999993,0.8297639999999986
variable_stiffness,payload_increase,port_hamiltonian_predictor,structured,96,0.007985241587631553,0.37391399307447887,0.5498735192271749,1.0,-1.0001235767504366,0.03304670755586774,0.9680918165242848,0.8819316448536234,1.0,0.30020926480772825,0.8825640000000011
variable_stiffness,payload_increase,residual_learned_certificate,certificate,96,0.006739529720612224,0.0,0.0,1.0,-0.7714165353912615,0.019594882494725428,0.9541242000000001,0.8048037627000002,0.8116380000000009,0.4725079999999997,1.0535639999999986
variable_stiffness,payload_increase,robust_interval_certificate,certificate,96,0.0086013152402385,0.0,0.0,1.0,-0.958246900223764,0.031699414186068024,0.9541242000000001,0.8014643280000001,0.7835379999999992,0.5293080000000002,0.8888639999999991
variable_stiffness,payload_increase,uncertainty_margin_certificate,certificate,96,0.008162319053593043,0.0,0.0,1.0,-0.9048139056103373,0.0278543769086448,0.9541242000000001,0.8033725764000001,0.7907379999999998,0.5073080000000013,0.9356640000000015
variable_stiffness,sensor_noise,adaptive_calibrated_certificate,certificate,96,0.006599387259883935,0.0,0.0,1.0,-0.7641257311468862,0.02204225267551251,0.944787,0.7988174085000002,0.8329300000000001,0.4795799999999992,1.02834
variable_stiffness,sensor_noise,aggressive_black_box,open,96,0.0047957697800114,30.20437088923561,38.723552422096965,0.0,-2.1711119980947564,0.08236904179067946,1.3297026417490103,1.1847650537983683,1.0,-0.2517555242209695,1.111140000000002
variable_stiffness,sensor_noise,calibrated_black_box,open,96,0.005187658733812121,10.334928390857867,13.966119447105228,1.0,-1.314849574295179,0.04606140573319356,1.0939153176615388,0.998744685024985,1.0,0.06691880552894769,1.0235399999999981
variable_stiffness,sensor_noise,energy_loss_only,regularized,96,0.005671321245817949,3.3846319310213784,4.835188472887686,1.0,-1.0448845374378626,0.035497682881472585,1.0064936306453311,0.9133929698106381,1.0,0.2040281152711231,0.9533399999999984
variable_stiffness,sensor_noise,fixed_nominal_certificate,certificate,96,0.006184023189526405,0.0,0.0,1.0,-0.8459020766289996,0.026319885350537617,0.944787,0.7969278345000002,0.82653,0.40637999999999935,0.9599400000000019
variable_stiffness,sensor_noise,hamiltonian_predictor,structured,96,0.009713266569264264,1.1692645280778171,1.8859105291577694,1.0,-1.08413371772312,0.038772181290850256,0.975613746197867,0.8746377234663878,1.0,0.2591208947084223,0.8231399999999996
variable_stiffness,sensor_noise,mpc_safety_filter,filter,96,0.0064134970892170745,0.0,0.0,1.0,-0.8378096156307601,0.025979503932341472,0.944787,0.8403880365000002,0.8257299999999986,0.43558000000000097,0.9665399999999988
variable_stiffness,sensor_noise,oracle_limit_certificate,oracle,96,0.004702430669953391,0.0,0.0,1.0,-0.7077574086186655,0.018733727404318813,0.944787,0.7822836360000001,0.8390299999999993,0.6023799999999985,1.0784400000000003
variable_stiffness,sensor_noise,overconfident_certificate,certificate,96,0.0046270332953053704,0.9956554616256731,24.777410452560044,0.0,-1.6564749046663454,0.05984148311988972,1.201714532722223,0.8213718831156394,0.7174203581897601,-0.07839410452560046,1.0919399999999981
variable_stiffness,sensor_noise,passivity_filter,filter,96,0.006771321245817953,0.0,0.0,1.0,-1.002630668858097,0.03565786247756352,0.944787,0.8314125600000001,0.8102299999999998,0.4098800000000005,0.8237400000000007
variable_stiffness,sensor_noise,port_hamiltonian_predictor,structured,96,0.007214085464544585,0.0,0.0,1.0,-0.9479337327109864,0.03223301073083013,0.944787,0.860700957,1.0,0.3237799999999995,0.8765400000000007
variable_stiffness,sensor_noise,residual_learned_certificate,certificate,96,0.006001620639321632,0.0,0.0,1.0,-0.7353128361165181,0.02063759867880302,0.944787,0.7969278345000002,0.834729999999999,0.49058000000000074,1.0475399999999988
variable_stiffness,sensor_noise,robust_interval_certificate,certificate,96,0.007797263724159926,0.0,0.0,1.0,-0.9289312634981773,0.03154474025090342,0.944787,0.7936210800000001,0.8066299999999988,0.547379999999999,0.8828400000000012
variable_stiffness,sensor_noise,uncertainty_margin_certificate,certificate,96,0.007398080476372502,0.0,0.0,1.0,-0.8676722785516215,0.028020927053728287,0.944787,0.7955106540000001,0.8138300000000003,0.525379999999999,0.9296400000000012
variable_stiffness,severe_damping_loss,adaptive_calibrated_certificate,certificate,96,0.008730985112744656,0.0,0.0,1.0,-0.852635627462721,0.021798864205366895,0.971199,0.8211487545000001,0.7676099999999998,0.42846000000000056,1.0453799999999986
variable_stiffness,severe_damping_loss,aggressive_black_box,open,96,0.006970515143068367,66.16911394972588,84.83219737144347,0.0,-4.057132415823641,0.16106341830485876,1.7947373527822112,1.5991109813289504,1.0,-0.7639619737144346,1.1281800000000002
variable_stiffness,severe_damping_loss,calibrated_black_box,open,96,0.007323380934217343,31.217884586432138,42.186330522205594,0.0,-2.5052961292578764,0.09434544466115441,1.3925832186652074,1.2714284786413343,1.0,-0.26640330522205574,1.0405800000000014
variable_stiffness,severe_damping_loss,energy_loss_only,regularized,96,0.007842613910928662,18.41423529708062,26.306050424400897,0.0,-1.9710325057349232,0.07170326963312919,1.2419415320368132,1.1270619403234081,1.0,-0.06180050424400895,0.9703800000000012
variable_stiffness,severe_damping_loss,fixed_nominal_certificate,certificate,96,0.008337363832145511,0.0,0.0,1.0,-0.9351801125626774,0.026814182292596352,0.971199,0.8192063565000002,0.7612099999999996,0.3552600000000006,0.9769799999999985
variable_stiffness,severe_damping_loss,hamiltonian_predictor,structured,96,0.0128946708253223,12.742460791452045,20.552356115245235,0.2708333333333333,-1.901979625209223,0.0704265852097933,1.1879223963675989,1.0649724283435524,1.0,0.02133643884754761,0.8401799999999994
variable_stiffness,severe_damping_loss,mpc_safety_filter,filter,96,0.008559054029340755,0.0,0.0,1.0,-0.9256089691443594,0.025411336843681884,0.971199,0.8638815105000001,0.7604099999999994,0.38446,0.9835800000000022
variable_stiffness,severe_damping_loss,oracle_limit_certificate,oracle,96,0.0068540558587657716,0.0,0.0,1.0,-0.7972469860831254,0.018663320922983093,0.971199,0.8041527720000001,0.7737099999999999,0.5512599999999993,1.0954799999999985
variable_stiffness,severe_damping_loss,overconfident_certificate,certificate,96,0.006806868457691691,2.31400007416674,69.34788042935563,0.0,-3.478831095177741,0.1361055790225009,1.6487104675490427,1.1268936045697706,0.47381847828257734,-0.5752188042935563,1.1089800000000016
variable_stiffness,severe_damping_loss,passivity_filter,filter,96,0.008942613910928661,0.0,0.0,1.0,-1.0939056410325183,0.035362983911647675,0.971199,0.85465512,0.7449099999999995,0.3587599999999999,0.8407799999999997
variable_stiffness,severe_damping_loss,port_hamiltonian_predictor,structured,96,0.009330921301821343,5.852000532003234,8.605883135298871,1.0,-1.372880437861361,0.04688260136101827,1.0721351629528753,0.9767151334500694,1.0,0.18660116864701118,0.89358
variable_stiffness,severe_damping_loss,residual_learned_certificate,certificate,96,0.008141784678228313,0.0,0.0,1.0,-0.8275419148650426,0.020038680103944412,0.971199,0.8192063565000002,0.7694099999999996,0.43945999999999946,1.064580000000002
variable_stiffness,severe_damping_loss,robust_interval_certificate,certificate,96,0.00993283952525917,0.0,0.0,1.0,-1.0177989583675209,0.03160081736924521,0.971199,0.8158071600000001,0.741309999999999,0.49625999999999965,0.89988
variable_stiffness,severe_damping_loss,uncertainty_margin_certificate,certificate,96,0.0095004843407342,0.0,0.0,1.0,-0.9634792765450088,0.02795834905403104,0.971199,0.8177495580000002,0.7485100000000008,0.4742600000000005,0.9466800000000005
